CDR3a,CDR3a_V,CDR3b,CDR3b_V,Antigens,HLA alleles,Score_EL,Rank_EL,Score_pMHC-TCR
CLVALNYGGSQGNLIF,TRAV4*01,CAISPTEEGGLIFPGNTIYF,TRBV10-3*04,YMDGYMSQV,HLA-A*02:01,0.9055341482162476,0.287,0.34971634
CLVALNYGGSQGNLIF,TRAV4*01,CAISPTEEGGLIFPGNTIYF,TRBV10-3*04,YMDGTPSQV,HLA-A*02:01,0.946548342704773,0.243,0.38445324
CLVALNYGGSQGNLIF,TRAV4*01,CAISPTEEGGLIFPGNTIYF,TRBV10-3*04,YMDCTMSQV,HLA-A*02:01,0.2690483033657074,1.804,0.3233621
CLVALNYGGSQGNLIF,TRAV4*01,CAISPTEEGGLIFPGNTIYF,TRBV10-3*04,YMDGTHSQV,HLA-A*02:01,0.9953584671020508,0.082,0.3666537
CLVALNYGGSQGNLIF,TRAV4*01,CAISPTEEGGLIFPGNTIYF,TRBV10-3*04,YMDGTTSQV,HLA-A*02:01,0.9646482467651367,0.222,0.38292304
CLVALNYGGSQGNLIF,TRAV4*01,CAISPTEEGGLIFPGNTIYF,TRBV10-3*04,NMDGTMSQV,HLA-A*02:01,0.199175626039505,2.527,0.34009632
CLVALNYGGSQGNLIF,TRAV4*01,CAISPTEEGGLIFPGNTIYF,TRBV10-3*04,YMDGTKSQV,HLA-A*02:01,0.7972221374511719,0.374,0.39088708
CLVALNYGGSQGNLIF,TRAV4*01,CAISPTEEGGLIFPGNTIYF,TRBV10-3*04,EMDGTMSQV,HLA-A*02:01,0.055385857820510864,5.221,0.3558568
CLVALNYGGSQGNLIF,TRAV4*01,CAISPTEEGGLIFPGNTIYF,TRBV10-3*04,YMDGTMSVV,HLA-A*02:01,0.3216542601585388,1.605,0.30992386
CLVALNYGGSQGNLIF,TRAV4*01,CAISPTEEGGLIFPGNTIYF,TRBV10-3*04,YMFGTMSQV,HLA-A*02:01,0.9354822039604187,0.256,0.3299536
CLVALNYGGSQGNLIF,TRAV4*01,CAISPTEEGGLIFPGNTIYF,TRBV10-3*04,YMIGTMSQV,HLA-A*02:01,0.9843560457229614,0.165,0.3264428
CLVALNYGGSQGNLIF,TRAV4*01,CAISPTEEGGLIFPGNTIYF,TRBV10-3*04,YMDGWMSQV,HLA-A*02:01,0.5631499886512756,0.821,0.36238113
CLVALNYGGSQGNLIF,TRAV4*01,CAISPTEEGGLIFPGNTIYF,TRBV10-3*04,YMDGTMMQV,HLA-A*02:01,0.962986946105957,0.224,0.31569928
CLVALNYGGSQGNLIF,TRAV4*01,CAISPTEEGGLIFPGNTIYF,TRBV10-3*04,YMDLTMSQV,HLA-A*02:01,0.497184693813324,0.957,0.33124614
CLVALNYGGSQGNLIF,TRAV4*01,CAISPTEEGGLIFPGNTIYF,TRBV10-3*04,YMDGAMSQV,HLA-A*02:01,0.8583450317382812,0.314,0.36552298
CLVALNYGGSQGNLIF,TRAV4*01,CAISPTEEGGLIFPGNTIYF,TRBV10-3*04,YMDGPMSQV,HLA-A*02:01,0.785706639289856,0.416,0.34222698
CLVALNYGGSQGNLIF,TRAV4*01,CAISPTEEGGLIFPGNTIYF,TRBV10-3*04,YMDDTMSQV,HLA-A*02:01,0.9919031262397766,0.123,0.3459281
CLVALNYGGSQGNLIF,TRAV4*01,CAISPTEEGGLIFPGNTIYF,TRBV10-3*04,YMDSTMSQV,HLA-A*02:01,0.9754090309143066,0.199,0.348541
CLVALNYGGSQGNLIF,TRAV4*01,CAISPTEEGGLIFPGNTIYF,TRBV10-3*04,YMMGTMSQV,HLA-A*02:01,0.7557045817375183,0.465,0.31930977
CLVALNYGGSQGNLIF,TRAV4*01,CAISPTEEGGLIFPGNTIYF,TRBV10-3*04,YMDITMSQV,HLA-A*02:01,0.6933594942092896,0.556,0.3080511
CLVALNYGGSQGNLIF,TRAV4*01,CAISPTEEGGLIFPGNTIYF,TRBV10-3*04,YMHGTMSQV,HLA-A*02:01,0.7661117911338806,0.452,0.32204324
CLVALNYGGSQGNLIF,TRAV4*01,CAISPTEEGGLIFPGNTIYF,TRBV10-3*04,YMDGHMSQV,HLA-A*02:01,0.9950965642929077,0.084,0.34797305
CLVALNYGGSQGNLIF,TRAV4*01,CAISPTEEGGLIFPGNTIYF,TRBV10-3*04,LMDGTMSQV,HLA-A*02:01,0.6185120344161987,0.653,0.38903219
CLVALNYGGSQGNLIF,TRAV4*01,CAISPTEEGGLIFPGNTIYF,TRBV10-3*04,YMDGTMSDV,HLA-A*02:01,0.04591117054224014,5.45,0.33586112
CLVALNYGGSQGNLIF,TRAV4*01,CAISPTEEGGLIFPGNTIYF,TRBV10-3*04,YMDGTMSQV,HLA-A*02:01,0.939234733581543,0.252,0.3515745
CLVALNYGGSQGNLIF,TRAV4*01,CAISPTEEGGLIFPGNTIYF,TRBV10-3*04,YMDGTISQV,HLA-A*02:01,0.9930618405342102,0.11,0.37016767
CLVALNYGGSQGNLIF,TRAV4*01,CAISPTEEGGLIFPGNTIYF,TRBV10-3*04,AMDGTMSQV,HLA-A*02:01,0.5391004681587219,0.88,0.39452356
CLVALNYGGSQGNLIF,TRAV4*01,CAISPTEEGGLIFPGNTIYF,TRBV10-3*04,YMWGTMSQV,HLA-A*02:01,0.9122251272201538,0.281,0.31970742
CLVALNYGGSQGNLIF,TRAV4*01,CAISPTEEGGLIFPGNTIYF,TRBV10-3*04,SMDGTMSQV,HLA-A*02:01,0.436117947101593,1.087,0.36960763
CLVALNYGGSQGNLIF,TRAV4*01,CAISPTEEGGLIFPGNTIYF,TRBV10-3*04,YMDGTMAQV,HLA-A*02:01,0.9226783514022827,0.27,0.3399299
CLVALNYGGSQGNLIF,TRAV4*01,CAISPTEEGGLIFPGNTIYF,TRBV10-3*04,YMDGTGSQV,HLA-A*02:01,0.8205119371414185,0.344,0.37510923
CLVALNYGGSQGNLIF,TRAV4*01,CAISPTEEGGLIFPGNTIYF,TRBV10-3*04,YMDHTMSQV,HLA-A*02:01,0.9961654543876648,0.071,0.32361767
CLVALNYGGSQGNLIF,TRAV4*01,CAISPTEEGGLIFPGNTIYF,TRBV10-3*04,YMDGTMSSV,HLA-A*02:01,0.6470404267311096,0.597,0.3307763
CLVALNYGGSQGNLIF,TRAV4*01,CAISPTEEGGLIFPGNTIYF,TRBV10-3*04,YMKGTMSQV,HLA-A*02:01,0.1972556710243225,2.668,0.36199182
CLVALNYGGSQGNLIF,TRAV4*01,CAISPTEEGGLIFPGNTIYF,TRBV10-3*04,TMDGTMSQV,HLA-A*02:01,0.2598358988761902,1.835,0.33353403
CLVALNYGGSQGNLIF,TRAV4*01,CAISPTEEGGLIFPGNTIYF,TRBV10-3*04,YMDGFMSQV,HLA-A*02:01,0.9367788434028625,0.255,0.3683165
CLVALNYGGSQGNLIF,TRAV4*01,CAISPTEEGGLIFPGNTIYF,TRBV10-3*04,RMDGTMSQV,HLA-A*02:01,0.9468713998794556,0.243,0.3846471
CLVALNYGGSQGNLIF,TRAV4*01,CAISPTEEGGLIFPGNTIYF,TRBV10-3*04,YMDGTMCQV,HLA-A*02:01,0.42813795804977417,1.104,0.3253191
CLVALNYGGSQGNLIF,TRAV4*01,CAISPTEEGGLIFPGNTIYF,TRBV10-3*04,YMDGTMPQV,HLA-A*02:01,0.9928890466690063,0.112,0.33183247
CLVALNYGGSQGNLIF,TRAV4*01,CAISPTEEGGLIFPGNTIYF,TRBV10-3*04,YMDGTMSCV,HLA-A*02:01,0.060689520090818405,5.111,0.3165549
CLVALNYGGSQGNLIF,TRAV4*01,CAISPTEEGGLIFPGNTIYF,TRBV10-3*04,YMDGTFSQV,HLA-A*02:01,0.9692628979682922,0.212,0.37286335
CLVALNYGGSQGNLIF,TRAV4*01,CAISPTEEGGLIFPGNTIYF,TRBV10-3*04,YMDGSMSQV,HLA-A*02:01,0.8037638664245605,0.363,0.3663354
CLVALNYGGSQGNLIF,TRAV4*01,CAISPTEEGGLIFPGNTIYF,TRBV10-3*04,VMDGTMSQV,HLA-A*02:01,0.5421215891838074,0.871,0.34711233
CLVALNYGGSQGNLIF,TRAV4*01,CAISPTEEGGLIFPGNTIYF,TRBV10-3*04,YMDRTMSQV,HLA-A*02:01,0.9934676289558411,0.106,0.34954157
CLVALNYGGSQGNLIF,TRAV4*01,CAISPTEEGGLIFPGNTIYF,TRBV10-3*04,YMDGLMSQV,HLA-A*02:01,0.6616351008415222,0.582,0.37787807
CLVALNYGGSQGNLIF,TRAV4*01,CAISPTEEGGLIFPGNTIYF,TRBV10-3*04,YMDGTMEQV,HLA-A*02:01,0.8362285494804382,0.329,0.36035794
CLVALNYGGSQGNLIF,TRAV4*01,CAISPTEEGGLIFPGNTIYF,TRBV10-3*04,YMDGTMFQV,HLA-A*02:01,0.9224966764450073,0.27,0.32642052
CLVALNYGGSQGNLIF,TRAV4*01,CAISPTEEGGLIFPGNTIYF,TRBV10-3*04,YMDGTMTQV,HLA-A*02:01,0.9935054779052734,0.106,0.32703972
CLVALNYGGSQGNLIF,TRAV4*01,CAISPTEEGGLIFPGNTIYF,TRBV10-3*04,YMGGTMSQV,HLA-A*02:01,0.20883336663246155,2.203,0.35893044
CLVALNYGGSQGNLIF,TRAV4*01,CAISPTEEGGLIFPGNTIYF,TRBV10-3*04,YMDGTMKQV,HLA-A*02:01,0.9615518450737,0.225,0.37514207
CLVALNYGGSQGNLIF,TRAV4*01,CAISPTEEGGLIFPGNTIYF,TRBV10-3*04,YMDWTMSQV,HLA-A*02:01,0.7553908824920654,0.466,0.3359917
CLVALNYGGSQGNLIF,TRAV4*01,CAISPTEEGGLIFPGNTIYF,TRBV10-3*04,YMDGTNSQV,HLA-A*02:01,0.8970628976821899,0.296,0.38960543
CLVALNYGGSQGNLIF,TRAV4*01,CAISPTEEGGLIFPGNTIYF,TRBV10-3*04,YMSGTMSQV,HLA-A*02:01,0.5663952231407166,0.81,0.35402125
CLVALNYGGSQGNLIF,TRAV4*01,CAISPTEEGGLIFPGNTIYF,TRBV10-3*04,YMDQTMSQV,HLA-A*02:01,0.9921191334724426,0.121,0.35419765
CLVALNYGGSQGNLIF,TRAV4*01,CAISPTEEGGLIFPGNTIYF,TRBV10-3*04,YMDGTYSQV,HLA-A*02:01,0.7746973037719727,0.44,0.36335674
CLVALNYGGSQGNLIF,TRAV4*01,CAISPTEEGGLIFPGNTIYF,TRBV10-3*04,CMDGTMSQV,HLA-A*02:01,7.35573237875542e-08,39.07,0.35749134
CLVALNYGGSQGNLIF,TRAV4*01,CAISPTEEGGLIFPGNTIYF,TRBV10-3*04,YMDGTMSGV,HLA-A*02:01,0.35225728154182434,1.476,0.33062083
CLVALNYGGSQGNLIF,TRAV4*01,CAISPTEEGGLIFPGNTIYF,TRBV10-3*04,PMDGTMSQV,HLA-A*02:01,1.915277380248881e-06,26.354,0.37817222
CLVALNYGGSQGNLIF,TRAV4*01,CAISPTEEGGLIFPGNTIYF,TRBV10-3*04,YMLGTMSQV,HLA-A*02:01,0.7730844616889954,0.443,0.3347081
CLVALNYGGSQGNLIF,TRAV4*01,CAISPTEEGGLIFPGNTIYF,TRBV10-3*04,YMDGNMSQV,HLA-A*02:01,0.9270550012588501,0.268,0.3692729
CLVALNYGGSQGNLIF,TRAV4*01,CAISPTEEGGLIFPGNTIYF,TRBV10-3*04,YMDGTMRQV,HLA-A*02:01,0.9921597242355347,0.121,0.35356683
CLVALNYGGSQGNLIF,TRAV4*01,CAISPTEEGGLIFPGNTIYF,TRBV10-3*04,DMDGTMSQV,HLA-A*02:01,3.672464572446188e-06,24.12,0.34831873
CLVALNYGGSQGNLIF,TRAV4*01,CAISPTEEGGLIFPGNTIYF,TRBV10-3*04,YMDGTMSRV,HLA-A*02:01,0.9728412628173828,0.204,0.33519542
CLVALNYGGSQGNLIF,TRAV4*01,CAISPTEEGGLIFPGNTIYF,TRBV10-3*04,YMRGTMSQV,HLA-A*02:01,0.08729376643896103,4.627,0.3587854
CLVALNYGGSQGNLIF,TRAV4*01,CAISPTEEGGLIFPGNTIYF,TRBV10-3*04,YMNGTMSQV,HLA-A*02:01,0.8068031072616577,0.361,0.3567132
CLVALNYGGSQGNLIF,TRAV4*01,CAISPTEEGGLIFPGNTIYF,TRBV10-3*04,YMDGTMGQV,HLA-A*02:01,0.15297189354896545,3.705,0.34044698
CLVALNYGGSQGNLIF,TRAV4*01,CAISPTEEGGLIFPGNTIYF,TRBV10-3*04,YMDGTMHQV,HLA-A*02:01,0.9989179372787476,0.012,0.32830638
CLVALNYGGSQGNLIF,TRAV4*01,CAISPTEEGGLIFPGNTIYF,TRBV10-3*04,YMDVTMSQV,HLA-A*02:01,0.7623845338821411,0.454,0.31801873
CLVALNYGGSQGNLIF,TRAV4*01,CAISPTEEGGLIFPGNTIYF,TRBV10-3*04,HMDGTMSQV,HLA-A*02:01,0.3833357095718384,1.321,0.36285183
CLVALNYGGSQGNLIF,TRAV4*01,CAISPTEEGGLIFPGNTIYF,TRBV10-3*04,YMDGTASQV,HLA-A*02:01,0.6067144274711609,0.679,0.38418794
CLVALNYGGSQGNLIF,TRAV4*01,CAISPTEEGGLIFPGNTIYF,TRBV10-3*04,QMDGTMSQV,HLA-A*02:01,0.3182166516780853,1.614,0.37131214
CLVALNYGGSQGNLIF,TRAV4*01,CAISPTEEGGLIFPGNTIYF,TRBV10-3*04,YMDGTCSQV,HLA-A*02:01,0.43238145112991333,1.095,0.36512104
CLVALNYGGSQGNLIF,TRAV4*01,CAISPTEEGGLIFPGNTIYF,TRBV10-3*04,YMDGTQSQV,HLA-A*02:01,0.9913061857223511,0.129,0.3938641
CLVALNYGGSQGNLIF,TRAV4*01,CAISPTEEGGLIFPGNTIYF,TRBV10-3*04,YMDGTMSNV,HLA-A*02:01,0.9874978065490723,0.15,0.3595233
CLVALNYGGSQGNLIF,TRAV4*01,CAISPTEEGGLIFPGNTIYF,TRBV10-3*04,YMEGTMSQV,HLA-A*02:01,0.18584242463111877,3.068,0.350008
CLVALNYGGSQGNLIF,TRAV4*01,CAISPTEEGGLIFPGNTIYF,TRBV10-3*04,YMDGTMNQV,HLA-A*02:01,0.7752400636672974,0.44,0.3610072
CLVALNYGGSQGNLIF,TRAV4*01,CAISPTEEGGLIFPGNTIYF,TRBV10-3*04,YMDGTMSIV,HLA-A*02:01,0.12321072816848755,4.114,0.31430668
CLVALNYGGSQGNLIF,TRAV4*01,CAISPTEEGGLIFPGNTIYF,TRBV10-3*04,YMDGTMSHV,HLA-A*02:01,0.9933972358703613,0.106,0.32213497
CLVALNYGGSQGNLIF,TRAV4*01,CAISPTEEGGLIFPGNTIYF,TRBV10-3*04,YMDGTESQV,HLA-A*02:01,0.8868517875671387,0.302,0.3967561
CLVALNYGGSQGNLIF,TRAV4*01,CAISPTEEGGLIFPGNTIYF,TRBV10-3*04,YMDGTMYQV,HLA-A*02:01,0.9900586009025574,0.135,0.31510204
CLVALNYGGSQGNLIF,TRAV4*01,CAISPTEEGGLIFPGNTIYF,TRBV10-3*04,YMDGTMSPV,HLA-A*02:01,0.0002616881101857871,12.957,0.31722173
CLVALNYGGSQGNLIF,TRAV4*01,CAISPTEEGGLIFPGNTIYF,TRBV10-3*04,YMDGTMLQV,HLA-A*02:01,0.9913524389266968,0.129,0.33202276
CLVALNYGGSQGNLIF,TRAV4*01,CAISPTEEGGLIFPGNTIYF,TRBV10-3*04,YMDGTMQQV,HLA-A*02:01,0.9718791842460632,0.208,0.36545318
CLVALNYGGSQGNLIF,TRAV4*01,CAISPTEEGGLIFPGNTIYF,TRBV10-3*04,YMDGDMSQV,HLA-A*02:01,0.829404354095459,0.337,0.36789185
CLVALNYGGSQGNLIF,TRAV4*01,CAISPTEEGGLIFPGNTIYF,TRBV10-3*04,YMDTTMSQV,HLA-A*02:01,0.986949622631073,0.153,0.32374159
CLVALNYGGSQGNLIF,TRAV4*01,CAISPTEEGGLIFPGNTIYF,TRBV10-3*04,YMQGTMSQV,HLA-A*02:01,0.3337486684322357,1.556,0.3589217
CLVALNYGGSQGNLIF,TRAV4*01,CAISPTEEGGLIFPGNTIYF,TRBV10-3*04,YMDYTMSQV,HLA-A*02:01,0.7866169810295105,0.416,0.32985657
CLVALNYGGSQGNLIF,TRAV4*01,CAISPTEEGGLIFPGNTIYF,TRBV10-3*04,YMDGIMSQV,HLA-A*02:01,0.9825789332389832,0.169,0.36260176
CLVALNYGGSQGNLIF,TRAV4*01,CAISPTEEGGLIFPGNTIYF,TRBV10-3*04,FMDGTMSQV,HLA-A*02:01,0.8421015739440918,0.323,0.36892042
CLVALNYGGSQGNLIF,TRAV4*01,CAISPTEEGGLIFPGNTIYF,TRBV10-3*04,YMDETMSQV,HLA-A*02:01,0.997439980506897,0.045,0.36464578
CLVALNYGGSQGNLIF,TRAV4*01,CAISPTEEGGLIFPGNTIYF,TRBV10-3*04,YMDATMSQV,HLA-A*02:01,0.8695275187492371,0.308,0.34642896
CLVALNYGGSQGNLIF,TRAV4*01,CAISPTEEGGLIFPGNTIYF,TRBV10-3*04,YMDGTMSLV,HLA-A*02:01,0.4532504081726074,1.059,0.32389882
CLVALNYGGSQGNLIF,TRAV4*01,CAISPTEEGGLIFPGNTIYF,TRBV10-3*04,YMAGTMSQV,HLA-A*02:01,0.7880064249038696,0.411,0.3391994
CLVALNYGGSQGNLIF,TRAV4*01,CAISPTEEGGLIFPGNTIYF,TRBV10-3*04,YMDGTMIQV,HLA-A*02:01,0.9883365631103516,0.146,0.32050592
CLVALNYGGSQGNLIF,TRAV4*01,CAISPTEEGGLIFPGNTIYF,TRBV10-3*04,YMDNTMSQV,HLA-A*02:01,0.9732867479324341,0.202,0.34601063
CLVALNYGGSQGNLIF,TRAV4*01,CAISPTEEGGLIFPGNTIYF,TRBV10-3*04,YMCGTMSQV,HLA-A*02:01,0.002175731584429741,9.288,0.31884366
CLVALNYGGSQGNLIF,TRAV4*01,CAISPTEEGGLIFPGNTIYF,TRBV10-3*04,KMDGTMSQV,HLA-A*02:01,0.9635040163993835,0.223,0.3665785
CLVALNYGGSQGNLIF,TRAV4*01,CAISPTEEGGLIFPGNTIYF,TRBV10-3*04,YMDGMMSQV,HLA-A*02:01,0.39516931772232056,1.242,0.33159763
CLVALNYGGSQGNLIF,TRAV4*01,CAISPTEEGGLIFPGNTIYF,TRBV10-3*04,YMDGTMSKV,HLA-A*02:01,0.9845012426376343,0.165,0.36961502
CLVALNYGGSQGNLIF,TRAV4*01,CAISPTEEGGLIFPGNTIYF,TRBV10-3*04,YMDGTMSWV,HLA-A*02:01,0.19398783147335052,2.815,0.32358888
CLVALNYGGSQGNLIF,TRAV4*01,CAISPTEEGGLIFPGNTIYF,TRBV10-3*04,YMDGTMSAV,HLA-A*02:01,0.18583163619041443,3.068,0.3233407
CLVALNYGGSQGNLIF,TRAV4*01,CAISPTEEGGLIFPGNTIYF,TRBV10-3*04,YMDGRMSQV,HLA-A*02:01,0.7786898016929626,0.433,0.3788151
CLVALNYGGSQGNLIF,TRAV4*01,CAISPTEEGGLIFPGNTIYF,TRBV10-3*04,YMDGTMSTV,HLA-A*02:01,0.9660232663154602,0.221,0.31632116
CLVALNYGGSQGNLIF,TRAV4*01,CAISPTEEGGLIFPGNTIYF,TRBV10-3*04,YMTGTMSQV,HLA-A*02:01,0.4540325999259949,1.056,0.3497398
CLVALNYGGSQGNLIF,TRAV4*01,CAISPTEEGGLIFPGNTIYF,TRBV10-3*04,YMDFTMSQV,HLA-A*02:01,0.6272948980331421,0.631,0.32616863
CLVALNYGGSQGNLIF,TRAV4*01,CAISPTEEGGLIFPGNTIYF,TRBV10-3*04,GMDGTMSQV,HLA-A*02:01,0.2335793673992157,1.996,0.36724767
CLVALNYGGSQGNLIF,TRAV4*01,CAISPTEEGGLIFPGNTIYF,TRBV10-3*04,YMYGTMSQV,HLA-A*02:01,0.783659040927887,0.421,0.31481823
CLVALNYGGSQGNLIF,TRAV4*01,CAISPTEEGGLIFPGNTIYF,TRBV10-3*04,YMDGEMSQV,HLA-A*02:01,0.6570584774017334,0.586,0.3820245
CLVALNYGGSQGNLIF,TRAV4*01,CAISPTEEGGLIFPGNTIYF,TRBV10-3*04,YMDGQMSQV,HLA-A*02:01,0.6335200071334839,0.619,0.3819025
CLVALNYGGSQGNLIF,TRAV4*01,CAISPTEEGGLIFPGNTIYF,TRBV10-3*04,YMDGTMSEV,HLA-A*02:01,0.9202138781547546,0.272,0.34998626
CLVALNYGGSQGNLIF,TRAV4*01,CAISPTEEGGLIFPGNTIYF,TRBV10-3*04,YMDKTMSQV,HLA-A*02:01,0.9978249669075012,0.038,0.36052948
CLVALNYGGSQGNLIF,TRAV4*01,CAISPTEEGGLIFPGNTIYF,TRBV10-3*04,YMDGTMVQV,HLA-A*02:01,0.9928078651428223,0.112,0.32329577
CLVALNYGGSQGNLIF,TRAV4*01,CAISPTEEGGLIFPGNTIYF,TRBV10-3*04,YMDGKMSQV,HLA-A*02:01,0.9856933355331421,0.16,0.3838854
CLVALNYGGSQGNLIF,TRAV4*01,CAISPTEEGGLIFPGNTIYF,TRBV10-3*04,YMDGTLSQV,HLA-A*02:01,0.9760127067565918,0.198,0.38719255
CLVALNYGGSQGNLIF,TRAV4*01,CAISPTEEGGLIFPGNTIYF,TRBV10-3*04,YMDGTMSMV,HLA-A*02:01,0.4990534782409668,0.953,0.30783308
CLVALNYGGSQGNLIF,TRAV4*01,CAISPTEEGGLIFPGNTIYF,TRBV10-3*04,YMDGVMSQV,HLA-A*02:01,0.8507312536239624,0.321,0.36404198
CLVALNYGGSQGNLIF,TRAV4*01,CAISPTEEGGLIFPGNTIYF,TRBV10-3*04,YMDGTMDQV,HLA-A*02:01,0.27111703157424927,1.798,0.3629297
CLVALNYGGSQGNLIF,TRAV4*01,CAISPTEEGGLIFPGNTIYF,TRBV10-3*04,YMDGTRSQV,HLA-A*02:01,0.7720738649368286,0.445,0.3825299
CLVALNYGGSQGNLIF,TRAV4*01,CAISPTEEGGLIFPGNTIYF,TRBV10-3*04,WMDGTMSQV,HLA-A*02:01,0.2268257588148117,2.037,0.35369492
CLVALNYGGSQGNLIF,TRAV4*01,CAISPTEEGGLIFPGNTIYF,TRBV10-3*04,YMVGTMSQV,HLA-A*02:01,0.7735377550125122,0.443,0.3435733
CLVALNYGGSQGNLIF,TRAV4*01,CAISPTEEGGLIFPGNTIYF,TRBV10-3*04,YMDGGMSQV,HLA-A*02:01,0.7581979632377625,0.461,0.34194478
CLVALNYGGSQGNLIF,TRAV4*01,CAISPTEEGGLIFPGNTIYF,TRBV10-3*04,IMDGTMSQV,HLA-A*02:01,0.687004566192627,0.559,0.33241436
CLVALNYGGSQGNLIF,TRAV4*01,CAISPTEEGGLIFPGNTIYF,TRBV10-3*04,YMDGTDSQV,HLA-A*02:01,0.5146276354789734,0.921,0.39004427
CLVALNYGGSQGNLIF,TRAV4*01,CAISPTEEGGLIFPGNTIYF,TRBV10-3*04,YMDGTVSQV,HLA-A*02:01,0.9934705495834351,0.106,0.37066
CLVALNYGGSQGNLIF,TRAV4*01,CAISPTEEGGLIFPGNTIYF,TRBV10-3*04,YMDPTMSQV,HLA-A*02:01,0.9970033764839172,0.056,0.32273465
CLVALNYGGSQGNLIF,TRAV4*01,CAISPTEEGGLIFPGNTIYF,TRBV10-3*04,YMDGTMSFV,HLA-A*02:01,0.22327153384685516,2.06,0.325607
CLVALNYGGSQGNLIF,TRAV4*01,CAISPTEEGGLIFPGNTIYF,TRBV10-3*04,YMDGTWSQV,HLA-A*02:01,0.4321969151496887,1.095,0.37129214
CLVALNYGGSQGNLIF,TRAV4*01,CAISPTEEGGLIFPGNTIYF,TRBV10-3*04,YMDMTMSQV,HLA-A*02:01,0.4107414186000824,1.164,0.3047009
CLVALNYGGSQGNLIF,TRAV4*01,CAISPTEEGGLIFPGNTIYF,TRBV10-3*04,YMDGTMWQV,HLA-A*02:01,0.9794856905937195,0.187,0.32630995
CLVALNYGGSQGNLIF,TRAV4*01,CAISPTEEGGLIFPGNTIYF,TRBV10-3*04,MMDGTMSQV,HLA-A*02:01,0.27867498993873596,1.763,0.31945783
CLVALNYGGSQGNLIF,TRAV4*01,CAISPTEEGGLIFPGNTIYF,TRBV10-3*04,YMDGTSSQV,HLA-A*02:01,0.7853944897651672,0.418,0.3865803
CLVALNYGGSQGNLIF,TRAV4*01,CAISPTEEGGLIFPGNTIYF,TRBV10-3*04,YMPGTMSQV,HLA-A*02:01,0.6355412602424622,0.616,0.32635212
CLVALNYGGSQGNLIF,TRAV4*01,CAISPTEEGGLIFPGNTIYF,TRBV10-3*04,YMDGTMSYV,HLA-A*02:01,0.5412865877151489,0.872,0.31321493
CLVALNYGGSQGNLIF,TRAV4*01,CAISPTEEGGLIFPGNTIYF,TRBV10-3*04,YMDGCMSQV,HLA-A*02:01,0.4622812867164612,1.039,0.34889865
