CDR3a,CDR3a_V,CDR3b,CDR3b_V,Antigens,HLA alleles,Score_EL,Rank_EL,Score_pMHC-TCR
CAVRPGGAGSYQLTF,TRAV21*01,CASSPNMADEQYF,TRBV5-1*01,CVDPIGHLY,HLA-A*01:01,0.9987279772758484,0.016,0.28322235
CAVRPGGAGSYQLTF,TRAV21*01,CASSPNMADEQYF,TRBV5-1*01,EVDVIGHLY,HLA-A*01:01,0.9997995495796204,0.003,0.24611285
CAVRPGGAGSYQLTF,TRAV21*01,CASSPNMADEQYF,TRBV5-1*01,EVDPIHHLY,HLA-A*01:01,0.9997662305831909,0.003,0.24229196
CAVRPGGAGSYQLTF,TRAV21*01,CASSPNMADEQYF,TRBV5-1*01,EVDLIGHLY,HLA-A*01:01,0.9997729063034058,0.003,0.2688857
CAVRPGGAGSYQLTF,TRAV21*01,CASSPNMADEQYF,TRBV5-1*01,NVDPIGHLY,HLA-A*01:01,0.9999122619628906,0.0,0.26948413
CAVRPGGAGSYQLTF,TRAV21*01,CASSPNMADEQYF,TRBV5-1*01,EVSPIGHLY,HLA-A*01:01,0.9976566433906555,0.037,0.27299613
CAVRPGGAGSYQLTF,TRAV21*01,CASSPNMADEQYF,TRBV5-1*01,EVDPIGALY,HLA-A*01:01,0.9996299743652344,0.004,0.36803988
CAVRPGGAGSYQLTF,TRAV21*01,CASSPNMADEQYF,TRBV5-1*01,EVDIIGHLY,HLA-A*01:01,0.9998024106025696,0.003,0.22632971
CAVRPGGAGSYQLTF,TRAV21*01,CASSPNMADEQYF,TRBV5-1*01,EVDPIGGLY,HLA-A*01:01,0.9994796514511108,0.006,0.3444423
CAVRPGGAGSYQLTF,TRAV21*01,CASSPNMADEQYF,TRBV5-1*01,EVDPIWHLY,HLA-A*01:01,0.9994832277297974,0.006,0.24384746
CAVRPGGAGSYQLTF,TRAV21*01,CASSPNMADEQYF,TRBV5-1*01,EVDPIKHLY,HLA-A*01:01,0.999672532081604,0.004,0.24798837
CAVRPGGAGSYQLTF,TRAV21*01,CASSPNMADEQYF,TRBV5-1*01,EMDPIGHLY,HLA-A*01:01,0.9996575117111206,0.004,0.24351797
CAVRPGGAGSYQLTF,TRAV21*01,CASSPNMADEQYF,TRBV5-1*01,EVDPIGHWY,HLA-A*01:01,0.9993606805801392,0.007,0.26196375
CAVRPGGAGSYQLTF,TRAV21*01,CASSPNMADEQYF,TRBV5-1*01,EVPPIGHLY,HLA-A*01:01,0.8423861265182495,0.195,0.27440435
CAVRPGGAGSYQLTF,TRAV21*01,CASSPNMADEQYF,TRBV5-1*01,EVDPIGHLF,HLA-A*01:01,0.998326301574707,0.026,0.2816735
CAVRPGGAGSYQLTF,TRAV21*01,CASSPNMADEQYF,TRBV5-1*01,SVDPIGHLY,HLA-A*01:01,0.9999362230300903,0.0,0.28570995
CAVRPGGAGSYQLTF,TRAV21*01,CASSPNMADEQYF,TRBV5-1*01,EVDPIGHLG,HLA-A*01:01,0.15680274367332458,2.438,0.37732413
CAVRPGGAGSYQLTF,TRAV21*01,CASSPNMADEQYF,TRBV5-1*01,EVDPIDHLY,HLA-A*01:01,0.9995540380477905,0.006,0.25306687
CAVRPGGAGSYQLTF,TRAV21*01,CASSPNMADEQYF,TRBV5-1*01,EVDPIGHSY,HLA-A*01:01,0.9997251629829407,0.004,0.28562394
CAVRPGGAGSYQLTF,TRAV21*01,CASSPNMADEQYF,TRBV5-1*01,EVDPIGHLK,HLA-A*01:01,0.8777338266372681,0.177,0.41902176
CAVRPGGAGSYQLTF,TRAV21*01,CASSPNMADEQYF,TRBV5-1*01,VVDPIGHLY,HLA-A*01:01,0.9999316930770874,0.0,0.2622499
CAVRPGGAGSYQLTF,TRAV21*01,CASSPNMADEQYF,TRBV5-1*01,EPDPIGHLY,HLA-A*01:01,0.8451889157295227,0.195,0.30194777
CAVRPGGAGSYQLTF,TRAV21*01,CASSPNMADEQYF,TRBV5-1*01,MVDPIGHLY,HLA-A*01:01,0.9999336004257202,0.0,0.22545919
CAVRPGGAGSYQLTF,TRAV21*01,CASSPNMADEQYF,TRBV5-1*01,EKDPIGHLY,HLA-A*01:01,0.5858234167098999,0.509,0.2790434
CAVRPGGAGSYQLTF,TRAV21*01,CASSPNMADEQYF,TRBV5-1*01,EVDPIYHLY,HLA-A*01:01,0.9998151659965515,0.003,0.23096132
CAVRPGGAGSYQLTF,TRAV21*01,CASSPNMADEQYF,TRBV5-1*01,EGDPIGHLY,HLA-A*01:01,0.9989097714424133,0.015,0.32678002
CAVRPGGAGSYQLTF,TRAV21*01,CASSPNMADEQYF,TRBV5-1*01,EVDPIGHFY,HLA-A*01:01,0.999803900718689,0.003,0.25727278
CAVRPGGAGSYQLTF,TRAV21*01,CASSPNMADEQYF,TRBV5-1*01,TVDPIGHLY,HLA-A*01:01,0.9999335408210754,0.0,0.28079832
CAVRPGGAGSYQLTF,TRAV21*01,CASSPNMADEQYF,TRBV5-1*01,EVDPWGHLY,HLA-A*01:01,0.999834418296814,0.003,0.27173638
CAVRPGGAGSYQLTF,TRAV21*01,CASSPNMADEQYF,TRBV5-1*01,EVDPIGHEY,HLA-A*01:01,0.9997602701187134,0.004,0.28557366
CAVRPGGAGSYQLTF,TRAV21*01,CASSPNMADEQYF,TRBV5-1*01,EVDPIGTLY,HLA-A*01:01,0.9993234872817993,0.01,0.31138453
CAVRPGGAGSYQLTF,TRAV21*01,CASSPNMADEQYF,TRBV5-1*01,GVDPIGHLY,HLA-A*01:01,0.9997806549072266,0.003,0.2962624
CAVRPGGAGSYQLTF,TRAV21*01,CASSPNMADEQYF,TRBV5-1*01,EVDPICHLY,HLA-A*01:01,0.9994379281997681,0.007,0.25350112
CAVRPGGAGSYQLTF,TRAV21*01,CASSPNMADEQYF,TRBV5-1*01,EVTPIGHLY,HLA-A*01:01,0.9947065114974976,0.061,0.25182804
CAVRPGGAGSYQLTF,TRAV21*01,CASSPNMADEQYF,TRBV5-1*01,EVDPIGHVY,HLA-A*01:01,0.9995738863945007,0.005,0.25364578
CAVRPGGAGSYQLTF,TRAV21*01,CASSPNMADEQYF,TRBV5-1*01,EYDPIGHLY,HLA-A*01:01,0.8263672590255737,0.199,0.24001412
CAVRPGGAGSYQLTF,TRAV21*01,CASSPNMADEQYF,TRBV5-1*01,EVDPTGHLY,HLA-A*01:01,0.999830424785614,0.003,0.319207
CAVRPGGAGSYQLTF,TRAV21*01,CASSPNMADEQYF,TRBV5-1*01,EVVPIGHLY,HLA-A*01:01,0.8780387043952942,0.177,0.24347124
CAVRPGGAGSYQLTF,TRAV21*01,CASSPNMADEQYF,TRBV5-1*01,EVDGIGHLY,HLA-A*01:01,0.9995473623275757,0.006,0.29558513
CAVRPGGAGSYQLTF,TRAV21*01,CASSPNMADEQYF,TRBV5-1*01,EVDMIGHLY,HLA-A*01:01,0.9997217059135437,0.004,0.24405584
CAVRPGGAGSYQLTF,TRAV21*01,CASSPNMADEQYF,TRBV5-1*01,EVDPIGHLI,HLA-A*01:01,0.9780009388923645,0.104,0.30425423
CAVRPGGAGSYQLTF,TRAV21*01,CASSPNMADEQYF,TRBV5-1*01,EVDNIGHLY,HLA-A*01:01,0.9997251629829407,0.004,0.2722662
CAVRPGGAGSYQLTF,TRAV21*01,CASSPNMADEQYF,TRBV5-1*01,RVDPIGHLY,HLA-A*01:01,0.9999162554740906,0.0,0.3106721
CAVRPGGAGSYQLTF,TRAV21*01,CASSPNMADEQYF,TRBV5-1*01,EVDPIVHLY,HLA-A*01:01,0.9998510479927063,0.003,0.23161611
CAVRPGGAGSYQLTF,TRAV21*01,CASSPNMADEQYF,TRBV5-1*01,EVDPIGHLD,HLA-A*01:01,0.5350630283355713,0.6,0.39320487
CAVRPGGAGSYQLTF,TRAV21*01,CASSPNMADEQYF,TRBV5-1*01,EVDTIGHLY,HLA-A*01:01,0.9998236894607544,0.003,0.26964486
CAVRPGGAGSYQLTF,TRAV21*01,CASSPNMADEQYF,TRBV5-1*01,EVDPIGMLY,HLA-A*01:01,0.9996055364608765,0.005,0.2585667
CAVRPGGAGSYQLTF,TRAV21*01,CASSPNMADEQYF,TRBV5-1*01,EVDPIGNLY,HLA-A*01:01,0.9995173215866089,0.006,0.2993073
CAVRPGGAGSYQLTF,TRAV21*01,CASSPNMADEQYF,TRBV5-1*01,EADPIGHLY,HLA-A*01:01,0.999829888343811,0.003,0.32436395
CAVRPGGAGSYQLTF,TRAV21*01,CASSPNMADEQYF,TRBV5-1*01,EEDPIGHLY,HLA-A*01:01,0.9890217781066895,0.084,0.2931695
CAVRPGGAGSYQLTF,TRAV21*01,CASSPNMADEQYF,TRBV5-1*01,EDDPIGHLY,HLA-A*01:01,0.9902219772338867,0.08,0.29538387
CAVRPGGAGSYQLTF,TRAV21*01,CASSPNMADEQYF,TRBV5-1*01,EVDPIGFLY,HLA-A*01:01,0.999773383140564,0.003,0.2547403
CAVRPGGAGSYQLTF,TRAV21*01,CASSPNMADEQYF,TRBV5-1*01,EVMPIGHLY,HLA-A*01:01,0.9913428425788879,0.075,0.22595282
CAVRPGGAGSYQLTF,TRAV21*01,CASSPNMADEQYF,TRBV5-1*01,EVDPIFHLY,HLA-A*01:01,0.9997994303703308,0.003,0.23355708
CAVRPGGAGSYQLTF,TRAV21*01,CASSPNMADEQYF,TRBV5-1*01,EVDPINHLY,HLA-A*01:01,0.9999088048934937,0.0,0.253581
CAVRPGGAGSYQLTF,TRAV21*01,CASSPNMADEQYF,TRBV5-1*01,EVDPIGHLQ,HLA-A*01:01,0.6302865147590637,0.423,0.40631908
CAVRPGGAGSYQLTF,TRAV21*01,CASSPNMADEQYF,TRBV5-1*01,EVDPIQHLY,HLA-A*01:01,0.9997889399528503,0.003,0.25638127
CAVRPGGAGSYQLTF,TRAV21*01,CASSPNMADEQYF,TRBV5-1*01,EVDSIGHLY,HLA-A*01:01,0.999759316444397,0.004,0.27804208
CAVRPGGAGSYQLTF,TRAV21*01,CASSPNMADEQYF,TRBV5-1*01,EVDPIGRLY,HLA-A*01:01,0.9991637468338013,0.011,0.32064825
CAVRPGGAGSYQLTF,TRAV21*01,CASSPNMADEQYF,TRBV5-1*01,ESDPIGHLY,HLA-A*01:01,0.9999557733535767,0.0,0.2855548
CAVRPGGAGSYQLTF,TRAV21*01,CASSPNMADEQYF,TRBV5-1*01,ETDPIGHLY,HLA-A*01:01,0.9999745488166809,0.0,0.29165602
CAVRPGGAGSYQLTF,TRAV21*01,CASSPNMADEQYF,TRBV5-1*01,EVDPIGWLY,HLA-A*01:01,0.9995723962783813,0.005,0.26273093
CAVRPGGAGSYQLTF,TRAV21*01,CASSPNMADEQYF,TRBV5-1*01,FVDPIGHLY,HLA-A*01:01,0.9999648332595825,0.0,0.25238758
CAVRPGGAGSYQLTF,TRAV21*01,CASSPNMADEQYF,TRBV5-1*01,EVDPYGHLY,HLA-A*01:01,0.9997912645339966,0.003,0.25880414
CAVRPGGAGSYQLTF,TRAV21*01,CASSPNMADEQYF,TRBV5-1*01,EVDPFGHLY,HLA-A*01:01,0.9997372627258301,0.004,0.2626527
CAVRPGGAGSYQLTF,TRAV21*01,CASSPNMADEQYF,TRBV5-1*01,EVNPIGHLY,HLA-A*01:01,0.9978033304214478,0.035,0.26095042
CAVRPGGAGSYQLTF,TRAV21*01,CASSPNMADEQYF,TRBV5-1*01,EVDPIGHLS,HLA-A*01:01,0.6848975419998169,0.376,0.3998841
CAVRPGGAGSYQLTF,TRAV21*01,CASSPNMADEQYF,TRBV5-1*01,EQDPIGHLY,HLA-A*01:01,0.9982045888900757,0.028,0.28574884
CAVRPGGAGSYQLTF,TRAV21*01,CASSPNMADEQYF,TRBV5-1*01,EVDPIGHHY,HLA-A*01:01,0.9998100399971008,0.003,0.2619235
CAVRPGGAGSYQLTF,TRAV21*01,CASSPNMADEQYF,TRBV5-1*01,EVDPIGHLP,HLA-A*01:01,0.20601622760295868,1.534,0.3701504
CAVRPGGAGSYQLTF,TRAV21*01,CASSPNMADEQYF,TRBV5-1*01,EVDPIGHYY,HLA-A*01:01,0.9998235702514648,0.003,0.2453763
CAVRPGGAGSYQLTF,TRAV21*01,CASSPNMADEQYF,TRBV5-1*01,ELDPIGHLY,HLA-A*01:01,0.9996999502182007,0.004,0.2784266
CAVRPGGAGSYQLTF,TRAV21*01,CASSPNMADEQYF,TRBV5-1*01,PVDPIGHLY,HLA-A*01:01,0.99952232837677,0.006,0.2918233
CAVRPGGAGSYQLTF,TRAV21*01,CASSPNMADEQYF,TRBV5-1*01,EVDPITHLY,HLA-A*01:01,0.9998582601547241,0.003,0.24944425
CAVRPGGAGSYQLTF,TRAV21*01,CASSPNMADEQYF,TRBV5-1*01,EVDRIGHLY,HLA-A*01:01,0.9994601011276245,0.006,0.30675894
CAVRPGGAGSYQLTF,TRAV21*01,CASSPNMADEQYF,TRBV5-1*01,EVFPIGHLY,HLA-A*01:01,0.9606214761734009,0.125,0.23733313
CAVRPGGAGSYQLTF,TRAV21*01,CASSPNMADEQYF,TRBV5-1*01,EVHPIGHLY,HLA-A*01:01,0.5949693918228149,0.485,0.236173
CAVRPGGAGSYQLTF,TRAV21*01,CASSPNMADEQYF,TRBV5-1*01,EVDPIGHMY,HLA-A*01:01,0.9997230768203735,0.004,0.25278997
CAVRPGGAGSYQLTF,TRAV21*01,CASSPNMADEQYF,TRBV5-1*01,YVDPIGHLY,HLA-A*01:01,0.9999687075614929,0.0,0.24552211
CAVRPGGAGSYQLTF,TRAV21*01,CASSPNMADEQYF,TRBV5-1*01,ERDPIGHLY,HLA-A*01:01,0.2760283052921295,1.265,0.29412922
CAVRPGGAGSYQLTF,TRAV21*01,CASSPNMADEQYF,TRBV5-1*01,EVDPIGELY,HLA-A*01:01,0.9997326135635376,0.004,0.32401547
CAVRPGGAGSYQLTF,TRAV21*01,CASSPNMADEQYF,TRBV5-1*01,EVDPIGHLW,HLA-A*01:01,0.9941788911819458,0.064,0.29776835
CAVRPGGAGSYQLTF,TRAV21*01,CASSPNMADEQYF,TRBV5-1*01,EVRPIGHLY,HLA-A*01:01,0.5485035181045532,0.579,0.27355987
CAVRPGGAGSYQLTF,TRAV21*01,CASSPNMADEQYF,TRBV5-1*01,EVEPIGHLY,HLA-A*01:01,0.9992326498031616,0.01,0.28332558
CAVRPGGAGSYQLTF,TRAV21*01,CASSPNMADEQYF,TRBV5-1*01,EVDPIGHNY,HLA-A*01:01,0.9997376203536987,0.004,0.2707059
CAVRPGGAGSYQLTF,TRAV21*01,CASSPNMADEQYF,TRBV5-1*01,IVDPIGHLY,HLA-A*01:01,0.9999362826347351,0.0,0.23467419
CAVRPGGAGSYQLTF,TRAV21*01,CASSPNMADEQYF,TRBV5-1*01,EVGPIGHLY,HLA-A*01:01,0.9940736889839172,0.065,0.27239737
CAVRPGGAGSYQLTF,TRAV21*01,CASSPNMADEQYF,TRBV5-1*01,EVDPISHLY,HLA-A*01:01,0.9998252987861633,0.003,0.2645843
CAVRPGGAGSYQLTF,TRAV21*01,CASSPNMADEQYF,TRBV5-1*01,EVDPLGHLY,HLA-A*01:01,0.999734103679657,0.004,0.30848283
CAVRPGGAGSYQLTF,TRAV21*01,CASSPNMADEQYF,TRBV5-1*01,EWDPIGHLY,HLA-A*01:01,0.9984013438224792,0.026,0.2622218
CAVRPGGAGSYQLTF,TRAV21*01,CASSPNMADEQYF,TRBV5-1*01,EVDPIGDLY,HLA-A*01:01,0.9994574785232544,0.006,0.32747585
CAVRPGGAGSYQLTF,TRAV21*01,CASSPNMADEQYF,TRBV5-1*01,EVDQIGHLY,HLA-A*01:01,0.9997214078903198,0.004,0.2951585
CAVRPGGAGSYQLTF,TRAV21*01,CASSPNMADEQYF,TRBV5-1*01,EVDPCGHLY,HLA-A*01:01,0.9993458986282349,0.007,0.30478838
CAVRPGGAGSYQLTF,TRAV21*01,CASSPNMADEQYF,TRBV5-1*01,LVDPIGHLY,HLA-A*01:01,0.999908447265625,0.0,0.27029055
CAVRPGGAGSYQLTF,TRAV21*01,CASSPNMADEQYF,TRBV5-1*01,EVDCIGHLY,HLA-A*01:01,0.9980529546737671,0.031,0.257458
CAVRPGGAGSYQLTF,TRAV21*01,CASSPNMADEQYF,TRBV5-1*01,EVDPIGHKY,HLA-A*01:01,0.9998265504837036,0.003,0.2965099
CAVRPGGAGSYQLTF,TRAV21*01,CASSPNMADEQYF,TRBV5-1*01,EVDPIGYLY,HLA-A*01:01,0.9996770024299622,0.004,0.246932
CAVRPGGAGSYQLTF,TRAV21*01,CASSPNMADEQYF,TRBV5-1*01,EVDPIGHPY,HLA-A*01:01,0.9961463809013367,0.051,0.28495657
CAVRPGGAGSYQLTF,TRAV21*01,CASSPNMADEQYF,TRBV5-1*01,EVDPHGHLY,HLA-A*01:01,0.9999116659164429,0.0,0.30428085
CAVRPGGAGSYQLTF,TRAV21*01,CASSPNMADEQYF,TRBV5-1*01,EVDPNGHLY,HLA-A*01:01,0.9999205470085144,0.0,0.31080955
CAVRPGGAGSYQLTF,TRAV21*01,CASSPNMADEQYF,TRBV5-1*01,EVDKIGHLY,HLA-A*01:01,0.999343752861023,0.007,0.30339336
CAVRPGGAGSYQLTF,TRAV21*01,CASSPNMADEQYF,TRBV5-1*01,EVDPIGHAY,HLA-A*01:01,0.9997040033340454,0.004,0.2832987
CAVRPGGAGSYQLTF,TRAV21*01,CASSPNMADEQYF,TRBV5-1*01,EHDPIGHLY,HLA-A*01:01,0.5684221982955933,0.547,0.25765646
CAVRPGGAGSYQLTF,TRAV21*01,CASSPNMADEQYF,TRBV5-1*01,EVDPIAHLY,HLA-A*01:01,0.9998218417167664,0.003,0.26656714
CAVRPGGAGSYQLTF,TRAV21*01,CASSPNMADEQYF,TRBV5-1*01,AVDPIGHLY,HLA-A*01:01,0.9999098777770996,0.0,0.30057254
CAVRPGGAGSYQLTF,TRAV21*01,CASSPNMADEQYF,TRBV5-1*01,EIDPIGHLY,HLA-A*01:01,0.9997889399528503,0.003,0.24748234
CAVRPGGAGSYQLTF,TRAV21*01,CASSPNMADEQYF,TRBV5-1*01,EVDPIGHLE,HLA-A*01:01,0.5884796977043152,0.504,0.42070255
CAVRPGGAGSYQLTF,TRAV21*01,CASSPNMADEQYF,TRBV5-1*01,EVDPILHLY,HLA-A*01:01,0.9997938871383667,0.003,0.24246803
CAVRPGGAGSYQLTF,TRAV21*01,CASSPNMADEQYF,TRBV5-1*01,EVYPIGHLY,HLA-A*01:01,0.8116844296455383,0.207,0.23046789
CAVRPGGAGSYQLTF,TRAV21*01,CASSPNMADEQYF,TRBV5-1*01,EVKPIGHLY,HLA-A*01:01,0.5528808832168579,0.572,0.27533364
CAVRPGGAGSYQLTF,TRAV21*01,CASSPNMADEQYF,TRBV5-1*01,EVDPIGHTY,HLA-A*01:01,0.9996887445449829,0.004,0.27149898
CAVRPGGAGSYQLTF,TRAV21*01,CASSPNMADEQYF,TRBV5-1*01,EVDPVGHLY,HLA-A*01:01,0.9998636245727539,0.003,0.3177885
CAVRPGGAGSYQLTF,TRAV21*01,CASSPNMADEQYF,TRBV5-1*01,EVDPIEHLY,HLA-A*01:01,0.9997280836105347,0.004,0.25105792
CAVRPGGAGSYQLTF,TRAV21*01,CASSPNMADEQYF,TRBV5-1*01,EVLPIGHLY,HLA-A*01:01,0.9710180163383484,0.117,0.25675073
CAVRPGGAGSYQLTF,TRAV21*01,CASSPNMADEQYF,TRBV5-1*01,EVDPIGHLR,HLA-A*01:01,0.5935596227645874,0.491,0.3373422
CAVRPGGAGSYQLTF,TRAV21*01,CASSPNMADEQYF,TRBV5-1*01,EVDPIGHGY,HLA-A*01:01,0.9995282292366028,0.006,0.27405924
CAVRPGGAGSYQLTF,TRAV21*01,CASSPNMADEQYF,TRBV5-1*01,QVDPIGHLY,HLA-A*01:01,0.9999315142631531,0.0,0.28778076
CAVRPGGAGSYQLTF,TRAV21*01,CASSPNMADEQYF,TRBV5-1*01,EVDPIGSLY,HLA-A*01:01,0.9994112253189087,0.007,0.3074284
CAVRPGGAGSYQLTF,TRAV21*01,CASSPNMADEQYF,TRBV5-1*01,EVDEIGHLY,HLA-A*01:01,0.9997976422309875,0.003,0.29123867
CAVRPGGAGSYQLTF,TRAV21*01,CASSPNMADEQYF,TRBV5-1*01,EVDPIGQLY,HLA-A*01:01,0.9997130632400513,0.004,0.32214752
CAVRPGGAGSYQLTF,TRAV21*01,CASSPNMADEQYF,TRBV5-1*01,EVAPIGHLY,HLA-A*01:01,0.9981182217597961,0.028,0.277829
CAVRPGGAGSYQLTF,TRAV21*01,CASSPNMADEQYF,TRBV5-1*01,HVDPIGHLY,HLA-A*01:01,0.999894917011261,0.001,0.2726182
CAVRPGGAGSYQLTF,TRAV21*01,CASSPNMADEQYF,TRBV5-1*01,EVDPIIHLY,HLA-A*01:01,0.9998437166213989,0.003,0.22107306
CAVRPGGAGSYQLTF,TRAV21*01,CASSPNMADEQYF,TRBV5-1*01,EVDPIGHLA,HLA-A*01:01,0.4688189923763275,0.7,0.37306365
CAVRPGGAGSYQLTF,TRAV21*01,CASSPNMADEQYF,TRBV5-1*01,EVDPIGHLC,HLA-A*01:01,0.15103133022785187,2.499,0.33182082
CAVRPGGAGSYQLTF,TRAV21*01,CASSPNMADEQYF,TRBV5-1*01,EVDHIGHLY,HLA-A*01:01,0.9997564554214478,0.004,0.24281773
CAVRPGGAGSYQLTF,TRAV21*01,CASSPNMADEQYF,TRBV5-1*01,EVDPIGKLY,HLA-A*01:01,0.9990383386611938,0.011,0.33014944
CAVRPGGAGSYQLTF,TRAV21*01,CASSPNMADEQYF,TRBV5-1*01,WVDPIGHLY,HLA-A*01:01,0.9998340606689453,0.003,0.26210994
CAVRPGGAGSYQLTF,TRAV21*01,CASSPNMADEQYF,TRBV5-1*01,EVDFIGHLY,HLA-A*01:01,0.9998051524162292,0.003,0.24564695
CAVRPGGAGSYQLTF,TRAV21*01,CASSPNMADEQYF,TRBV5-1*01,EVDYIGHLY,HLA-A*01:01,0.9997895956039429,0.003,0.23837781
CAVRPGGAGSYQLTF,TRAV21*01,CASSPNMADEQYF,TRBV5-1*01,EVDPGGHLY,HLA-A*01:01,0.9998797178268433,0.002,0.3551234
CAVRPGGAGSYQLTF,TRAV21*01,CASSPNMADEQYF,TRBV5-1*01,EVDWIGHLY,HLA-A*01:01,0.9995988011360168,0.005,0.25121823
CAVRPGGAGSYQLTF,TRAV21*01,CASSPNMADEQYF,TRBV5-1*01,EVDPIGPLY,HLA-A*01:01,0.9987908601760864,0.016,0.3273505
CAVRPGGAGSYQLTF,TRAV21*01,CASSPNMADEQYF,TRBV5-1*01,EVDPIGHLV,HLA-A*01:01,0.9887521862983704,0.084,0.3348797
CAVRPGGAGSYQLTF,TRAV21*01,CASSPNMADEQYF,TRBV5-1*01,EVWPIGHLY,HLA-A*01:01,0.9641130566596985,0.12,0.24250793
CAVRPGGAGSYQLTF,TRAV21*01,CASSPNMADEQYF,TRBV5-1*01,EVDPPGHLY,HLA-A*01:01,0.9996730089187622,0.004,0.33472466
CAVRPGGAGSYQLTF,TRAV21*01,CASSPNMADEQYF,TRBV5-1*01,EVDPIGHLY,HLA-A*01:01,0.9998703002929688,0.002,0.28437316
CAVRPGGAGSYQLTF,TRAV21*01,CASSPNMADEQYF,TRBV5-1*01,EVDPIGILY,HLA-A*01:01,0.9993740916252136,0.007,0.23633096
CAVRPGGAGSYQLTF,TRAV21*01,CASSPNMADEQYF,TRBV5-1*01,EVIPIGHLY,HLA-A*01:01,0.85979163646698,0.186,0.22462869
CAVRPGGAGSYQLTF,TRAV21*01,CASSPNMADEQYF,TRBV5-1*01,EFDPIGHLY,HLA-A*01:01,0.9983810186386108,0.026,0.24921279
CAVRPGGAGSYQLTF,TRAV21*01,CASSPNMADEQYF,TRBV5-1*01,ECDPIGHLY,HLA-A*01:01,0.9993966221809387,0.007,0.2766109
CAVRPGGAGSYQLTF,TRAV21*01,CASSPNMADEQYF,TRBV5-1*01,EVDDIGHLY,HLA-A*01:01,0.9997308850288391,0.004,0.27779448
CAVRPGGAGSYQLTF,TRAV21*01,CASSPNMADEQYF,TRBV5-1*01,EVDPIGHDY,HLA-A*01:01,0.9995445013046265,0.006,0.27980095
CAVRPGGAGSYQLTF,TRAV21*01,CASSPNMADEQYF,TRBV5-1*01,EVDPIRHLY,HLA-A*01:01,0.9996024370193481,0.005,0.24993077
CAVRPGGAGSYQLTF,TRAV21*01,CASSPNMADEQYF,TRBV5-1*01,EVDPIGHCY,HLA-A*01:01,0.9984029531478882,0.026,0.2643348
CAVRPGGAGSYQLTF,TRAV21*01,CASSPNMADEQYF,TRBV5-1*01,EVDPIGHLL,HLA-A*01:01,0.9794939160346985,0.103,0.35856885
CAVRPGGAGSYQLTF,TRAV21*01,CASSPNMADEQYF,TRBV5-1*01,EVDPIGHQY,HLA-A*01:01,0.9998447299003601,0.003,0.28258103
CAVRPGGAGSYQLTF,TRAV21*01,CASSPNMADEQYF,TRBV5-1*01,KVDPIGHLY,HLA-A*01:01,0.9999175071716309,0.0,0.2820353
CAVRPGGAGSYQLTF,TRAV21*01,CASSPNMADEQYF,TRBV5-1*01,EVQPIGHLY,HLA-A*01:01,0.7990840077400208,0.221,0.2755107
CAVRPGGAGSYQLTF,TRAV21*01,CASSPNMADEQYF,TRBV5-1*01,EVDPEGHLY,HLA-A*01:01,0.9999138116836548,0.0,0.3373052
CAVRPGGAGSYQLTF,TRAV21*01,CASSPNMADEQYF,TRBV5-1*01,EVDPIGHRY,HLA-A*01:01,0.9998669624328613,0.003,0.27807787
CAVRPGGAGSYQLTF,TRAV21*01,CASSPNMADEQYF,TRBV5-1*01,EVDPIGHLH,HLA-A*01:01,0.5948938131332397,0.485,0.3349339
CAVRPGGAGSYQLTF,TRAV21*01,CASSPNMADEQYF,TRBV5-1*01,EVDPIMHLY,HLA-A*01:01,0.9997751116752625,0.003,0.22715536
CAVRPGGAGSYQLTF,TRAV21*01,CASSPNMADEQYF,TRBV5-1*01,EVDPIGHLT,HLA-A*01:01,0.6186057925224304,0.438,0.36949974
CAVRPGGAGSYQLTF,TRAV21*01,CASSPNMADEQYF,TRBV5-1*01,EVDPIGHLN,HLA-A*01:01,0.38819620013237,0.943,0.36575234
CAVRPGGAGSYQLTF,TRAV21*01,CASSPNMADEQYF,TRBV5-1*01,EVDPIGVLY,HLA-A*01:01,0.9993440508842468,0.007,0.25718707
CAVRPGGAGSYQLTF,TRAV21*01,CASSPNMADEQYF,TRBV5-1*01,EVDPIGHIY,HLA-A*01:01,0.9994534254074097,0.006,0.2473804
CAVRPGGAGSYQLTF,TRAV21*01,CASSPNMADEQYF,TRBV5-1*01,DVDPIGHLY,HLA-A*01:01,0.9997138977050781,0.004,0.2911983
CAVRPGGAGSYQLTF,TRAV21*01,CASSPNMADEQYF,TRBV5-1*01,EVDPIPHLY,HLA-A*01:01,0.9996479153633118,0.004,0.25786486
CAVRPGGAGSYQLTF,TRAV21*01,CASSPNMADEQYF,TRBV5-1*01,ENDPIGHLY,HLA-A*01:01,0.9955301284790039,0.055,0.27862042
CAVRPGGAGSYQLTF,TRAV21*01,CASSPNMADEQYF,TRBV5-1*01,EVDPMGHLY,HLA-A*01:01,0.999747097492218,0.004,0.27856192
CAVRPGGAGSYQLTF,TRAV21*01,CASSPNMADEQYF,TRBV5-1*01,EVDPIGLLY,HLA-A*01:01,0.9997655749320984,0.003,0.26704925
CAVRPGGAGSYQLTF,TRAV21*01,CASSPNMADEQYF,TRBV5-1*01,EVDPSGHLY,HLA-A*01:01,0.9998285174369812,0.003,0.31110764
CAVRPGGAGSYQLTF,TRAV21*01,CASSPNMADEQYF,TRBV5-1*01,EVDPIGHLM,HLA-A*01:01,0.9851552844047546,0.093,0.33289975
CAVRPGGAGSYQLTF,TRAV21*01,CASSPNMADEQYF,TRBV5-1*01,EVDPIGCLY,HLA-A*01:01,0.9975003004074097,0.037,0.28199697
CAVRPGGAGSYQLTF,TRAV21*01,CASSPNMADEQYF,TRBV5-1*01,EVDPAGHLY,HLA-A*01:01,0.9997571706771851,0.004,0.35842803
CAVRPGGAGSYQLTF,TRAV21*01,CASSPNMADEQYF,TRBV5-1*01,EVDPDGHLY,HLA-A*01:01,0.9999459981918335,0.0,0.34400508
CAVRPGGAGSYQLTF,TRAV21*01,CASSPNMADEQYF,TRBV5-1*01,EVDPRGHLY,HLA-A*01:01,0.9997245669364929,0.004,0.34810996
CAVRPGGAGSYQLTF,TRAV21*01,CASSPNMADEQYF,TRBV5-1*01,EVDAIGHLY,HLA-A*01:01,0.9996042251586914,0.005,0.32947788
CAVRPGGAGSYQLTF,TRAV21*01,CASSPNMADEQYF,TRBV5-1*01,EVCPIGHLY,HLA-A*01:01,0.9922285079956055,0.07,0.26936436
CAVRPGGAGSYQLTF,TRAV21*01,CASSPNMADEQYF,TRBV5-1*01,EVDPKGHLY,HLA-A*01:01,0.9998248815536499,0.003,0.33641526
CAVRPGGAGSYQLTF,TRAV21*01,CASSPNMADEQYF,TRBV5-1*01,EVDPQGHLY,HLA-A*01:01,0.999891459941864,0.001,0.3258781
