peptide	0.01	1	100
N1D	0.036000000000000004	0.2235897435897436	0.9244712990936556
N1I	0.268	0.5917948717948718	0.6606243705941591
N1P	0.28300000000000003	0.4748717948717948	0.8892245720040282
N1Q	0.546	0.837948717948718	0.9424920127795526
N1T	0.1	0.4564102564102564	0.5448136958710977
N1V	0.897	0.9784615384615385	0.972809667673716
N1N	0.977	1.0	1.0
N1A	N/A	N/A	0.007049345417925478
N1C	N/A	N/A	0.33333333333333337
N1E	N/A	N/A	0.047331319234642504
N1F	N/A	N/A	0.006042296072507553
N1G	N/A	N/A	0.011077542799597181
N1H	N/A	N/A	0.00906344410876133
N1K	N/A	N/A	0.02920443101711984
N1L	N/A	N/A	0.09466263846928501
N1M	N/A	N/A	0.06747230614300101
N1R	N/A	N/A	0.04531722054380665
N1S	N/A	N/A	0.11782477341389727
N1W	N/A	N/A	0.010070493454179255
N1Y	N/A	N/A	0.006042296072507553
L2A	0.13	0.30974358974358973	0.9284994964753274
L2C	0.305	0.4748717948717948	0.9456193353474321
L2D	0.013999999999999999	0.08205128205128205	0.676737160120846
L2E	0.011000000000000001	0.18564102564102566	0.850956696878147
L2F	0.045	0.1517948717948718	0.9486404833836859
L2G	0.015	0.10358974358974359	0.6958710976837865
L2H	0.013999999999999999	0.03282051282051282	0.7250755287009064
L2I	0.812	0.8543589743589743	0.9829605963791267
L2K	0.018000000000000002	0.14358974358974358	0.8670694864048338
L2M	0.96	0.9979487179487179	0.9939577039274925
L2N	0.018000000000000002	0.08102564102564103	0.6515609264853979
L2P	0.192	0.18153846153846154	0.9345417925478349
L2Q	0.573	0.642051282051282	0.959718026183283
L2R	0.011000000000000001	0.023589743589743587	0.5669687814702921
L2S	0.085	0.2328205128205128	0.9476334340382678
L2T	0.382	0.42153846153846153	0.9627391742195367
L2V	0.633	0.6143589743589744	0.973816717019134
L2W	0.018000000000000002	0.06871794871794872	0.7613293051359517
L2Y	0.017	0.04923076923076923	0.6424974823766364
L2L	0.977	1.0	1.0
V3A	0.11900000000000001	0.4676923076923077	0.7784877529286474
V3C	0.851	0.958974358974359	0.9808660624370595
V3E	0.183	0.38461538461538464	0.9365558912386707
V3I	0.978	1.0092307692307694	0.9979859013091641
V3K	0.32899999999999996	0.4697435897435897	0.9113796576032226
V3L	0.99	0.9897435897435898	0.9989929506545822
V3M	0.976	1.008205128205128	0.9979859013091641
V3P	0.29	0.5938461538461538	0.8308157099697886
V3Q	0.958	1.0061538461538462	0.9989929506545822
V3R	0.136	0.33128205128205124	0.6132930513595166
V3T	0.7040000000000001	0.8738461538461538	0.9647532729103726
V3W	0.045	0.15282051282051282	0.7452165156092648
V3V	0.977	1.0	1.0
V3D	N/A	N/A	0.005035246727089627
V3F	N/A	N/A	0.012084592145015106
V3G	N/A	N/A	0.015105740181268883
V3H	N/A	N/A	0.012084592145015106
V3N	N/A	N/A	0.04632426988922457
V3S	N/A	N/A	0.3585095669687815
V3Y	N/A	N/A	0.00906344410876133
P4A	0.672	0.8707692307692309	0.9315206445115811
P4C	0.562	0.7261538461538461	0.9909365558912387
P4D	0.445	0.6297435897435897	0.9446122860020141
P4E	0.017	0.07384615384615385	0.7814702920443102
P4G	0.973	0.9897435897435898	0.9808306709265174
P4H	0.018000000000000002	0.13230769230769232	0.4491440080563948
P4I	0.016	0.15487179487179487	0.770392749244713
P4K	0.02	0.17743589743589744	0.5800604229607251
P4M	0.5770000000000001	0.7353846153846154	0.9274924471299093
P4R	0.017	0.03076923076923077	0.6807653575025175
P4S	0.759	0.9005128205128204	0.9405840886203425
P4Y	0.018000000000000002	0.09743589743589744	0.49244712990936557
P4P	0.977	1.0	1.0
P4F	N/A	N/A	0.00906344410876133
P4L	N/A	N/A	0.051359516616314195
P4N	N/A	N/A	0.22860020140986909
P4Q	N/A	N/A	0.04229607250755287
P4T	N/A	N/A	0.08862034239677745
P4V	N/A	N/A	0.06042296072507553
P4W	N/A	N/A	0.32628398791540786
M5C	0.254	0.40820512820512816	0.9154078549848943
M5N	0.017	0.035897435897435895	0.4521651560926485
M5M	0.977	1.0	1.0
M5A	N/A	N/A	0.035246727089627394
M5D	N/A	N/A	0.050352467270896276
M5E	N/A	N/A	0.09969788519637462
M5F	N/A	N/A	0.05337361530715005
M5G	N/A	N/A	0.06646525679758308
M5H	N/A	N/A	0.006042296072507553
M5K	N/A	N/A	0.08157099697885196
M5L	N/A	N/A	0.12084592145015106
M5P	N/A	N/A	0.10473313192346426
M5Q	N/A	N/A	0.11278952668680765
M5R	N/A	N/A	0.09566968781470292
M5S	N/A	N/A	0.032225579053373615
M5T	N/A	N/A	0.008056394763343404
M5V	N/A	N/A	0.28197381671701915
M5W	N/A	N/A	0.05236656596173213
M5Y	N/A	N/A	0.337361530715005
M5I	N/A	N/A	0.057827476038338654
V6A	0.171	0.3641025641025641	0.9062832800851969
V6C	0.757	0.8276923076923077	0.9909365558912387
V6G	0.012	0.055384615384615386	0.5891238670694864
V6I	0.981	0.9774358974358974	1.001007049345418
V6K	0.013000000000000001	0.09435897435897435	0.6002014098690837
V6L	0.96	0.962051282051282	0.9909365558912387
V6M	0.912	0.9723076923076923	0.9949647532729103
V6Q	0.027000000000000003	0.28717948717948716	0.4511581067472306
V6R	0.023	0.2276923076923077	0.5347432024169184
V6S	0.721	0.7979487179487179	0.9798590130916415
V6T	0.698	0.8615384615384616	0.9677744209466264
V6W	0.231	0.30153846153846153	0.8539778449144008
V6Y	0.16899999999999998	0.3958974358974359	0.8731117824773414
V6V	0.977	1.0	1.0
V6D	N/A	N/A	0.149043303121853
V6E	N/A	N/A	0.04229607250755287
V6F	N/A	N/A	0.017119838872104734
V6H	N/A	N/A	0.08459214501510574
V6N	N/A	N/A	0.2245720040281974
V6P	N/A	N/A	0.37059415911379656
A7C	0.759	0.8020512820512821	0.9959718026183284
A7D	0.555	0.7682051282051283	0.9566968781470292
A7E	0.924	1.001025641025641	0.9979859013091641
A7G	0.531	0.49846153846153846	0.9677744209466264
A7H	0.65	0.9046153846153846	0.9254783484390736
A7I	0.888	0.958974358974359	0.9768378650553877
A7M	0.9570000000000001	0.9979487179487179	0.9959718026183284
A7N	0.92	0.9517948717948718	1.001007049345418
A7Q	0.9490000000000001	0.9825641025641025	1.001007049345418
A7S	0.941	0.958974358974359	1.001007049345418
A7T	0.95	0.9846153846153847	1.0
A7V	0.377	0.7046153846153846	0.8935037273695421
A7A	0.977	1.0	1.0
A7F	N/A	N/A	0.15609264853977844
A7K	N/A	N/A	0.1299093655589124
A7L	N/A	N/A	0.08962739174219538
A7P	N/A	N/A	0.36555891238670696
A7R	N/A	N/A	0.09164149043303121
A7W	N/A	N/A	0.021148036253776436
A7Y	N/A	N/A	0.1812688821752266
T8A	0.652	0.8984615384615384	0.9405840886203425
T8C	0.685	0.8112820512820512	0.9788519637462236
T8D	0.418	0.5989743589743589	0.9003021148036254
T8G	0.898	0.9692307692307692	0.9818731117824774
T8H	0.413	0.5343589743589744	0.9496475327291037
T8I	0.38799999999999996	0.4994871794871795	0.8872104733131924
T8K	0.763	0.9384615384615385	0.9808660624370595
T8N	0.882	0.9815384615384616	0.9680511182108626
T8R	0.9	0.9887179487179488	0.9949647532729103
T8S	0.9390000000000001	0.9928205128205128	0.9949647532729103
T8V	0.544	0.7476923076923078	0.9395770392749244
T8W	0.025	0.17230769230769233	0.5730110775427996
T8T	0.977	1.0	1.0
T8E	N/A	N/A	0.09667673716012085
T8F	N/A	N/A	0.1107754279959718
T8L	N/A	N/A	0.2104733131923464
T8M	N/A	N/A	0.01812688821752266
T8P	N/A	N/A	0.028197381671701913
T8Q	N/A	N/A	0.3937562940584089
T8Y	N/A	N/A	0.10976837865055389
V9A	0.711	0.6707692307692308	0.987220447284345
V9C	0.7090000000000001	0.6205128205128205	0.9899295065458208
V9D	0.01	0.041025641025641026	0.8187311178247734
V9E	0.018000000000000002	0.04512820512820513	0.7794561933534744
V9F	0.065	0.26256410256410256	0.9768378650553877
V9G	0.102	0.1764102564102564	0.9496475327291037
V9H	0.018000000000000002	0.02564102564102564	0.5800604229607251
V9I	0.8079999999999999	0.796923076923077	0.9949647532729103
V9K	0.013999999999999999	0.036923076923076927	0.6676737160120846
V9L	0.695	0.6482051282051282	0.9748237663645518
V9M	0.363	0.28615384615384615	0.9718026183282981
V9N	0.045	0.14461538461538462	0.9144008056394763
V9P	0.016	0.08512820512820514	0.8147029204431018
V9Q	0.018000000000000002	0.07794871794871794	0.8247734138972811
V9R	0.013000000000000001	0.04512820512820513	0.9033232628398792
V9S	0.792	0.9466666666666667	0.9969788519637462
V9T	0.309	0.2533333333333333	0.9436052366565962
V9W	0.025	0.21743589743589742	0.9456193353474321
V9Y	0.013999999999999999	0.15692307692307694	0.8549848942598188
V9V	0.977	1.0	1.0