CDR3a,CDR3a_V,CDR3b,CDR3b_V,Antigens,HLA alleles,Score_EL,Rank_EL,Score_pMHC-TCR
CAMRGDSSYKLIF,TRAV12-3*01,CASSLWEKLAKNIQYF,TRBV12-4*01,ALWQPDPAAA,HLA-A*02:01,0.9978954195976257,0.038,0.3787375
CAMRGDSSYKLIF,TRAV12-3*01,CASSLWEKLAKNIQYF,TRBV12-4*01,ALGGPDPAAA,HLA-A*02:01,0.44721484184265137,1.068,0.5367364
CAMRGDSSYKLIF,TRAV12-3*01,CASSLWEKLAKNIQYF,TRBV12-4*01,ALWGPSPAAA,HLA-A*02:01,0.9986312985420227,0.02,0.40108848
CAMRGDSSYKLIF,TRAV12-3*01,CASSLWEKLAKNIQYF,TRBV12-4*01,ALWGPDPMAA,HLA-A*02:01,0.9933615922927856,0.107,0.35050264
CAMRGDSSYKLIF,TRAV12-3*01,CASSLWEKLAKNIQYF,TRBV12-4*01,ALWGPDPAAI,HLA-A*02:01,0.9971755743026733,0.054,0.28262272
CAMRGDSSYKLIF,TRAV12-3*01,CASSLWEKLAKNIQYF,TRBV12-4*01,ALWGPDCAAA,HLA-A*02:01,0.4746231436729431,1.012,0.37830436
CAMRGDSSYKLIF,TRAV12-3*01,CASSLWEKLAKNIQYF,TRBV12-4*01,AWWGPDPAAA,HLA-A*02:01,0.0033110477961599827,8.71,0.34824198
CAMRGDSSYKLIF,TRAV12-3*01,CASSLWEKLAKNIQYF,TRBV12-4*01,ALWGPDPLAA,HLA-A*02:01,0.9976949691772461,0.041,0.3762095
CAMRGDSSYKLIF,TRAV12-3*01,CASSLWEKLAKNIQYF,TRBV12-4*01,ALWGSDPAAA,HLA-A*02:01,0.9980786442756653,0.033,0.3977995
CAMRGDSSYKLIF,TRAV12-3*01,CASSLWEKLAKNIQYF,TRBV12-4*01,ALWGYDPAAA,HLA-A*02:01,0.998563289642334,0.02,0.28075376
CAMRGDSSYKLIF,TRAV12-3*01,CASSLWEKLAKNIQYF,TRBV12-4*01,MLWGPDPAAA,HLA-A*02:01,0.9961096048355103,0.073,0.33700627
CAMRGDSSYKLIF,TRAV12-3*01,CASSLWEKLAKNIQYF,TRBV12-4*01,ALWGADPAAA,HLA-A*02:01,0.9961590766906738,0.071,0.4756976
CAMRGDSSYKLIF,TRAV12-3*01,CASSLWEKLAKNIQYF,TRBV12-4*01,ALWGPYPAAA,HLA-A*02:01,0.9973235130310059,0.049,0.302159
CAMRGDSSYKLIF,TRAV12-3*01,CASSLWEKLAKNIQYF,TRBV12-4*01,ALWGPDQAAA,HLA-A*02:01,0.9836105108261108,0.169,0.4345154
CAMRGDSSYKLIF,TRAV12-3*01,CASSLWEKLAKNIQYF,TRBV12-4*01,TLWGPDPAAA,HLA-A*02:01,0.9940167665481567,0.1,0.3683428
CAMRGDSSYKLIF,TRAV12-3*01,CASSLWEKLAKNIQYF,TRBV12-4*01,ALWGMDPAAA,HLA-A*02:01,0.9889798164367676,0.142,0.41441816
CAMRGDSSYKLIF,TRAV12-3*01,CASSLWEKLAKNIQYF,TRBV12-4*01,ALWDPDPAAA,HLA-A*02:01,0.9987741708755493,0.015,0.3882004
CAMRGDSSYKLIF,TRAV12-3*01,CASSLWEKLAKNIQYF,TRBV12-4*01,ALWGPDPAAG,HLA-A*02:01,0.17993037402629852,3.227,0.4472294
CAMRGDSSYKLIF,TRAV12-3*01,CASSLWEKLAKNIQYF,TRBV12-4*01,ALLGPDPAAA,HLA-A*02:01,0.9428442120552063,0.247,0.52409685
CAMRGDSSYKLIF,TRAV12-3*01,CASSLWEKLAKNIQYF,TRBV12-4*01,ALWGPDPAAA,HLA-A*02:01,0.9969912767410278,0.056,0.44340342
CAMRGDSSYKLIF,TRAV12-3*01,CASSLWEKLAKNIQYF,TRBV12-4*01,ARWGPDPAAA,HLA-A*02:01,0.003049177350476384,8.82,0.42380676
CAMRGDSSYKLIF,TRAV12-3*01,CASSLWEKLAKNIQYF,TRBV12-4*01,ALWGFDPAAA,HLA-A*02:01,0.9990909695625305,0.009,0.28535277
CAMRGDSSYKLIF,TRAV12-3*01,CASSLWEKLAKNIQYF,TRBV12-4*01,AKWGPDPAAA,HLA-A*02:01,9.833231615630211e-07,28.773,0.43818346
CAMRGDSSYKLIF,TRAV12-3*01,CASSLWEKLAKNIQYF,TRBV12-4*01,ALWGPIPAAA,HLA-A*02:01,0.9991251230239868,0.009,0.36713037
CAMRGDSSYKLIF,TRAV12-3*01,CASSLWEKLAKNIQYF,TRBV12-4*01,GLWGPDPAAA,HLA-A*02:01,0.996967613697052,0.056,0.41031018
CAMRGDSSYKLIF,TRAV12-3*01,CASSLWEKLAKNIQYF,TRBV12-4*01,ALWGPDGAAA,HLA-A*02:01,0.9684550166130066,0.215,0.45663244
CAMRGDSSYKLIF,TRAV12-3*01,CASSLWEKLAKNIQYF,TRBV12-4*01,ALWNPDPAAA,HLA-A*02:01,0.9971691966056824,0.054,0.3386378
CAMRGDSSYKLIF,TRAV12-3*01,CASSLWEKLAKNIQYF,TRBV12-4*01,ALWGPDPSAA,HLA-A*02:01,0.981209933757782,0.176,0.36597848
CAMRGDSSYKLIF,TRAV12-3*01,CASSLWEKLAKNIQYF,TRBV12-4*01,ALWGPDPAQA,HLA-A*02:01,0.9976326823234558,0.042,0.38941652
CAMRGDSSYKLIF,TRAV12-3*01,CASSLWEKLAKNIQYF,TRBV12-4*01,HLWGPDPAAA,HLA-A*02:01,0.9954447746276855,0.082,0.35460502
CAMRGDSSYKLIF,TRAV12-3*01,CASSLWEKLAKNIQYF,TRBV12-4*01,ALWGPVPAAA,HLA-A*02:01,0.9991728663444519,0.009,0.42729813
CAMRGDSSYKLIF,TRAV12-3*01,CASSLWEKLAKNIQYF,TRBV12-4*01,ALWGPDPAAF,HLA-A*02:01,0.6060231924057007,0.681,0.21859154
CAMRGDSSYKLIF,TRAV12-3*01,CASSLWEKLAKNIQYF,TRBV12-4*01,ALWGPDLAAA,HLA-A*02:01,0.9978817105293274,0.038,0.43391094
CAMRGDSSYKLIF,TRAV12-3*01,CASSLWEKLAKNIQYF,TRBV12-4*01,ALWGPDPDAA,HLA-A*02:01,0.5799775719642639,0.769,0.38537735
CAMRGDSSYKLIF,TRAV12-3*01,CASSLWEKLAKNIQYF,TRBV12-4*01,AIWGPDPAAA,HLA-A*02:01,0.6590693593025208,0.584,0.3704113
CAMRGDSSYKLIF,TRAV12-3*01,CASSLWEKLAKNIQYF,TRBV12-4*01,ALWKPDPAAA,HLA-A*02:01,0.9480205774307251,0.24,0.40808445
CAMRGDSSYKLIF,TRAV12-3*01,CASSLWEKLAKNIQYF,TRBV12-4*01,ALWGPDPAAP,HLA-A*02:01,0.2013612538576126,2.339,0.39478436
CAMRGDSSYKLIF,TRAV12-3*01,CASSLWEKLAKNIQYF,TRBV12-4*01,ALWGPDPAVA,HLA-A*02:01,0.9969781637191772,0.056,0.38070288
CAMRGDSSYKLIF,TRAV12-3*01,CASSLWEKLAKNIQYF,TRBV12-4*01,ALWGPDPAAM,HLA-A*02:01,0.830187201499939,0.337,0.31690988
CAMRGDSSYKLIF,TRAV12-3*01,CASSLWEKLAKNIQYF,TRBV12-4*01,ALPGPDPAAA,HLA-A*02:01,0.24295368790626526,1.922,0.45659631
CAMRGDSSYKLIF,TRAV12-3*01,CASSLWEKLAKNIQYF,TRBV12-4*01,ALWGHDPAAA,HLA-A*02:01,0.997977614402771,0.036,0.34211922
CAMRGDSSYKLIF,TRAV12-3*01,CASSLWEKLAKNIQYF,TRBV12-4*01,ALWGPDPYAA,HLA-A*02:01,0.9861797094345093,0.157,0.23731288
CAMRGDSSYKLIF,TRAV12-3*01,CASSLWEKLAKNIQYF,TRBV12-4*01,ALWGPDPAFA,HLA-A*02:01,0.9905710220336914,0.13,0.26507336
CAMRGDSSYKLIF,TRAV12-3*01,CASSLWEKLAKNIQYF,TRBV12-4*01,ALWGPDPAAC,HLA-A*02:01,0.5142373442649841,0.921,0.31853858
CAMRGDSSYKLIF,TRAV12-3*01,CASSLWEKLAKNIQYF,TRBV12-4*01,AMWGPDPAAA,HLA-A*02:01,0.9655441045761108,0.222,0.37111008
CAMRGDSSYKLIF,TRAV12-3*01,CASSLWEKLAKNIQYF,TRBV12-4*01,ALHGPDPAAA,HLA-A*02:01,0.7040198445320129,0.54,0.4748475
CAMRGDSSYKLIF,TRAV12-3*01,CASSLWEKLAKNIQYF,TRBV12-4*01,AHWGPDPAAA,HLA-A*02:01,5.490923058459884e-07,30.995,0.35259423
CAMRGDSSYKLIF,TRAV12-3*01,CASSLWEKLAKNIQYF,TRBV12-4*01,ALWMPDPAAA,HLA-A*02:01,0.994590163230896,0.09,0.362007
CAMRGDSSYKLIF,TRAV12-3*01,CASSLWEKLAKNIQYF,TRBV12-4*01,ALWGPDPADA,HLA-A*02:01,0.988176167011261,0.147,0.38305187
CAMRGDSSYKLIF,TRAV12-3*01,CASSLWEKLAKNIQYF,TRBV12-4*01,ALWGPTPAAA,HLA-A*02:01,0.9988217353820801,0.015,0.43003106
CAMRGDSSYKLIF,TRAV12-3*01,CASSLWEKLAKNIQYF,TRBV12-4*01,ALWGPDPARA,HLA-A*02:01,0.9766987562179565,0.197,0.3917458
CAMRGDSSYKLIF,TRAV12-3*01,CASSLWEKLAKNIQYF,TRBV12-4*01,QLWGPDPAAA,HLA-A*02:01,0.9496152997016907,0.239,0.41017073
CAMRGDSSYKLIF,TRAV12-3*01,CASSLWEKLAKNIQYF,TRBV12-4*01,ALWGPDPAAT,HLA-A*02:01,0.9590328335762024,0.227,0.3722716
CAMRGDSSYKLIF,TRAV12-3*01,CASSLWEKLAKNIQYF,TRBV12-4*01,ALYGPDPAAA,HLA-A*02:01,0.9988738894462585,0.013,0.4285913
CAMRGDSSYKLIF,TRAV12-3*01,CASSLWEKLAKNIQYF,TRBV12-4*01,ALWGPDMAAA,HLA-A*02:01,0.996161937713623,0.071,0.41855058
CAMRGDSSYKLIF,TRAV12-3*01,CASSLWEKLAKNIQYF,TRBV12-4*01,ALWGPDPAAN,HLA-A*02:01,0.4835342764854431,0.99,0.35953492
CAMRGDSSYKLIF,TRAV12-3*01,CASSLWEKLAKNIQYF,TRBV12-4*01,ALWGPWPAAA,HLA-A*02:01,0.8991609811782837,0.293,0.3480391
CAMRGDSSYKLIF,TRAV12-3*01,CASSLWEKLAKNIQYF,TRBV12-4*01,ALWSPDPAAA,HLA-A*02:01,0.996462345123291,0.068,0.36974058
CAMRGDSSYKLIF,TRAV12-3*01,CASSLWEKLAKNIQYF,TRBV12-4*01,ALWYPDPAAA,HLA-A*02:01,0.995618462562561,0.081,0.27742028
CAMRGDSSYKLIF,TRAV12-3*01,CASSLWEKLAKNIQYF,TRBV12-4*01,FLWGPDPAAA,HLA-A*02:01,0.9986045956611633,0.02,0.29467294
CAMRGDSSYKLIF,TRAV12-3*01,CASSLWEKLAKNIQYF,TRBV12-4*01,RLWGPDPAAA,HLA-A*02:01,0.9424230456352234,0.247,0.46881598
CAMRGDSSYKLIF,TRAV12-3*01,CASSLWEKLAKNIQYF,TRBV12-4*01,ALWGPLPAAA,HLA-A*02:01,0.9983070492744446,0.026,0.42875448
CAMRGDSSYKLIF,TRAV12-3*01,CASSLWEKLAKNIQYF,TRBV12-4*01,ALWGPDVAAA,HLA-A*02:01,0.9934131503105164,0.106,0.44137996
CAMRGDSSYKLIF,TRAV12-3*01,CASSLWEKLAKNIQYF,TRBV12-4*01,ILWGPDPAAA,HLA-A*02:01,0.9972888231277466,0.049,0.31665
CAMRGDSSYKLIF,TRAV12-3*01,CASSLWEKLAKNIQYF,TRBV12-4*01,ALWGPDPAAW,HLA-A*02:01,0.00467041227966547,8.252,0.25097698
CAMRGDSSYKLIF,TRAV12-3*01,CASSLWEKLAKNIQYF,TRBV12-4*01,ALWGPDPAAR,HLA-A*02:01,7.98196742834989e-06,21.668,0.40006366
CAMRGDSSYKLIF,TRAV12-3*01,CASSLWEKLAKNIQYF,TRBV12-4*01,ALWGPDPAMA,HLA-A*02:01,0.9980355501174927,0.033,0.35018992
CAMRGDSSYKLIF,TRAV12-3*01,CASSLWEKLAKNIQYF,TRBV12-4*01,AQWGPDPAAA,HLA-A*02:01,0.12248171865940094,4.125,0.39602065
CAMRGDSSYKLIF,TRAV12-3*01,CASSLWEKLAKNIQYF,TRBV12-4*01,ALQGPDPAAA,HLA-A*02:01,0.5930522680282593,0.721,0.5203212
CAMRGDSSYKLIF,TRAV12-3*01,CASSLWEKLAKNIQYF,TRBV12-4*01,ALWGPEPAAA,HLA-A*02:01,0.9978432655334473,0.038,0.47187763
CAMRGDSSYKLIF,TRAV12-3*01,CASSLWEKLAKNIQYF,TRBV12-4*01,ALWGPMPAAA,HLA-A*02:01,0.9982880353927612,0.027,0.40921202
CAMRGDSSYKLIF,TRAV12-3*01,CASSLWEKLAKNIQYF,TRBV12-4*01,ALWGPDPAGA,HLA-A*02:01,0.9947735071182251,0.087,0.4244114
CAMRGDSSYKLIF,TRAV12-3*01,CASSLWEKLAKNIQYF,TRBV12-4*01,ALWGPDDAAA,HLA-A*02:01,0.7688440084457397,0.45,0.43555436
CAMRGDSSYKLIF,TRAV12-3*01,CASSLWEKLAKNIQYF,TRBV12-4*01,ALVGPDPAAA,HLA-A*02:01,0.9463878870010376,0.243,0.5276034
CAMRGDSSYKLIF,TRAV12-3*01,CASSLWEKLAKNIQYF,TRBV12-4*01,SLWGPDPAAA,HLA-A*02:01,0.9948803186416626,0.087,0.38149005
CAMRGDSSYKLIF,TRAV12-3*01,CASSLWEKLAKNIQYF,TRBV12-4*01,ALWGPDAAAA,HLA-A*02:01,0.9912217259407043,0.129,0.47147113
CAMRGDSSYKLIF,TRAV12-3*01,CASSLWEKLAKNIQYF,TRBV12-4*01,ALWGPDPACA,HLA-A*02:01,0.6340840458869934,0.619,0.33051533
CAMRGDSSYKLIF,TRAV12-3*01,CASSLWEKLAKNIQYF,TRBV12-4*01,ALWGCDPAAA,HLA-A*02:01,0.7939275503158569,0.395,0.38341755
CAMRGDSSYKLIF,TRAV12-3*01,CASSLWEKLAKNIQYF,TRBV12-4*01,ALWEPDPAAA,HLA-A*02:01,0.9993158578872681,0.007,0.41148844
CAMRGDSSYKLIF,TRAV12-3*01,CASSLWEKLAKNIQYF,TRBV12-4*01,ALWGEDPAAA,HLA-A*02:01,0.9960614442825317,0.073,0.44908923
CAMRGDSSYKLIF,TRAV12-3*01,CASSLWEKLAKNIQYF,TRBV12-4*01,ALWGPDPAYA,HLA-A*02:01,0.9989048838615417,0.012,0.25829563
CAMRGDSSYKLIF,TRAV12-3*01,CASSLWEKLAKNIQYF,TRBV12-4*01,ALWGPDSAAA,HLA-A*02:01,0.7294674515724182,0.509,0.41605958
CAMRGDSSYKLIF,TRAV12-3*01,CASSLWEKLAKNIQYF,TRBV12-4*01,ALWTPDPAAA,HLA-A*02:01,0.9963647723197937,0.068,0.3741897
CAMRGDSSYKLIF,TRAV12-3*01,CASSLWEKLAKNIQYF,TRBV12-4*01,LLWGPDPAAA,HLA-A*02:01,0.997277557849884,0.049,0.392656
CAMRGDSSYKLIF,TRAV12-3*01,CASSLWEKLAKNIQYF,TRBV12-4*01,ALWGPDIAAA,HLA-A*02:01,0.9972197413444519,0.052,0.3849284
CAMRGDSSYKLIF,TRAV12-3*01,CASSLWEKLAKNIQYF,TRBV12-4*01,ALKGPDPAAA,HLA-A*02:01,0.7836580276489258,0.421,0.53907967
CAMRGDSSYKLIF,TRAV12-3*01,CASSLWEKLAKNIQYF,TRBV12-4*01,ATWGPDPAAA,HLA-A*02:01,0.09085050225257874,4.581,0.37699035
CAMRGDSSYKLIF,TRAV12-3*01,CASSLWEKLAKNIQYF,TRBV12-4*01,WLWGPDPAAA,HLA-A*02:01,0.9207559823989868,0.271,0.33239755
CAMRGDSSYKLIF,TRAV12-3*01,CASSLWEKLAKNIQYF,TRBV12-4*01,ALWGPDPAAV,HLA-A*02:01,0.9987834095954895,0.015,0.35772294
CAMRGDSSYKLIF,TRAV12-3*01,CASSLWEKLAKNIQYF,TRBV12-4*01,DLWGPDPAAA,HLA-A*02:01,0.10187766700983047,4.413,0.34542975
CAMRGDSSYKLIF,TRAV12-3*01,CASSLWEKLAKNIQYF,TRBV12-4*01,ALCGPDPAAA,HLA-A*02:01,0.3934252858161926,1.256,0.43404236
CAMRGDSSYKLIF,TRAV12-3*01,CASSLWEKLAKNIQYF,TRBV12-4*01,ALNGPDPAAA,HLA-A*02:01,0.9820300936698914,0.173,0.4772511
CAMRGDSSYKLIF,TRAV12-3*01,CASSLWEKLAKNIQYF,TRBV12-4*01,ANWGPDPAAA,HLA-A*02:01,2.309181581949815e-06,25.699,0.3487419
CAMRGDSSYKLIF,TRAV12-3*01,CASSLWEKLAKNIQYF,TRBV12-4*01,ALWGPDPAHA,HLA-A*02:01,0.9962665438652039,0.069,0.341427
CAMRGDSSYKLIF,TRAV12-3*01,CASSLWEKLAKNIQYF,TRBV12-4*01,ALWGDDPAAA,HLA-A*02:01,0.9978548884391785,0.038,0.41821933
CAMRGDSSYKLIF,TRAV12-3*01,CASSLWEKLAKNIQYF,TRBV12-4*01,APWGPDPAAA,HLA-A*02:01,0.00042265336378477514,11.995,0.37942716
CAMRGDSSYKLIF,TRAV12-3*01,CASSLWEKLAKNIQYF,TRBV12-4*01,ALWIPDPAAA,HLA-A*02:01,0.9890300631523132,0.142,0.31388703
CAMRGDSSYKLIF,TRAV12-3*01,CASSLWEKLAKNIQYF,TRBV12-4*01,ALWGPDPFAA,HLA-A*02:01,0.9959279298782349,0.076,0.24734254
CAMRGDSSYKLIF,TRAV12-3*01,CASSLWEKLAKNIQYF,TRBV12-4*01,ALWGKDPAAA,HLA-A*02:01,0.9986190795898438,0.02,0.46864575
CAMRGDSSYKLIF,TRAV12-3*01,CASSLWEKLAKNIQYF,TRBV12-4*01,ALWGPDNAAA,HLA-A*02:01,0.9055293798446655,0.287,0.40886956
CAMRGDSSYKLIF,TRAV12-3*01,CASSLWEKLAKNIQYF,TRBV12-4*01,ALWGPDFAAA,HLA-A*02:01,0.998332679271698,0.026,0.3199018
CAMRGDSSYKLIF,TRAV12-3*01,CASSLWEKLAKNIQYF,TRBV12-4*01,ALWGPCPAAA,HLA-A*02:01,0.7135826945304871,0.529,0.36475533
CAMRGDSSYKLIF,TRAV12-3*01,CASSLWEKLAKNIQYF,TRBV12-4*01,ALWHPDPAAA,HLA-A*02:01,0.9697952270507812,0.21,0.32464498
CAMRGDSSYKLIF,TRAV12-3*01,CASSLWEKLAKNIQYF,TRBV12-4*01,ALWGPDPWAA,HLA-A*02:01,0.8304551839828491,0.337,0.26858887
CAMRGDSSYKLIF,TRAV12-3*01,CASSLWEKLAKNIQYF,TRBV12-4*01,ALSGPDPAAA,HLA-A*02:01,0.6940932273864746,0.552,0.45508322
CAMRGDSSYKLIF,TRAV12-3*01,CASSLWEKLAKNIQYF,TRBV12-4*01,ALWGPPPAAA,HLA-A*02:01,0.9991156458854675,0.009,0.41850623
CAMRGDSSYKLIF,TRAV12-3*01,CASSLWEKLAKNIQYF,TRBV12-4*01,ALWGPDPAEA,HLA-A*02:01,0.9939562678337097,0.102,0.40546256
CAMRGDSSYKLIF,TRAV12-3*01,CASSLWEKLAKNIQYF,TRBV12-4*01,ALWGPDPAKA,HLA-A*02:01,0.9741929769515991,0.201,0.41531786
CAMRGDSSYKLIF,TRAV12-3*01,CASSLWEKLAKNIQYF,TRBV12-4*01,ALWGPDPAAK,HLA-A*02:01,0.0015964338090270758,9.749,0.4508689
CAMRGDSSYKLIF,TRAV12-3*01,CASSLWEKLAKNIQYF,TRBV12-4*01,ALWGLDPAAA,HLA-A*02:01,0.9961031675338745,0.073,0.42230588
CAMRGDSSYKLIF,TRAV12-3*01,CASSLWEKLAKNIQYF,TRBV12-4*01,ALWGPDKAAA,HLA-A*02:01,0.6207728385925293,0.645,0.48663205
CAMRGDSSYKLIF,TRAV12-3*01,CASSLWEKLAKNIQYF,TRBV12-4*01,ALWGGDPAAA,HLA-A*02:01,0.9989002346992493,0.012,0.4723805
CAMRGDSSYKLIF,TRAV12-3*01,CASSLWEKLAKNIQYF,TRBV12-4*01,AFWGPDPAAA,HLA-A*02:01,1.0635374565026723e-05,20.823,0.32450932
CAMRGDSSYKLIF,TRAV12-3*01,CASSLWEKLAKNIQYF,TRBV12-4*01,ALWGPDWAAA,HLA-A*02:01,0.7903406023979187,0.405,0.32902318
CAMRGDSSYKLIF,TRAV12-3*01,CASSLWEKLAKNIQYF,TRBV12-4*01,VLWGPDPAAA,HLA-A*02:01,0.9958690404891968,0.077,0.36211354
CAMRGDSSYKLIF,TRAV12-3*01,CASSLWEKLAKNIQYF,TRBV12-4*01,AGWGPDPAAA,HLA-A*02:01,2.5084353183046915e-05,18.42,0.38679692
CAMRGDSSYKLIF,TRAV12-3*01,CASSLWEKLAKNIQYF,TRBV12-4*01,ALWGPDRAAA,HLA-A*02:01,0.5828332901000977,0.756,0.4749423
CAMRGDSSYKLIF,TRAV12-3*01,CASSLWEKLAKNIQYF,TRBV12-4*01,AVWGPDPAAA,HLA-A*02:01,0.6194285154342651,0.647,0.41119257
CAMRGDSSYKLIF,TRAV12-3*01,CASSLWEKLAKNIQYF,TRBV12-4*01,ALFGPDPAAA,HLA-A*02:01,0.9987750053405762,0.015,0.41835946
CAMRGDSSYKLIF,TRAV12-3*01,CASSLWEKLAKNIQYF,TRBV12-4*01,ALWGTDPAAA,HLA-A*02:01,0.996224582195282,0.069,0.4311214
CAMRGDSSYKLIF,TRAV12-3*01,CASSLWEKLAKNIQYF,TRBV12-4*01,ALWGPDPATA,HLA-A*02:01,0.9968698620796204,0.057,0.3964911
CAMRGDSSYKLIF,TRAV12-3*01,CASSLWEKLAKNIQYF,TRBV12-4*01,ALWGPAPAAA,HLA-A*02:01,0.9985387921333313,0.02,0.46603194
CAMRGDSSYKLIF,TRAV12-3*01,CASSLWEKLAKNIQYF,TRBV12-4*01,ALWGPDPAAL,HLA-A*02:01,0.9974735379219055,0.045,0.32629806
CAMRGDSSYKLIF,TRAV12-3*01,CASSLWEKLAKNIQYF,TRBV12-4*01,ALWGPDPAAE,HLA-A*02:01,0.2194964438676834,2.097,0.4328391
CAMRGDSSYKLIF,TRAV12-3*01,CASSLWEKLAKNIQYF,TRBV12-4*01,ALWGPHPAAA,HLA-A*02:01,0.9834540486335754,0.169,0.37538028
CAMRGDSSYKLIF,TRAV12-3*01,CASSLWEKLAKNIQYF,TRBV12-4*01,ALIGPDPAAA,HLA-A*02:01,0.9968563318252563,0.057,0.47684646
CAMRGDSSYKLIF,TRAV12-3*01,CASSLWEKLAKNIQYF,TRBV12-4*01,ALWGPDPALA,HLA-A*02:01,0.9982498288154602,0.027,0.37376064
CAMRGDSSYKLIF,TRAV12-3*01,CASSLWEKLAKNIQYF,TRBV12-4*01,ALWGQDPAAA,HLA-A*02:01,0.9974390864372253,0.045,0.42109403
CAMRGDSSYKLIF,TRAV12-3*01,CASSLWEKLAKNIQYF,TRBV12-4*01,AEWGPDPAAA,HLA-A*02:01,0.023433657363057137,6.226,0.4222169
CAMRGDSSYKLIF,TRAV12-3*01,CASSLWEKLAKNIQYF,TRBV12-4*01,ALWGPDPEAA,HLA-A*02:01,0.9276703596115112,0.267,0.40488237
CAMRGDSSYKLIF,TRAV12-3*01,CASSLWEKLAKNIQYF,TRBV12-4*01,ALWGPDPAAQ,HLA-A*02:01,0.2013569325208664,2.339,0.41238624
CAMRGDSSYKLIF,TRAV12-3*01,CASSLWEKLAKNIQYF,TRBV12-4*01,KLWGPDPAAA,HLA-A*02:01,0.9855287671089172,0.16,0.42575684
CAMRGDSSYKLIF,TRAV12-3*01,CASSLWEKLAKNIQYF,TRBV12-4*01,ALRGPDPAAA,HLA-A*02:01,0.39210179448127747,1.265,0.52232593
CAMRGDSSYKLIF,TRAV12-3*01,CASSLWEKLAKNIQYF,TRBV12-4*01,ALWGPDPGAA,HLA-A*02:01,0.6385638117790222,0.61,0.42084527
CAMRGDSSYKLIF,TRAV12-3*01,CASSLWEKLAKNIQYF,TRBV12-4*01,ALWGPDPAAY,HLA-A*02:01,0.10914983600378036,4.303,0.22827713
CAMRGDSSYKLIF,TRAV12-3*01,CASSLWEKLAKNIQYF,TRBV12-4*01,ALEGPDPAAA,HLA-A*02:01,0.47157421708106995,1.017,0.53022635
CAMRGDSSYKLIF,TRAV12-3*01,CASSLWEKLAKNIQYF,TRBV12-4*01,ALWGIDPAAA,HLA-A*02:01,0.9965935945510864,0.067,0.37987462
CAMRGDSSYKLIF,TRAV12-3*01,CASSLWEKLAKNIQYF,TRBV12-4*01,ALWFPDPAAA,HLA-A*02:01,0.9935291409492493,0.106,0.2871582
CAMRGDSSYKLIF,TRAV12-3*01,CASSLWEKLAKNIQYF,TRBV12-4*01,ALWGPDPCAA,HLA-A*02:01,0.5707281827926636,0.792,0.30869126
CAMRGDSSYKLIF,TRAV12-3*01,CASSLWEKLAKNIQYF,TRBV12-4*01,ALWPPDPAAA,HLA-A*02:01,0.9882548451423645,0.146,0.41808066
CAMRGDSSYKLIF,TRAV12-3*01,CASSLWEKLAKNIQYF,TRBV12-4*01,ALDGPDPAAA,HLA-A*02:01,0.5379297733306885,0.882,0.51834047
CAMRGDSSYKLIF,TRAV12-3*01,CASSLWEKLAKNIQYF,TRBV12-4*01,YLWGPDPAAA,HLA-A*02:01,0.9976061582565308,0.042,0.2924308
CAMRGDSSYKLIF,TRAV12-3*01,CASSLWEKLAKNIQYF,TRBV12-4*01,ADWGPDPAAA,HLA-A*02:01,1.4271550696776103e-07,36.419,0.38592544
CAMRGDSSYKLIF,TRAV12-3*01,CASSLWEKLAKNIQYF,TRBV12-4*01,ALWCPDPAAA,HLA-A*02:01,0.4838424324989319,0.989,0.34614795
CAMRGDSSYKLIF,TRAV12-3*01,CASSLWEKLAKNIQYF,TRBV12-4*01,ALWGPDPRAA,HLA-A*02:01,0.9850811958312988,0.161,0.40055054
CAMRGDSSYKLIF,TRAV12-3*01,CASSLWEKLAKNIQYF,TRBV12-4*01,ALWRPDPAAA,HLA-A*02:01,0.7918823957443237,0.399,0.40686432
CAMRGDSSYKLIF,TRAV12-3*01,CASSLWEKLAKNIQYF,TRBV12-4*01,ALWGPDPAAH,HLA-A*02:01,0.01183102373033762,7.046,0.33453232
CAMRGDSSYKLIF,TRAV12-3*01,CASSLWEKLAKNIQYF,TRBV12-4*01,ALWGPDYAAA,HLA-A*02:01,0.9918228983879089,0.124,0.3040792
CAMRGDSSYKLIF,TRAV12-3*01,CASSLWEKLAKNIQYF,TRBV12-4*01,ALWGPDPNAA,HLA-A*02:01,0.7876022458076477,0.412,0.33682084
CAMRGDSSYKLIF,TRAV12-3*01,CASSLWEKLAKNIQYF,TRBV12-4*01,ALWGPDPQAA,HLA-A*02:01,0.9849845170974731,0.161,0.38516867
CAMRGDSSYKLIF,TRAV12-3*01,CASSLWEKLAKNIQYF,TRBV12-4*01,ALWGPDEAAA,HLA-A*02:01,0.8575400114059448,0.314,0.4590059
CAMRGDSSYKLIF,TRAV12-3*01,CASSLWEKLAKNIQYF,TRBV12-4*01,ALWGPDPKAA,HLA-A*02:01,0.9779282808303833,0.195,0.41015133
CAMRGDSSYKLIF,TRAV12-3*01,CASSLWEKLAKNIQYF,TRBV12-4*01,ALWGPDTAAA,HLA-A*02:01,0.9467533826828003,0.243,0.4469289
CAMRGDSSYKLIF,TRAV12-3*01,CASSLWEKLAKNIQYF,TRBV12-4*01,ALWGPDPANA,HLA-A*02:01,0.9977138638496399,0.041,0.35136
CAMRGDSSYKLIF,TRAV12-3*01,CASSLWEKLAKNIQYF,TRBV12-4*01,PLWGPDPAAA,HLA-A*02:01,0.17732514441013336,3.29,0.41091457
CAMRGDSSYKLIF,TRAV12-3*01,CASSLWEKLAKNIQYF,TRBV12-4*01,ALAGPDPAAA,HLA-A*02:01,0.8229631185531616,0.341,0.5281776
CAMRGDSSYKLIF,TRAV12-3*01,CASSLWEKLAKNIQYF,TRBV12-4*01,ALWGVDPAAA,HLA-A*02:01,0.9949783086776733,0.086,0.42935544
CAMRGDSSYKLIF,TRAV12-3*01,CASSLWEKLAKNIQYF,TRBV12-4*01,AYWGPDPAAA,HLA-A*02:01,0.00027917238185182214,12.821,0.30229968
CAMRGDSSYKLIF,TRAV12-3*01,CASSLWEKLAKNIQYF,TRBV12-4*01,ALWGPDPVAA,HLA-A*02:01,0.9975773096084595,0.042,0.39008552
CAMRGDSSYKLIF,TRAV12-3*01,CASSLWEKLAKNIQYF,TRBV12-4*01,ALWGPFPAAA,HLA-A*02:01,0.9984616041183472,0.022,0.30903333
CAMRGDSSYKLIF,TRAV12-3*01,CASSLWEKLAKNIQYF,TRBV12-4*01,AAWGPDPAAA,HLA-A*02:01,0.06792878359556198,4.958,0.39715302
CAMRGDSSYKLIF,TRAV12-3*01,CASSLWEKLAKNIQYF,TRBV12-4*01,ALWGPDPAAS,HLA-A*02:01,0.602486252784729,0.688,0.3871989
CAMRGDSSYKLIF,TRAV12-3*01,CASSLWEKLAKNIQYF,TRBV12-4*01,ELWGPDPAAA,HLA-A*02:01,0.20563408732414246,2.243,0.42258415
CAMRGDSSYKLIF,TRAV12-3*01,CASSLWEKLAKNIQYF,TRBV12-4*01,ALWGPDPAAD,HLA-A*02:01,0.20297232270240784,2.297,0.3975009
CAMRGDSSYKLIF,TRAV12-3*01,CASSLWEKLAKNIQYF,TRBV12-4*01,ALWGPDPIAA,HLA-A*02:01,0.9981235265731812,0.032,0.33182478
CAMRGDSSYKLIF,TRAV12-3*01,CASSLWEKLAKNIQYF,TRBV12-4*01,NLWGPDPAAA,HLA-A*02:01,0.9728977084159851,0.204,0.32825086
CAMRGDSSYKLIF,TRAV12-3*01,CASSLWEKLAKNIQYF,TRBV12-4*01,ALWGRDPAAA,HLA-A*02:01,0.9839882850646973,0.169,0.46185437
CAMRGDSSYKLIF,TRAV12-3*01,CASSLWEKLAKNIQYF,TRBV12-4*01,ALWGPDHAAA,HLA-A*02:01,0.9463865160942078,0.243,0.37789646
CAMRGDSSYKLIF,TRAV12-3*01,CASSLWEKLAKNIQYF,TRBV12-4*01,ALWGPDPPAA,HLA-A*02:01,0.9976459741592407,0.042,0.40980786
CAMRGDSSYKLIF,TRAV12-3*01,CASSLWEKLAKNIQYF,TRBV12-4*01,ASWGPDPAAA,HLA-A*02:01,0.005184060428291559,8.116,0.34338015
CAMRGDSSYKLIF,TRAV12-3*01,CASSLWEKLAKNIQYF,TRBV12-4*01,ALWGPDPAIA,HLA-A*02:01,0.9943220019340515,0.095,0.32459208
CAMRGDSSYKLIF,TRAV12-3*01,CASSLWEKLAKNIQYF,TRBV12-4*01,ALTGPDPAAA,HLA-A*02:01,0.39017221331596375,1.272,0.48553604
CAMRGDSSYKLIF,TRAV12-3*01,CASSLWEKLAKNIQYF,TRBV12-4*01,ACWGPDPAAA,HLA-A*02:01,3.016982885739594e-09,51.346,0.31572205
CAMRGDSSYKLIF,TRAV12-3*01,CASSLWEKLAKNIQYF,TRBV12-4*01,ALMGPDPAAA,HLA-A*02:01,0.9968229532241821,0.059,0.51952577
CAMRGDSSYKLIF,TRAV12-3*01,CASSLWEKLAKNIQYF,TRBV12-4*01,CLWGPDPAAA,HLA-A*02:01,0.00628839572891593,7.89,0.30862588
CAMRGDSSYKLIF,TRAV12-3*01,CASSLWEKLAKNIQYF,TRBV12-4*01,ALWAPDPAAA,HLA-A*02:01,0.9971206784248352,0.055,0.42238632
CAMRGDSSYKLIF,TRAV12-3*01,CASSLWEKLAKNIQYF,TRBV12-4*01,ALWLPDPAAA,HLA-A*02:01,0.9170907139778137,0.275,0.38780868
CAMRGDSSYKLIF,TRAV12-3*01,CASSLWEKLAKNIQYF,TRBV12-4*01,ALWWPDPAAA,HLA-A*02:01,0.7950080633163452,0.388,0.31174654
CAMRGDSSYKLIF,TRAV12-3*01,CASSLWEKLAKNIQYF,TRBV12-4*01,ALWGNDPAAA,HLA-A*02:01,0.9989557266235352,0.012,0.3855802
CAMRGDSSYKLIF,TRAV12-3*01,CASSLWEKLAKNIQYF,TRBV12-4*01,ALWGWDPAAA,HLA-A*02:01,0.9981749653816223,0.03,0.28748474
CAMRGDSSYKLIF,TRAV12-3*01,CASSLWEKLAKNIQYF,TRBV12-4*01,ALWGPQPAAA,HLA-A*02:01,0.9987355470657349,0.016,0.43419886
CAMRGDSSYKLIF,TRAV12-3*01,CASSLWEKLAKNIQYF,TRBV12-4*01,ALWGPGPAAA,HLA-A*02:01,0.9977982640266418,0.039,0.4546647
CAMRGDSSYKLIF,TRAV12-3*01,CASSLWEKLAKNIQYF,TRBV12-4*01,ALWGPKPAAA,HLA-A*02:01,0.9975738525390625,0.043,0.4554223
CAMRGDSSYKLIF,TRAV12-3*01,CASSLWEKLAKNIQYF,TRBV12-4*01,ALWGPDPTAA,HLA-A*02:01,0.9872130155563354,0.152,0.3948005
CAMRGDSSYKLIF,TRAV12-3*01,CASSLWEKLAKNIQYF,TRBV12-4*01,ALWGPDPAWA,HLA-A*02:01,0.9654468297958374,0.222,0.28793377
CAMRGDSSYKLIF,TRAV12-3*01,CASSLWEKLAKNIQYF,TRBV12-4*01,ALWGPDPHAA,HLA-A*02:01,0.9152581095695496,0.277,0.32018656
CAMRGDSSYKLIF,TRAV12-3*01,CASSLWEKLAKNIQYF,TRBV12-4*01,ALWGPNPAAA,HLA-A*02:01,0.9975821375846863,0.042,0.39059573
CAMRGDSSYKLIF,TRAV12-3*01,CASSLWEKLAKNIQYF,TRBV12-4*01,ALWGPRPAAA,HLA-A*02:01,0.796992838382721,0.376,0.4509511
CAMRGDSSYKLIF,TRAV12-3*01,CASSLWEKLAKNIQYF,TRBV12-4*01,ALWGPDPASA,HLA-A*02:01,0.9972283244132996,0.051,0.37273628
CAMRGDSSYKLIF,TRAV12-3*01,CASSLWEKLAKNIQYF,TRBV12-4*01,ALWVPDPAAA,HLA-A*02:01,0.9880876541137695,0.148,0.37240577
CAMRGDSSYKLIF,TRAV12-3*01,CASSLWEKLAKNIQYF,TRBV12-4*01,ALWGPDPAPA,HLA-A*02:01,0.9875129461288452,0.15,0.41036105
