position,amino_acid,value,annotation
6,G,1.27083924858415,
6,N,1.25515618429244,
5,T,1.18937755646674,
9,F,1.17551092368107,
4,E,1.15455190410649,
2,W,1.15425621333635,
4,I,1.13817573031053,
8,R,1.13549600572752,
4,T,1.12947935187957,
9,K,1.12698165170347,
4,N,1.1226103208841,
4,D,1.10726484302221,
8,C,1.10371811923023,
9,R,1.10088033072249,
5,C,1.09283490494238,
4,R,1.0907958047153,
4,Q,1.08839041615243,
6,M,1.08749540804054,
7,Y,1.08730613567429,
8,A,1.08587164610707,
5,K,1.08506980024951,
9,P,1.07941703655721,
3,I,1.0771065412167,
8,P,1.07372955509732,
9,H,1.07208061842287,
2,D,1.06335626470379,
2,P,1.0581664120337,
6,E,1.05797408018609,
4,K,1.05717322167524,
8,Q,1.05192018996604,
5,I,1.04809905052927,
3,R,1.04497739014449,
6,K,1.04135759935943,
3,C,1.04091297356243,
4,M,1.04019331970436,
4,H,1.03612203161924,
9,Y,1.03577881720943,
4,S,1.03351878769461,
8,N,1.03246662646986,
9,E,1.0315488550279,
6,S,1.02966079387068,
2,H,1.02630774837501,
8,S,1.02419430364135,
8,G,1.01693328949184,
8,T,1.01380848114605,
8,L,1.00665893561818,
1,W,1.00445191340414,
4,L,1.00341379200323,
2,K,1.00276111794108,
4,A,0.995137562972181,
5,E,0.992803189240679,
7,L,0.98877799821286,
4,V,0.98617811408896,
6,H,0.984326197864061,
8,E,0.980027439602066,
2,Y,0.978560992396495,
6,R,0.977080091728809,
4,C,0.9745812315674,
6,W,0.971891837598181,
6,Q,0.968196599311368,
4,Y,0.966604572675506,
7,D,0.964323327328438,
6,F,0.963067159442799,
4,P,0.963052203368592,
3,V,0.96037020755778,
7,E,0.956314563302376,
2,R,0.955062037101703,
4,F,0.951709491002968,
6,A,0.950026323227468,
4,W,0.949883460032456,
1,R,0.945055359920264,
6,D,0.929810919994747,
8,D,0.917739772848648,
1,K,0.913781321632127,
5,Q,0.911723251565193,
6,C,0.900694693018569,
5,L,0.892142384685798,
5,P,0.891646366823379,
8,M,0.871709373459582,
5,M,0.861504643059253,
3,D,0.850589598028013,
6,Y,0.847147751085767,
8,V,0.846299409500784,
7,P,0.844811649999831,
8,I,0.831317512407165,
7,F,0.805046630532873,
8,K,0.794668059391825,
9,D,0.780057137160448,
3,K,0.775115324303113,
5,V,0.772204911768241,
8,W,0.770880787339661,
7,W,0.766578861879481,
1,P,0.751064009781938,
3,E,0.746270131240527,
5,R,0.730147219145179,
5,N,0.726686971064247,
2,N,0.721999533350225,
9,W,0.713737087283291,
9,Q,0.709159729166474,
7,H,0.67836593876886,
3,L,0.664842319290628,
1,Y,0.661391774861568,
5,A,0.654742871318581,
8,H,0.636589713183861,
5,S,0.635167611988516,
2,E,0.626454848392611,
6,I,0.618945714380341,
5,D,0.617662032684146,
3,S,0.61005529892442,
3,G,0.596359269512163,
5,G,0.583589903550259,
5,H,0.577609071788216,
3,T,0.570465177763122,
6,L,0.563338962164772,
9,M,0.562825762615641,
2,F,0.557907420202067,
7,G,0.532983038797285,
1,E,0.525931076592563,
3,N,0.45637733469768,
9,L,0.446993061946301,
8,F,0.42324037131103,
7,I,0.416255100163112,
1,D,0.408786888462737,
3,P,0.386450986706933,
7,M,0.376566601781738,
6,T,0.36987165571318,
7,Q,0.365255968960004,
2,G,0.359546184651968,
7,R,0.355826103888307,
2,A,0.351746434674701,
2,V,0.35102634139213,
9,G,0.345682695134557,
1,G,0.33912422717894,
1,V,0.328079490516027,
1,H,0.326924883017497,
6,V,0.309210943181213,
9,N,0.308772770124583,
1,T,0.295400837439322,
2,I,0.292437068553931,
5,W,0.263429365709261,
3,A,0.260361264224078,
1,M,0.252712101149194,
2,S,0.246053223567716,
7,A,0.24506765577887,
1,N,0.239355476787085,
7,S,0.238355726837543,
7,T,0.237146049363903,
7,K,0.232754006771386,
1,A,0.230135120309765,
3,Q,0.224069007105273,
3,H,0.223005347630945,
2,Q,0.222699266050184,
1,C,0.201630208417097,
9,A,0.189078930398351,
1,Q,0.186177997972712,
7,C,0.16934378507085,
7,N,0.166794850593959,
3,W,0.166072989659736,
9,T,0.165968436171253,
3,Y,0.158299387902152,
9,S,0.153219140646772,
1,I,0.150910649640842,
2,T,0.145582266824712,
3,M,0.140339492788506,
9,I,0.133585130880068,
9,C,0.130434166205732,
1,F,0.126545921385118,
1,S,0.115509712396957,
2,M,0.0972054673876122,
2,C,0.0917525881469386,
5,F,0.0760348367358597,
1,L,0,target
2,L,0,target
3,F,0,target
4,G,0,target
5,Y,0,target
6,P,0,target
7,V,0,target
8,Y,0,target
9,V,0,target
