CDR3a,CDR3a_V,CDR3b,CDR3b_V,Antigens,HLA alleles,Score_EL,Rank_EL,Score_pMHC-TCR
CAVKSGGSYIPTF,TRAV12-2*01,CASSYLNRDSALDF,TRBV6-5*01,SLLTWITQC,HLA-A*02:01,0.3886833190917969,1.286,0.49631947
CAVKSGGSYIPTF,TRAV12-2*01,CASSYLNRDSALDF,TRBV6-5*01,SLLMWQTQC,HLA-A*02:01,0.06371446698904037,5.056,0.5539154
CAVKSGGSYIPTF,TRAV12-2*01,CASSYLNRDSALDF,TRBV6-5*01,SLLMWITGC,HLA-A*02:01,0.00014851204468868673,14.105,0.54358876
CAVKSGGSYIPTF,TRAV12-2*01,CASSYLNRDSALDF,TRBV6-5*01,SLLMWITRC,HLA-A*02:01,0.05408109351992607,5.248,0.51109755
CAVKSGGSYIPTF,TRAV12-2*01,CASSYLNRDSALDF,TRBV6-5*01,SLLMWMTQC,HLA-A*02:01,1.1825480896732188e-06,28.101,0.56603634
CAVKSGGSYIPTF,TRAV12-2*01,CASSYLNRDSALDF,TRBV6-5*01,SLLGWITQC,HLA-A*02:01,0.39962679147720337,1.207,0.51048034
CAVKSGGSYIPTF,TRAV12-2*01,CASSYLNRDSALDF,TRBV6-5*01,SLLMWITQQ,HLA-A*02:01,1.60862381193283e-08,47.846,0.512543
CAVKSGGSYIPTF,TRAV12-2*01,CASSYLNRDSALDF,TRBV6-5*01,SLLMWYTQC,HLA-A*02:01,3.760764144544737e-09,51.346,0.48390776
CAVKSGGSYIPTF,TRAV12-2*01,CASSYLNRDSALDF,TRBV6-5*01,SLLSWITQC,HLA-A*02:01,0.39774760603904724,1.22,0.48798257
CAVKSGGSYIPTF,TRAV12-2*01,CASSYLNRDSALDF,TRBV6-5*01,SDLMWITQC,HLA-A*02:01,4.718408302961663e-11,51.346,0.50498354
CAVKSGGSYIPTF,TRAV12-2*01,CASSYLNRDSALDF,TRBV6-5*01,SLQMWITQC,HLA-A*02:01,9.994998890761053e-07,28.725,0.49255046
CAVKSGGSYIPTF,TRAV12-2*01,CASSYLNRDSALDF,TRBV6-5*01,SLLMWTTQC,HLA-A*02:01,8.807890844764188e-05,15.261,0.56443727
CAVKSGGSYIPTF,TRAV12-2*01,CASSYLNRDSALDF,TRBV6-5*01,SLLMWITQK,HLA-A*02:01,1.2833330842454416e-08,47.846,0.48094088
CAVKSGGSYIPTF,TRAV12-2*01,CASSYLNRDSALDF,TRBV6-5*01,SLLMWIIQC,HLA-A*02:01,3.5344812658877345e-06,24.253,0.43186125
CAVKSGGSYIPTF,TRAV12-2*01,CASSYLNRDSALDF,TRBV6-5*01,SLLMYITQC,HLA-A*02:01,0.0016673195641487837,9.677,0.47875348
CAVKSGGSYIPTF,TRAV12-2*01,CASSYLNRDSALDF,TRBV6-5*01,SLLMWATQC,HLA-A*02:01,5.8169416661257856e-06,22.662,0.627423
CAVKSGGSYIPTF,TRAV12-2*01,CASSYLNRDSALDF,TRBV6-5*01,SLLMRITQC,HLA-A*02:01,0.010357769206166267,7.233,0.5579697
CAVKSGGSYIPTF,TRAV12-2*01,CASSYLNRDSALDF,TRBV6-5*01,TLLMWITQC,HLA-A*02:01,0.15968108177185059,3.601,0.51333815
CAVKSGGSYIPTF,TRAV12-2*01,CASSYLNRDSALDF,TRBV6-5*01,SLVMWITQC,HLA-A*02:01,5.816571501782164e-05,16.234,0.50920063
CAVKSGGSYIPTF,TRAV12-2*01,CASSYLNRDSALDF,TRBV6-5*01,SLLMWITPC,HLA-A*02:01,1.0450147691631884e-10,51.346,0.5203583
CAVKSGGSYIPTF,TRAV12-2*01,CASSYLNRDSALDF,TRBV6-5*01,NLLMWITQC,HLA-A*02:01,0.00016999521176330745,13.835,0.49388418
CAVKSGGSYIPTF,TRAV12-2*01,CASSYLNRDSALDF,TRBV6-5*01,SLLMLITQC,HLA-A*02:01,0.005385079421103001,8.077,0.56810534
CAVKSGGSYIPTF,TRAV12-2*01,CASSYLNRDSALDF,TRBV6-5*01,YLLMWITQC,HLA-A*02:01,0.19445641338825226,2.801,0.458433
CAVKSGGSYIPTF,TRAV12-2*01,CASSYLNRDSALDF,TRBV6-5*01,SLLMWWTQC,HLA-A*02:01,9.254382149492812e-09,49.509,0.53588873
CAVKSGGSYIPTF,TRAV12-2*01,CASSYLNRDSALDF,TRBV6-5*01,LLLMWITQC,HLA-A*02:01,2.830423184718711e-08,44.47,0.5078854
CAVKSGGSYIPTF,TRAV12-2*01,CASSYLNRDSALDF,TRBV6-5*01,ALLMWITQC,HLA-A*02:01,0.12416708469390869,4.101,0.53970253
CAVKSGGSYIPTF,TRAV12-2*01,CASSYLNRDSALDF,TRBV6-5*01,SLLMWDTQC,HLA-A*02:01,0.05589764192700386,5.214,0.5235869
CAVKSGGSYIPTF,TRAV12-2*01,CASSYLNRDSALDF,TRBV6-5*01,SLLMWICQC,HLA-A*02:01,5.170841532731174e-09,51.346,0.47095078
CAVKSGGSYIPTF,TRAV12-2*01,CASSYLNRDSALDF,TRBV6-5*01,SLLMWSTQC,HLA-A*02:01,0.003227492328733206,8.744,0.55428284
CAVKSGGSYIPTF,TRAV12-2*01,CASSYLNRDSALDF,TRBV6-5*01,SLLMWITCC,HLA-A*02:01,1.1937846267073837e-09,51.346,0.489077
CAVKSGGSYIPTF,TRAV12-2*01,CASSYLNRDSALDF,TRBV6-5*01,SLLMCITQC,HLA-A*02:01,1.1890251006008157e-09,51.346,0.5616458
CAVKSGGSYIPTF,TRAV12-2*01,CASSYLNRDSALDF,TRBV6-5*01,SNLMWITQC,HLA-A*02:01,3.939388815155098e-10,51.346,0.49000454
CAVKSGGSYIPTF,TRAV12-2*01,CASSYLNRDSALDF,TRBV6-5*01,SLLMSITQC,HLA-A*02:01,2.4684826712473296e-05,18.462,0.57002085
CAVKSGGSYIPTF,TRAV12-2*01,CASSYLNRDSALDF,TRBV6-5*01,SLLMWIRQC,HLA-A*02:01,0.0005573788657784462,11.502,0.5034763
CAVKSGGSYIPTF,TRAV12-2*01,CASSYLNRDSALDF,TRBV6-5*01,SLLMWIKQC,HLA-A*02:01,1.859685994531901e-06,26.446,0.47012582
CAVKSGGSYIPTF,TRAV12-2*01,CASSYLNRDSALDF,TRBV6-5*01,SSLMWITQC,HLA-A*02:01,3.4392378438496962e-06,24.34,0.49707174
CAVKSGGSYIPTF,TRAV12-2*01,CASSYLNRDSALDF,TRBV6-5*01,SGLMWITQC,HLA-A*02:01,7.205054686210133e-08,39.07,0.54217607
CAVKSGGSYIPTF,TRAV12-2*01,CASSYLNRDSALDF,TRBV6-5*01,SLTMWITQC,HLA-A*02:01,5.242282713879831e-05,16.493,0.50746584
CAVKSGGSYIPTF,TRAV12-2*01,CASSYLNRDSALDF,TRBV6-5*01,SLLMEITQC,HLA-A*02:01,0.08176968991756439,4.709,0.58347285
CAVKSGGSYIPTF,TRAV12-2*01,CASSYLNRDSALDF,TRBV6-5*01,SLMMWITQC,HLA-A*02:01,0.19604499638080597,2.727,0.51173854
CAVKSGGSYIPTF,TRAV12-2*01,CASSYLNRDSALDF,TRBV6-5*01,SLLMWNTQC,HLA-A*02:01,0.08881179988384247,4.605,0.51398176
CAVKSGGSYIPTF,TRAV12-2*01,CASSYLNRDSALDF,TRBV6-5*01,SLLPWITQC,HLA-A*02:01,0.20123127102851868,2.341,0.5766913
CAVKSGGSYIPTF,TRAV12-2*01,CASSYLNRDSALDF,TRBV6-5*01,SLLMWITQC,HLA-A*02:01,0.18162408471107483,3.193,0.5050529
CAVKSGGSYIPTF,TRAV12-2*01,CASSYLNRDSALDF,TRBV6-5*01,SLLVWITQC,HLA-A*02:01,0.11603331565856934,4.205,0.49295172
CAVKSGGSYIPTF,TRAV12-2*01,CASSYLNRDSALDF,TRBV6-5*01,SLLMAITQC,HLA-A*02:01,0.00020228834182489663,13.469,0.6574825
CAVKSGGSYIPTF,TRAV12-2*01,CASSYLNRDSALDF,TRBV6-5*01,SALMWITQC,HLA-A*02:01,3.0080613555583113e-07,33.299,0.54027224
CAVKSGGSYIPTF,TRAV12-2*01,CASSYLNRDSALDF,TRBV6-5*01,FLLMWITQC,HLA-A*02:01,0.09928818792104721,4.45,0.43288922
CAVKSGGSYIPTF,TRAV12-2*01,CASSYLNRDSALDF,TRBV6-5*01,SLLMWITQM,HLA-A*02:01,0.35405799746513367,1.473,0.4771576
CAVKSGGSYIPTF,TRAV12-2*01,CASSYLNRDSALDF,TRBV6-5*01,SYLMWITQC,HLA-A*02:01,2.278248284470763e-10,51.346,0.46858984
CAVKSGGSYIPTF,TRAV12-2*01,CASSYLNRDSALDF,TRBV6-5*01,SLLMWITNC,HLA-A*02:01,5.61803346954548e-07,30.925,0.48002967
CAVKSGGSYIPTF,TRAV12-2*01,CASSYLNRDSALDF,TRBV6-5*01,SLLDWITQC,HLA-A*02:01,0.7329961061477661,0.505,0.51390374
CAVKSGGSYIPTF,TRAV12-2*01,CASSYLNRDSALDF,TRBV6-5*01,SCLMWITQC,HLA-A*02:01,2.081882577442684e-08,46.022,0.49182138
CAVKSGGSYIPTF,TRAV12-2*01,CASSYLNRDSALDF,TRBV6-5*01,SLLMWIYQC,HLA-A*02:01,0.03435496240854263,5.796,0.41937894
CAVKSGGSYIPTF,TRAV12-2*01,CASSYLNRDSALDF,TRBV6-5*01,SLLFWITQC,HLA-A*02:01,0.02781994268298149,6.038,0.41735476
CAVKSGGSYIPTF,TRAV12-2*01,CASSYLNRDSALDF,TRBV6-5*01,SLLMWGTQC,HLA-A*02:01,7.280191312020179e-07,29.906,0.59484273
CAVKSGGSYIPTF,TRAV12-2*01,CASSYLNRDSALDF,TRBV6-5*01,SLLMWITYC,HLA-A*02:01,0.012554128654301167,6.974,0.42994255
CAVKSGGSYIPTF,TRAV12-2*01,CASSYLNRDSALDF,TRBV6-5*01,SLLMIITQC,HLA-A*02:01,0.06327973306179047,5.065,0.51951015
CAVKSGGSYIPTF,TRAV12-2*01,CASSYLNRDSALDF,TRBV6-5*01,SLLMWITFC,HLA-A*02:01,1.2096926411686582e-06,28.025,0.40963712
CAVKSGGSYIPTF,TRAV12-2*01,CASSYLNRDSALDF,TRBV6-5*01,VLLMWITQC,HLA-A*02:01,7.035904855001718e-05,15.782,0.49094424
CAVKSGGSYIPTF,TRAV12-2*01,CASSYLNRDSALDF,TRBV6-5*01,SLLKWITQC,HLA-A*02:01,0.5480855703353882,0.854,0.470337
CAVKSGGSYIPTF,TRAV12-2*01,CASSYLNRDSALDF,TRBV6-5*01,WLLMWITQC,HLA-A*02:01,1.125180278904736e-05,20.648,0.47384906
CAVKSGGSYIPTF,TRAV12-2*01,CASSYLNRDSALDF,TRBV6-5*01,SLLMWIAQC,HLA-A*02:01,0.10836945474147797,4.314,0.57874477
CAVKSGGSYIPTF,TRAV12-2*01,CASSYLNRDSALDF,TRBV6-5*01,SLLCWITQC,HLA-A*02:01,0.027809595689177513,6.038,0.48274842
CAVKSGGSYIPTF,TRAV12-2*01,CASSYLNRDSALDF,TRBV6-5*01,SLLMVITQC,HLA-A*02:01,0.05646524578332901,5.203,0.5752425
CAVKSGGSYIPTF,TRAV12-2*01,CASSYLNRDSALDF,TRBV6-5*01,SLGMWITQC,HLA-A*02:01,4.0793253219817416e-07,32.146,0.5607587
CAVKSGGSYIPTF,TRAV12-2*01,CASSYLNRDSALDF,TRBV6-5*01,SLLIWITQC,HLA-A*02:01,0.19159993529319763,2.917,0.43960842
CAVKSGGSYIPTF,TRAV12-2*01,CASSYLNRDSALDF,TRBV6-5*01,SLIMWITQC,HLA-A*02:01,0.1358451545238495,3.956,0.47725335
CAVKSGGSYIPTF,TRAV12-2*01,CASSYLNRDSALDF,TRBV6-5*01,SLLMWITSC,HLA-A*02:01,7.99041913523979e-07,29.538,0.5199696
CAVKSGGSYIPTF,TRAV12-2*01,CASSYLNRDSALDF,TRBV6-5*01,SLLMWITLC,HLA-A*02:01,6.563189458574925e-07,30.311,0.46912342
CAVKSGGSYIPTF,TRAV12-2*01,CASSYLNRDSALDF,TRBV6-5*01,SLLMWVTQC,HLA-A*02:01,0.007024051155894995,7.757,0.55590683
CAVKSGGSYIPTF,TRAV12-2*01,CASSYLNRDSALDF,TRBV6-5*01,SLWMWITQC,HLA-A*02:01,0.16159023344516754,3.575,0.4790237
CAVKSGGSYIPTF,TRAV12-2*01,CASSYLNRDSALDF,TRBV6-5*01,SLLMWITQP,HLA-A*02:01,4.315857040637638e-06,23.594,0.56385773
CAVKSGGSYIPTF,TRAV12-2*01,CASSYLNRDSALDF,TRBV6-5*01,SLRMWITQC,HLA-A*02:01,6.455906742530715e-08,39.847,0.4862461
CAVKSGGSYIPTF,TRAV12-2*01,CASSYLNRDSALDF,TRBV6-5*01,SRLMWITQC,HLA-A*02:01,1.67752774562005e-13,51.346,0.4984033
CAVKSGGSYIPTF,TRAV12-2*01,CASSYLNRDSALDF,TRBV6-5*01,SLLMWLTQC,HLA-A*02:01,5.058830720372498e-05,16.58,0.55018413
CAVKSGGSYIPTF,TRAV12-2*01,CASSYLNRDSALDF,TRBV6-5*01,SLLMWIEQC,HLA-A*02:01,0.2226683795452118,2.063,0.5171478
CAVKSGGSYIPTF,TRAV12-2*01,CASSYLNRDSALDF,TRBV6-5*01,GLLMWITQC,HLA-A*02:01,0.004894809797406197,8.192,0.5035309
CAVKSGGSYIPTF,TRAV12-2*01,CASSYLNRDSALDF,TRBV6-5*01,SELMWITQC,HLA-A*02:01,4.690324999501172e-07,31.612,0.5149715
CAVKSGGSYIPTF,TRAV12-2*01,CASSYLNRDSALDF,TRBV6-5*01,SLLMDITQC,HLA-A*02:01,0.00731049757450819,7.707,0.56657505
CAVKSGGSYIPTF,TRAV12-2*01,CASSYLNRDSALDF,TRBV6-5*01,SLLMFITQC,HLA-A*02:01,0.0716012567281723,4.893,0.47265863
CAVKSGGSYIPTF,TRAV12-2*01,CASSYLNRDSALDF,TRBV6-5*01,SLAMWITQC,HLA-A*02:01,0.16717922687530518,3.485,0.55216324
CAVKSGGSYIPTF,TRAV12-2*01,CASSYLNRDSALDF,TRBV6-5*01,SLLMWFTQC,HLA-A*02:01,2.560981783972238e-06,25.325,0.4696784
CAVKSGGSYIPTF,TRAV12-2*01,CASSYLNRDSALDF,TRBV6-5*01,SLLMWITQH,HLA-A*02:01,1.8361296838520502e-07,35.358,0.49586692
CAVKSGGSYIPTF,TRAV12-2*01,CASSYLNRDSALDF,TRBV6-5*01,HLLMWITQC,HLA-A*02:01,0.15176896750926971,3.721,0.48412013
CAVKSGGSYIPTF,TRAV12-2*01,CASSYLNRDSALDF,TRBV6-5*01,SLLMWCTQC,HLA-A*02:01,1.1503508146049057e-09,51.346,0.52882254
CAVKSGGSYIPTF,TRAV12-2*01,CASSYLNRDSALDF,TRBV6-5*01,SLLYWITQC,HLA-A*02:01,0.1482742726802826,3.771,0.44742146
CAVKSGGSYIPTF,TRAV12-2*01,CASSYLNRDSALDF,TRBV6-5*01,SLLWWITQC,HLA-A*02:01,0.1068820133805275,4.331,0.4836011
CAVKSGGSYIPTF,TRAV12-2*01,CASSYLNRDSALDF,TRBV6-5*01,STLMWITQC,HLA-A*02:01,0.010108953341841698,7.272,0.5084647
CAVKSGGSYIPTF,TRAV12-2*01,CASSYLNRDSALDF,TRBV6-5*01,SPLMWITQC,HLA-A*02:01,1.686477069107184e-10,51.346,0.50966895
CAVKSGGSYIPTF,TRAV12-2*01,CASSYLNRDSALDF,TRBV6-5*01,SMLMWITQC,HLA-A*02:01,4.29475840064697e-05,17.004,0.50905555
CAVKSGGSYIPTF,TRAV12-2*01,CASSYLNRDSALDF,TRBV6-5*01,CLLMWITQC,HLA-A*02:01,2.014939770589308e-09,51.346,0.47769803
CAVKSGGSYIPTF,TRAV12-2*01,CASSYLNRDSALDF,TRBV6-5*01,SLLMWIFQC,HLA-A*02:01,6.570253026438877e-05,15.937,0.39965168
CAVKSGGSYIPTF,TRAV12-2*01,CASSYLNRDSALDF,TRBV6-5*01,SLLMWIWQC,HLA-A*02:01,0.001235876465216279,10.135,0.47020322
CAVKSGGSYIPTF,TRAV12-2*01,CASSYLNRDSALDF,TRBV6-5*01,SLLMWIMQC,HLA-A*02:01,1.589549603053797e-09,51.346,0.48132676
CAVKSGGSYIPTF,TRAV12-2*01,CASSYLNRDSALDF,TRBV6-5*01,QLLMWITQC,HLA-A*02:01,0.0027931141667068005,8.956,0.51447594
CAVKSGGSYIPTF,TRAV12-2*01,CASSYLNRDSALDF,TRBV6-5*01,SLLMWITVC,HLA-A*02:01,3.355622902745381e-05,17.647,0.48338357
CAVKSGGSYIPTF,TRAV12-2*01,CASSYLNRDSALDF,TRBV6-5*01,SLLMWPTQC,HLA-A*02:01,9.449941273942386e-08,38.169,0.5923323
CAVKSGGSYIPTF,TRAV12-2*01,CASSYLNRDSALDF,TRBV6-5*01,SLLAWITQC,HLA-A*02:01,0.39746415615081787,1.22,0.5452015
CAVKSGGSYIPTF,TRAV12-2*01,CASSYLNRDSALDF,TRBV6-5*01,SLLMMITQC,HLA-A*02:01,5.574157313503747e-08,40.285,0.5832073
CAVKSGGSYIPTF,TRAV12-2*01,CASSYLNRDSALDF,TRBV6-5*01,SLLMWITQI,HLA-A*02:01,0.9802263975143433,0.182,0.43169254
CAVKSGGSYIPTF,TRAV12-2*01,CASSYLNRDSALDF,TRBV6-5*01,SLNMWITQC,HLA-A*02:01,1.5345537462962966e-07,36.107,0.4725429
CAVKSGGSYIPTF,TRAV12-2*01,CASSYLNRDSALDF,TRBV6-5*01,ELLMWITQC,HLA-A*02:01,4.35786660091253e-07,31.869,0.5362004
CAVKSGGSYIPTF,TRAV12-2*01,CASSYLNRDSALDF,TRBV6-5*01,SLLLWITQC,HLA-A*02:01,0.18113973736763,3.2,0.47587413
CAVKSGGSYIPTF,TRAV12-2*01,CASSYLNRDSALDF,TRBV6-5*01,SLLMWITQR,HLA-A*02:01,4.269454620953184e-06,23.631,0.53202
CAVKSGGSYIPTF,TRAV12-2*01,CASSYLNRDSALDF,TRBV6-5*01,SQLMWITQC,HLA-A*02:01,3.108323198830476e-06,24.658,0.4981616
CAVKSGGSYIPTF,TRAV12-2*01,CASSYLNRDSALDF,TRBV6-5*01,SLCMWITQC,HLA-A*02:01,1.0372833457950037e-05,20.876,0.49373284
CAVKSGGSYIPTF,TRAV12-2*01,CASSYLNRDSALDF,TRBV6-5*01,SLLMWRTQC,HLA-A*02:01,1.31725869323418e-07,36.607,0.5848838
CAVKSGGSYIPTF,TRAV12-2*01,CASSYLNRDSALDF,TRBV6-5*01,SLLMWIPQC,HLA-A*02:01,0.0012582173803821206,10.107,0.50554085
CAVKSGGSYIPTF,TRAV12-2*01,CASSYLNRDSALDF,TRBV6-5*01,DLLMWITQC,HLA-A*02:01,7.483856201417893e-09,49.509,0.5027695
CAVKSGGSYIPTF,TRAV12-2*01,CASSYLNRDSALDF,TRBV6-5*01,SLKMWITQC,HLA-A*02:01,1.6842896002344787e-06,26.807,0.47415495
CAVKSGGSYIPTF,TRAV12-2*01,CASSYLNRDSALDF,TRBV6-5*01,SLLMWETQC,HLA-A*02:01,0.17467692494392395,3.341,0.562022
CAVKSGGSYIPTF,TRAV12-2*01,CASSYLNRDSALDF,TRBV6-5*01,SLLMWKTQC,HLA-A*02:01,0.1279297173023224,4.05,0.5263136
CAVKSGGSYIPTF,TRAV12-2*01,CASSYLNRDSALDF,TRBV6-5*01,SLLMWIDQC,HLA-A*02:01,0.009459366090595722,7.371,0.5140513
CAVKSGGSYIPTF,TRAV12-2*01,CASSYLNRDSALDF,TRBV6-5*01,SLLMWILQC,HLA-A*02:01,8.567115905577793e-09,49.509,0.4655756
CAVKSGGSYIPTF,TRAV12-2*01,CASSYLNRDSALDF,TRBV6-5*01,SLLNWITQC,HLA-A*02:01,0.40642237663269043,1.18,0.4757843
CAVKSGGSYIPTF,TRAV12-2*01,CASSYLNRDSALDF,TRBV6-5*01,SLLMWITQS,HLA-A*02:01,1.0576138720352901e-06,28.506,0.53006995
CAVKSGGSYIPTF,TRAV12-2*01,CASSYLNRDSALDF,TRBV6-5*01,SLPMWITQC,HLA-A*02:01,4.796475332113914e-05,16.723,0.5354408
CAVKSGGSYIPTF,TRAV12-2*01,CASSYLNRDSALDF,TRBV6-5*01,SVLMWITQC,HLA-A*02:01,0.018624942749738693,6.505,0.5033514
CAVKSGGSYIPTF,TRAV12-2*01,CASSYLNRDSALDF,TRBV6-5*01,SLLQWITQC,HLA-A*02:01,0.3331165909767151,1.557,0.4944358
CAVKSGGSYIPTF,TRAV12-2*01,CASSYLNRDSALDF,TRBV6-5*01,ILLMWITQC,HLA-A*02:01,6.748699433956062e-06,22.183,0.46575624
CAVKSGGSYIPTF,TRAV12-2*01,CASSYLNRDSALDF,TRBV6-5*01,SLLMWITQG,HLA-A*02:01,5.841548134100094e-09,51.346,0.57759464
CAVKSGGSYIPTF,TRAV12-2*01,CASSYLNRDSALDF,TRBV6-5*01,SLLMWITQY,HLA-A*02:01,0.1977369636297226,2.649,0.42747554
CAVKSGGSYIPTF,TRAV12-2*01,CASSYLNRDSALDF,TRBV6-5*01,SLLMWITEC,HLA-A*02:01,0.0004613028431776911,11.829,0.5042661
CAVKSGGSYIPTF,TRAV12-2*01,CASSYLNRDSALDF,TRBV6-5*01,SLLMWITIC,HLA-A*02:01,4.8622741388726354e-08,40.867,0.43369848
CAVKSGGSYIPTF,TRAV12-2*01,CASSYLNRDSALDF,TRBV6-5*01,SLYMWITQC,HLA-A*02:01,0.0008574920939281583,10.772,0.45732218
CAVKSGGSYIPTF,TRAV12-2*01,CASSYLNRDSALDF,TRBV6-5*01,SLLMWITQL,HLA-A*02:01,0.9824891090393066,0.169,0.4718464
CAVKSGGSYIPTF,TRAV12-2*01,CASSYLNRDSALDF,TRBV6-5*01,SLHMWITQC,HLA-A*02:01,0.10861830413341522,4.31,0.47794002
CAVKSGGSYIPTF,TRAV12-2*01,CASSYLNRDSALDF,TRBV6-5*01,SKLMWITQC,HLA-A*02:01,6.699073240579168e-11,51.346,0.49418026
CAVKSGGSYIPTF,TRAV12-2*01,CASSYLNRDSALDF,TRBV6-5*01,SLLMWITQE,HLA-A*02:01,8.29842683458537e-09,49.509,0.50579774
CAVKSGGSYIPTF,TRAV12-2*01,CASSYLNRDSALDF,TRBV6-5*01,SLLMQITQC,HLA-A*02:01,2.5045766960829496e-05,18.423,0.56655127
CAVKSGGSYIPTF,TRAV12-2*01,CASSYLNRDSALDF,TRBV6-5*01,SILMWITQC,HLA-A*02:01,0.0002609334187582135,12.963,0.47276145
CAVKSGGSYIPTF,TRAV12-2*01,CASSYLNRDSALDF,TRBV6-5*01,SLLMWITAC,HLA-A*02:01,2.3401760699925944e-05,18.623,0.5956062
CAVKSGGSYIPTF,TRAV12-2*01,CASSYLNRDSALDF,TRBV6-5*01,SLLMTITQC,HLA-A*02:01,5.5808312026783824e-05,16.325,0.5691534
CAVKSGGSYIPTF,TRAV12-2*01,CASSYLNRDSALDF,TRBV6-5*01,SLLMWIHQC,HLA-A*02:01,0.38946643471717834,1.278,0.47705096
CAVKSGGSYIPTF,TRAV12-2*01,CASSYLNRDSALDF,TRBV6-5*01,SLLMWITQD,HLA-A*02:01,5.499029676059308e-09,51.346,0.49846154
CAVKSGGSYIPTF,TRAV12-2*01,CASSYLNRDSALDF,TRBV6-5*01,SLLMWIGQC,HLA-A*02:01,5.069886732655959e-10,51.346,0.55617076
CAVKSGGSYIPTF,TRAV12-2*01,CASSYLNRDSALDF,TRBV6-5*01,SLLMWIQQC,HLA-A*02:01,0.1717706024646759,3.395,0.50105006
CAVKSGGSYIPTF,TRAV12-2*01,CASSYLNRDSALDF,TRBV6-5*01,SLLMWITWC,HLA-A*02:01,1.6711021899595835e-08,47.846,0.46820536
CAVKSGGSYIPTF,TRAV12-2*01,CASSYLNRDSALDF,TRBV6-5*01,SLLMWITDC,HLA-A*02:01,2.59166155203161e-09,51.346,0.500834
CAVKSGGSYIPTF,TRAV12-2*01,CASSYLNRDSALDF,TRBV6-5*01,SLLMWITTC,HLA-A*02:01,6.991007012402406e-06,22.071,0.5272795
CAVKSGGSYIPTF,TRAV12-2*01,CASSYLNRDSALDF,TRBV6-5*01,SLLMWITQW,HLA-A*02:01,9.66422959436386e-08,37.897,0.46961254
CAVKSGGSYIPTF,TRAV12-2*01,CASSYLNRDSALDF,TRBV6-5*01,SLLHWITQC,HLA-A*02:01,0.368985116481781,1.395,0.48533416
CAVKSGGSYIPTF,TRAV12-2*01,CASSYLNRDSALDF,TRBV6-5*01,SLLMWITQV,HLA-A*02:01,0.9985221028327942,0.021,0.49485445
CAVKSGGSYIPTF,TRAV12-2*01,CASSYLNRDSALDF,TRBV6-5*01,SLLMWITHC,HLA-A*02:01,0.09106519818305969,4.576,0.48368424
CAVKSGGSYIPTF,TRAV12-2*01,CASSYLNRDSALDF,TRBV6-5*01,SFLMWITQC,HLA-A*02:01,3.3527822445450495e-12,51.346,0.4433278
CAVKSGGSYIPTF,TRAV12-2*01,CASSYLNRDSALDF,TRBV6-5*01,SLDMWITQC,HLA-A*02:01,0.021038252860307693,6.352,0.49553537
CAVKSGGSYIPTF,TRAV12-2*01,CASSYLNRDSALDF,TRBV6-5*01,PLLMWITQC,HLA-A*02:01,7.693162160649081e-07,29.698,0.5625838
CAVKSGGSYIPTF,TRAV12-2*01,CASSYLNRDSALDF,TRBV6-5*01,SLLRWITQC,HLA-A*02:01,0.20223717391490936,2.318,0.5008859
CAVKSGGSYIPTF,TRAV12-2*01,CASSYLNRDSALDF,TRBV6-5*01,SLFMWITQC,HLA-A*02:01,0.19416645169258118,2.81,0.43810686
CAVKSGGSYIPTF,TRAV12-2*01,CASSYLNRDSALDF,TRBV6-5*01,SLSMWITQC,HLA-A*02:01,0.00121995247900486,10.155,0.49782234
CAVKSGGSYIPTF,TRAV12-2*01,CASSYLNRDSALDF,TRBV6-5*01,SLLMWITKC,HLA-A*02:01,0.19180144369602203,2.907,0.46963185
CAVKSGGSYIPTF,TRAV12-2*01,CASSYLNRDSALDF,TRBV6-5*01,SLLMWINQC,HLA-A*02:01,0.19649407267570496,2.699,0.4749921
CAVKSGGSYIPTF,TRAV12-2*01,CASSYLNRDSALDF,TRBV6-5*01,RLLMWITQC,HLA-A*02:01,0.12953200936317444,4.037,0.519447
CAVKSGGSYIPTF,TRAV12-2*01,CASSYLNRDSALDF,TRBV6-5*01,SLLMNITQC,HLA-A*02:01,0.00027268589474260807,12.873,0.52335054
CAVKSGGSYIPTF,TRAV12-2*01,CASSYLNRDSALDF,TRBV6-5*01,SLLMPITQC,HLA-A*02:01,0.0024088663049042225,9.161,0.6037922
CAVKSGGSYIPTF,TRAV12-2*01,CASSYLNRDSALDF,TRBV6-5*01,MLLMWITQC,HLA-A*02:01,0.002674862276762724,9.028,0.49278918
CAVKSGGSYIPTF,TRAV12-2*01,CASSYLNRDSALDF,TRBV6-5*01,SLLMWHTQC,HLA-A*02:01,0.07581786811351776,4.823,0.5291834
CAVKSGGSYIPTF,TRAV12-2*01,CASSYLNRDSALDF,TRBV6-5*01,SLLMWITQN,HLA-A*02:01,3.4855048625104246e-07,32.737,0.474065
CAVKSGGSYIPTF,TRAV12-2*01,CASSYLNRDSALDF,TRBV6-5*01,SLEMWITQC,HLA-A*02:01,2.872085236305111e-09,51.346,0.50201595
CAVKSGGSYIPTF,TRAV12-2*01,CASSYLNRDSALDF,TRBV6-5*01,SWLMWITQC,HLA-A*02:01,1.0668415546051697e-14,51.346,0.48707724
CAVKSGGSYIPTF,TRAV12-2*01,CASSYLNRDSALDF,TRBV6-5*01,SLLMKITQC,HLA-A*02:01,0.013112669810652733,6.915,0.5312434
CAVKSGGSYIPTF,TRAV12-2*01,CASSYLNRDSALDF,TRBV6-5*01,SHLMWITQC,HLA-A*02:01,4.99116803442945e-10,51.346,0.48801717
CAVKSGGSYIPTF,TRAV12-2*01,CASSYLNRDSALDF,TRBV6-5*01,SLLMWITQT,HLA-A*02:01,0.07489021122455597,4.835,0.52873296
CAVKSGGSYIPTF,TRAV12-2*01,CASSYLNRDSALDF,TRBV6-5*01,SLLMHITQC,HLA-A*02:01,0.00014112699136603624,14.227,0.5196024
CAVKSGGSYIPTF,TRAV12-2*01,CASSYLNRDSALDF,TRBV6-5*01,SLLEWITQC,HLA-A*02:01,0.5519031882286072,0.847,0.5111376
CAVKSGGSYIPTF,TRAV12-2*01,CASSYLNRDSALDF,TRBV6-5*01,SLLMWITQF,HLA-A*02:01,0.006169453263282776,7.909,0.41793236
CAVKSGGSYIPTF,TRAV12-2*01,CASSYLNRDSALDF,TRBV6-5*01,SLLMWISQC,HLA-A*02:01,0.08889872580766678,4.603,0.50498474
CAVKSGGSYIPTF,TRAV12-2*01,CASSYLNRDSALDF,TRBV6-5*01,SLLMGITQC,HLA-A*02:01,6.531696271849796e-05,15.956,0.65973294
CAVKSGGSYIPTF,TRAV12-2*01,CASSYLNRDSALDF,TRBV6-5*01,KLLMWITQC,HLA-A*02:01,0.22241845726966858,2.066,0.514927
CAVKSGGSYIPTF,TRAV12-2*01,CASSYLNRDSALDF,TRBV6-5*01,SLLMWITMC,HLA-A*02:01,5.788118414784549e-06,22.672,0.50158966
CAVKSGGSYIPTF,TRAV12-2*01,CASSYLNRDSALDF,TRBV6-5*01,SLLMWIVQC,HLA-A*02:01,5.440216773422435e-05,16.396,0.48728934
CAVKSGGSYIPTF,TRAV12-2*01,CASSYLNRDSALDF,TRBV6-5*01,SLLMWITQA,HLA-A*02:01,0.9719177484512329,0.207,0.6069126
