CDR3a,CDR3a_V,CDR3b,CDR3b_V,Antigens,HLA alleles,Score_EL,Rank_EL,Score_pMHC-TCR
CAVHMNRDDKIIF,TRAV25*01,CASSLTSFYEQYF,TRBV27*01,VPSVPRSSL,HLA-B*07:02,0.9996581077575684,0.002,0.26407158
CAVHMNRDDKIIF,TRAV25*01,CASSLTSFYEQYF,TRBV27*01,VPSVWRYSL,HLA-B*07:02,0.7633206844329834,0.519,0.21494491
CAVHMNRDDKIIF,TRAV25*01,CASSLTSFYEQYF,TRBV27*01,VPSVFRSSL,HLA-B*07:02,0.9991146922111511,0.013,0.2252979
CAVHMNRDDKIIF,TRAV25*01,CASSLTSFYEQYF,TRBV27*01,VPSEWRSSL,HLA-B*07:02,0.9979710578918457,0.047,0.23956802
CAVHMNRDDKIIF,TRAV25*01,CASSLTSFYEQYF,TRBV27*01,VPSVSRSSL,HLA-B*07:02,0.9993699193000793,0.008,0.25006035
CAVHMNRDDKIIF,TRAV25*01,CASSLTSFYEQYF,TRBV27*01,VPSTWRSSL,HLA-B*07:02,0.9977801442146301,0.056,0.24345179
CAVHMNRDDKIIF,TRAV25*01,CASSLTSFYEQYF,TRBV27*01,VPSRWRSSL,HLA-B*07:02,0.9937657117843628,0.154,0.2433705
CAVHMNRDDKIIF,TRAV25*01,CASSLTSFYEQYF,TRBV27*01,VPSVLRSSL,HLA-B*07:02,0.9987978935241699,0.019,0.25190562
CAVHMNRDDKIIF,TRAV25*01,CASSLTSFYEQYF,TRBV27*01,KPSVWRSSL,HLA-B*07:02,0.9971778988838196,0.073,0.26749638
CAVHMNRDDKIIF,TRAV25*01,CASSLTSFYEQYF,TRBV27*01,VPSVGRSSL,HLA-B*07:02,0.9996566772460938,0.002,0.27110237
CAVHMNRDDKIIF,TRAV25*01,CASSLTSFYEQYF,TRBV27*01,VPSVWRISL,HLA-B*07:02,0.9975150227546692,0.064,0.21568704
CAVHMNRDDKIIF,TRAV25*01,CASSLTSFYEQYF,TRBV27*01,VPSVWVSSL,HLA-B*07:02,0.993654727935791,0.156,0.2370919
CAVHMNRDDKIIF,TRAV25*01,CASSLTSFYEQYF,TRBV27*01,VPSGWRSSL,HLA-B*07:02,0.9982515573501587,0.04,0.26174515
CAVHMNRDDKIIF,TRAV25*01,CASSLTSFYEQYF,TRBV27*01,VPSVWRLSL,HLA-B*07:02,0.9959394335746765,0.106,0.22937846
CAVHMNRDDKIIF,TRAV25*01,CASSLTSFYEQYF,TRBV27*01,VPSMWRSSL,HLA-B*07:02,0.9967679977416992,0.087,0.26036647
CAVHMNRDDKIIF,TRAV25*01,CASSLTSFYEQYF,TRBV27*01,VPSLWRSSL,HLA-B*07:02,0.9974729418754578,0.066,0.25089002
CAVHMNRDDKIIF,TRAV25*01,CASSLTSFYEQYF,TRBV27*01,VPSVWRSCL,HLA-B*07:02,0.5725522041320801,0.728,0.24876484
CAVHMNRDDKIIF,TRAV25*01,CASSLTSFYEQYF,TRBV27*01,VPSVWRSFL,HLA-B*07:02,0.8379945755004883,0.394,0.2153898
CAVHMNRDDKIIF,TRAV25*01,CASSLTSFYEQYF,TRBV27*01,VPSVWRASL,HLA-B*07:02,0.996809184551239,0.084,0.26404327
CAVHMNRDDKIIF,TRAV25*01,CASSLTSFYEQYF,TRBV27*01,VPSQWRSSL,HLA-B*07:02,0.9980199933052063,0.045,0.23972702
CAVHMNRDDKIIF,TRAV25*01,CASSLTSFYEQYF,TRBV27*01,VPSVWNSSL,HLA-B*07:02,0.9657923579216003,0.287,0.23230752
CAVHMNRDDKIIF,TRAV25*01,CASSLTSFYEQYF,TRBV27*01,VPQVWRSSL,HLA-B*07:02,0.9969097971916199,0.08,0.25449395
CAVHMNRDDKIIF,TRAV25*01,CASSLTSFYEQYF,TRBV27*01,VPSVWLSSL,HLA-B*07:02,0.9694956541061401,0.281,0.2370882
CAVHMNRDDKIIF,TRAV25*01,CASSLTSFYEQYF,TRBV27*01,VPSVWRSLL,HLA-B*07:02,0.9527879953384399,0.307,0.23381384
CAVHMNRDDKIIF,TRAV25*01,CASSLTSFYEQYF,TRBV27*01,VPYVWRSSL,HLA-B*07:02,0.9978326559066772,0.052,0.24625556
CAVHMNRDDKIIF,TRAV25*01,CASSLTSFYEQYF,TRBV27*01,VPPVWRSSL,HLA-B*07:02,0.9231426119804382,0.335,0.2701555
CAVHMNRDDKIIF,TRAV25*01,CASSLTSFYEQYF,TRBV27*01,VPSVWESSL,HLA-B*07:02,0.7222518920898438,0.563,0.2434189
CAVHMNRDDKIIF,TRAV25*01,CASSLTSFYEQYF,TRBV27*01,VPEVWRSSL,HLA-B*07:02,0.9938618540763855,0.153,0.24985953
CAVHMNRDDKIIF,TRAV25*01,CASSLTSFYEQYF,TRBV27*01,VPSVMRSSL,HLA-B*07:02,0.9986953735351562,0.02,0.26698422
CAVHMNRDDKIIF,TRAV25*01,CASSLTSFYEQYF,TRBV27*01,VPSVWRMSL,HLA-B*07:02,0.9946404695510864,0.131,0.23500578
CAVHMNRDDKIIF,TRAV25*01,CASSLTSFYEQYF,TRBV27*01,VPHVWRSSL,HLA-B*07:02,0.9969159960746765,0.08,0.25598797
CAVHMNRDDKIIF,TRAV25*01,CASSLTSFYEQYF,TRBV27*01,VPSVWRSSM,HLA-B*07:02,0.9904354810714722,0.196,0.25224927
CAVHMNRDDKIIF,TRAV25*01,CASSLTSFYEQYF,TRBV27*01,VPVVWRSSL,HLA-B*07:02,0.9968416094779968,0.084,0.2591856
CAVHMNRDDKIIF,TRAV25*01,CASSLTSFYEQYF,TRBV27*01,VPSVWSSSL,HLA-B*07:02,0.9455322027206421,0.315,0.24097924
CAVHMNRDDKIIF,TRAV25*01,CASSLTSFYEQYF,TRBV27*01,VPSSWRSSL,HLA-B*07:02,0.9985047578811646,0.028,0.23769784
CAVHMNRDDKIIF,TRAV25*01,CASSLTSFYEQYF,TRBV27*01,VPSVWRSDL,HLA-B*07:02,0.9902874827384949,0.198,0.2468793
CAVHMNRDDKIIF,TRAV25*01,CASSLTSFYEQYF,TRBV27*01,VPSFWRSSL,HLA-B*07:02,0.9976838231086731,0.061,0.22683874
CAVHMNRDDKIIF,TRAV25*01,CASSLTSFYEQYF,TRBV27*01,VPCVWRSSL,HLA-B*07:02,0.9920986890792847,0.175,0.24860275
CAVHMNRDDKIIF,TRAV25*01,CASSLTSFYEQYF,TRBV27*01,VPSVDRSSL,HLA-B*07:02,0.9988808631896973,0.016,0.25343812
CAVHMNRDDKIIF,TRAV25*01,CASSLTSFYEQYF,TRBV27*01,VPSVQRSSL,HLA-B*07:02,0.9993695020675659,0.008,0.25929433
CAVHMNRDDKIIF,TRAV25*01,CASSLTSFYEQYF,TRBV27*01,VPSWWRSSL,HLA-B*07:02,0.9971942901611328,0.072,0.24626105
CAVHMNRDDKIIF,TRAV25*01,CASSLTSFYEQYF,TRBV27*01,VPSVERSSL,HLA-B*07:02,0.9990092515945435,0.014,0.2636114
CAVHMNRDDKIIF,TRAV25*01,CASSLTSFYEQYF,TRBV27*01,VPMVWRSSL,HLA-B*07:02,0.9977148175239563,0.058,0.25582695
CAVHMNRDDKIIF,TRAV25*01,CASSLTSFYEQYF,TRBV27*01,VPSHWRSSL,HLA-B*07:02,0.9953488111495972,0.119,0.2445559
CAVHMNRDDKIIF,TRAV25*01,CASSLTSFYEQYF,TRBV27*01,VPSVWRPSL,HLA-B*07:02,0.9971113204956055,0.074,0.2624807
CAVHMNRDDKIIF,TRAV25*01,CASSLTSFYEQYF,TRBV27*01,VPSVWRSSL,HLA-B*07:02,0.9976421594619751,0.064,0.25130716
CAVHMNRDDKIIF,TRAV25*01,CASSLTSFYEQYF,TRBV27*01,VPNVWRSSL,HLA-B*07:02,0.9982188940048218,0.041,0.24730058
CAVHMNRDDKIIF,TRAV25*01,CASSLTSFYEQYF,TRBV27*01,VPSVWRSKL,HLA-B*07:02,0.9631466865539551,0.292,0.23261805
CAVHMNRDDKIIF,TRAV25*01,CASSLTSFYEQYF,TRBV27*01,VPSVKRSSL,HLA-B*07:02,0.9988020062446594,0.019,0.25442067
CAVHMNRDDKIIF,TRAV25*01,CASSLTSFYEQYF,TRBV27*01,WPSVWRSSL,HLA-B*07:02,0.8945492506027222,0.356,0.257272
CAVHMNRDDKIIF,TRAV25*01,CASSLTSFYEQYF,TRBV27*01,VPSVWFSSL,HLA-B*07:02,0.9877220392227173,0.213,0.21844673
CAVHMNRDDKIIF,TRAV25*01,CASSLTSFYEQYF,TRBV27*01,GPSVWRSSL,HLA-B*07:02,0.9961102604866028,0.101,0.26642638
CAVHMNRDDKIIF,TRAV25*01,CASSLTSFYEQYF,TRBV27*01,VPSVHRSSL,HLA-B*07:02,0.9989296793937683,0.015,0.25677738
CAVHMNRDDKIIF,TRAV25*01,CASSLTSFYEQYF,TRBV27*01,VPRVWRSSL,HLA-B*07:02,0.9942235946655273,0.145,0.2663552
CAVHMNRDDKIIF,TRAV25*01,CASSLTSFYEQYF,TRBV27*01,VPSVWRSIL,HLA-B*07:02,0.9891694188117981,0.206,0.21409926
CAVHMNRDDKIIF,TRAV25*01,CASSLTSFYEQYF,TRBV27*01,YPSVWRSSL,HLA-B*07:02,0.9985650181770325,0.025,0.2447482
CAVHMNRDDKIIF,TRAV25*01,CASSLTSFYEQYF,TRBV27*01,VPGVWRSSL,HLA-B*07:02,0.9928733706474304,0.168,0.26710027
CAVHMNRDDKIIF,TRAV25*01,CASSLTSFYEQYF,TRBV27*01,VPSVYRSSL,HLA-B*07:02,0.9986675381660461,0.021,0.24119362
CAVHMNRDDKIIF,TRAV25*01,CASSLTSFYEQYF,TRBV27*01,VPSVWRWSL,HLA-B*07:02,0.4363700747489929,0.908,0.23882511
CAVHMNRDDKIIF,TRAV25*01,CASSLTSFYEQYF,TRBV27*01,VPSVWRSEL,HLA-B*07:02,0.997031033039093,0.076,0.24553514
CAVHMNRDDKIIF,TRAV25*01,CASSLTSFYEQYF,TRBV27*01,VPSKWRSSL,HLA-B*07:02,0.9952518343925476,0.119,0.23087272
CAVHMNRDDKIIF,TRAV25*01,CASSLTSFYEQYF,TRBV27*01,VPSVNRSSL,HLA-B*07:02,0.9994319081306458,0.005,0.24114838
CAVHMNRDDKIIF,TRAV25*01,CASSLTSFYEQYF,TRBV27*01,VPSVWRTSL,HLA-B*07:02,0.9983855485916138,0.029,0.25134942
CAVHMNRDDKIIF,TRAV25*01,CASSLTSFYEQYF,TRBV27*01,VPSVWRSNL,HLA-B*07:02,0.9864813089370728,0.221,0.2351999
CAVHMNRDDKIIF,TRAV25*01,CASSLTSFYEQYF,TRBV27*01,VPSVWRRSL,HLA-B*07:02,0.8059402704238892,0.424,0.26247504
CAVHMNRDDKIIF,TRAV25*01,CASSLTSFYEQYF,TRBV27*01,VPSVWRSHL,HLA-B*07:02,0.7342392206192017,0.548,0.24750447
CAVHMNRDDKIIF,TRAV25*01,CASSLTSFYEQYF,TRBV27*01,VPSVWWSSL,HLA-B*07:02,0.772253155708313,0.504,0.24391553
CAVHMNRDDKIIF,TRAV25*01,CASSLTSFYEQYF,TRBV27*01,VPSVWISSL,HLA-B*07:02,0.9949663877487183,0.127,0.22110763
CAVHMNRDDKIIF,TRAV25*01,CASSLTSFYEQYF,TRBV27*01,VPLVWRSSL,HLA-B*07:02,0.9918712377548218,0.18,0.25263742
CAVHMNRDDKIIF,TRAV25*01,CASSLTSFYEQYF,TRBV27*01,VPSVWMSSL,HLA-B*07:02,0.9215611219406128,0.336,0.24061754
CAVHMNRDDKIIF,TRAV25*01,CASSLTSFYEQYF,TRBV27*01,VPSVWRSWL,HLA-B*07:02,0.4146088659763336,0.954,0.24639778
CAVHMNRDDKIIF,TRAV25*01,CASSLTSFYEQYF,TRBV27*01,VPSVWQSSL,HLA-B*07:02,0.9431315660476685,0.318,0.24600299
CAVHMNRDDKIIF,TRAV25*01,CASSLTSFYEQYF,TRBV27*01,VPWVWRSSL,HLA-B*07:02,0.9936093091964722,0.156,0.25328735
CAVHMNRDDKIIF,TRAV25*01,CASSLTSFYEQYF,TRBV27*01,NPSVWRSSL,HLA-B*07:02,0.9965181350708008,0.092,0.2527352
CAVHMNRDDKIIF,TRAV25*01,CASSLTSFYEQYF,TRBV27*01,VPSDWRSSL,HLA-B*07:02,0.9989225268363953,0.015,0.24151401
CAVHMNRDDKIIF,TRAV25*01,CASSLTSFYEQYF,TRBV27*01,VPSVWYSSL,HLA-B*07:02,0.8868319392204285,0.363,0.22384986
CAVHMNRDDKIIF,TRAV25*01,CASSLTSFYEQYF,TRBV27*01,VPSVWRSSV,HLA-B*07:02,0.9198089838027954,0.339,0.25737157
CAVHMNRDDKIIF,TRAV25*01,CASSLTSFYEQYF,TRBV27*01,VPSVWRSVL,HLA-B*07:02,0.9961007237434387,0.102,0.2385002
CAVHMNRDDKIIF,TRAV25*01,CASSLTSFYEQYF,TRBV27*01,VPSVIRSSL,HLA-B*07:02,0.999337375164032,0.009,0.23965749
CAVHMNRDDKIIF,TRAV25*01,CASSLTSFYEQYF,TRBV27*01,HPSVWRSSL,HLA-B*07:02,0.9980744123458862,0.045,0.25123423
CAVHMNRDDKIIF,TRAV25*01,CASSLTSFYEQYF,TRBV27*01,VPSVWRGSL,HLA-B*07:02,0.9888145327568054,0.207,0.26200545
CAVHMNRDDKIIF,TRAV25*01,CASSLTSFYEQYF,TRBV27*01,VPSVWRNSL,HLA-B*07:02,0.9974363446235657,0.067,0.2366379
CAVHMNRDDKIIF,TRAV25*01,CASSLTSFYEQYF,TRBV27*01,VPSCWRSSL,HLA-B*07:02,0.8568712472915649,0.377,0.24940327
CAVHMNRDDKIIF,TRAV25*01,CASSLTSFYEQYF,TRBV27*01,VPSVWASSL,HLA-B*07:02,0.9211674928665161,0.337,0.25527966
CAVHMNRDDKIIF,TRAV25*01,CASSLTSFYEQYF,TRBV27*01,VPSVWRSAL,HLA-B*07:02,0.998243510723114,0.04,0.2697606
CAVHMNRDDKIIF,TRAV25*01,CASSLTSFYEQYF,TRBV27*01,VPDVWRSSL,HLA-B*07:02,0.9953979253768921,0.118,0.25725314
CAVHMNRDDKIIF,TRAV25*01,CASSLTSFYEQYF,TRBV27*01,VPSVWTSSL,HLA-B*07:02,0.9824663400650024,0.24,0.24053779
CAVHMNRDDKIIF,TRAV25*01,CASSLTSFYEQYF,TRBV27*01,VPSVVRSSL,HLA-B*07:02,0.9995124936103821,0.003,0.25918242
CAVHMNRDDKIIF,TRAV25*01,CASSLTSFYEQYF,TRBV27*01,SPSVWRSSL,HLA-B*07:02,0.9987015724182129,0.02,0.25350732
CAVHMNRDDKIIF,TRAV25*01,CASSLTSFYEQYF,TRBV27*01,VPSVWRFSL,HLA-B*07:02,0.7214199900627136,0.564,0.2084473
CAVHMNRDDKIIF,TRAV25*01,CASSLTSFYEQYF,TRBV27*01,VPSPWRSSL,HLA-B*07:02,0.9984515309333801,0.028,0.25850344
CAVHMNRDDKIIF,TRAV25*01,CASSLTSFYEQYF,TRBV27*01,VPSVWPSSL,HLA-B*07:02,0.8608726263046265,0.376,0.25144282
CAVHMNRDDKIIF,TRAV25*01,CASSLTSFYEQYF,TRBV27*01,VPSVWRCSL,HLA-B*07:02,0.7011111378669739,0.586,0.24800797
CAVHMNRDDKIIF,TRAV25*01,CASSLTSFYEQYF,TRBV27*01,VPSVWRSPL,HLA-B*07:02,0.9902106523513794,0.199,0.26984563
CAVHMNRDDKIIF,TRAV25*01,CASSLTSFYEQYF,TRBV27*01,VPSVWHSSL,HLA-B*07:02,0.9945967793464661,0.132,0.24093664
CAVHMNRDDKIIF,TRAV25*01,CASSLTSFYEQYF,TRBV27*01,VPSVWRVSL,HLA-B*07:02,0.9977775812149048,0.056,0.23563027
CAVHMNRDDKIIF,TRAV25*01,CASSLTSFYEQYF,TRBV27*01,LPSVWRSSL,HLA-B*07:02,0.9974995851516724,0.064,0.2518638
CAVHMNRDDKIIF,TRAV25*01,CASSLTSFYEQYF,TRBV27*01,VPSIWRSSL,HLA-B*07:02,0.9980257153511047,0.045,0.24149776
CAVHMNRDDKIIF,TRAV25*01,CASSLTSFYEQYF,TRBV27*01,FPSVWRSSL,HLA-B*07:02,0.9973627328872681,0.071,0.23283167
CAVHMNRDDKIIF,TRAV25*01,CASSLTSFYEQYF,TRBV27*01,VPSYWRSSL,HLA-B*07:02,0.9979531168937683,0.047,0.23713163
CAVHMNRDDKIIF,TRAV25*01,CASSLTSFYEQYF,TRBV27*01,VPSVWRDSL,HLA-B*07:02,0.9956261515617371,0.114,0.25024474
CAVHMNRDDKIIF,TRAV25*01,CASSLTSFYEQYF,TRBV27*01,EPSVWRSSL,HLA-B*07:02,0.7438158988952637,0.539,0.25995094
CAVHMNRDDKIIF,TRAV25*01,CASSLTSFYEQYF,TRBV27*01,VPSVWRSSI,HLA-B*07:02,0.976826012134552,0.26,0.23670933
CAVHMNRDDKIIF,TRAV25*01,CASSLTSFYEQYF,TRBV27*01,VPSVWKSSL,HLA-B*07:02,0.9956216812133789,0.114,0.23047514
CAVHMNRDDKIIF,TRAV25*01,CASSLTSFYEQYF,TRBV27*01,VPFVWRSSL,HLA-B*07:02,0.9960458874702454,0.103,0.23137954
CAVHMNRDDKIIF,TRAV25*01,CASSLTSFYEQYF,TRBV27*01,TPSVWRSSL,HLA-B*07:02,0.997299313545227,0.072,0.2559147
CAVHMNRDDKIIF,TRAV25*01,CASSLTSFYEQYF,TRBV27*01,VPSVWRSRL,HLA-B*07:02,0.48173266649246216,0.857,0.2650011
CAVHMNRDDKIIF,TRAV25*01,CASSLTSFYEQYF,TRBV27*01,VPSVWRSSF,HLA-B*07:02,0.9000460505485535,0.354,0.2250236
CAVHMNRDDKIIF,TRAV25*01,CASSLTSFYEQYF,TRBV27*01,IPSVWRSSL,HLA-B*07:02,0.9977943301200867,0.056,0.24353592
CAVHMNRDDKIIF,TRAV25*01,CASSLTSFYEQYF,TRBV27*01,CPSVWRSSL,HLA-B*07:02,0.002596029546111822,5.456,0.23468733
CAVHMNRDDKIIF,TRAV25*01,CASSLTSFYEQYF,TRBV27*01,VPSVRRSSL,HLA-B*07:02,0.9980130195617676,0.045,0.270308
CAVHMNRDDKIIF,TRAV25*01,CASSLTSFYEQYF,TRBV27*01,VPIVWRSSL,HLA-B*07:02,0.9970162510871887,0.078,0.24452245
CAVHMNRDDKIIF,TRAV25*01,CASSLTSFYEQYF,TRBV27*01,MPSVWRSSL,HLA-B*07:02,0.9977816343307495,0.056,0.2430317
CAVHMNRDDKIIF,TRAV25*01,CASSLTSFYEQYF,TRBV27*01,VPSVWRSML,HLA-B*07:02,0.9405593872070312,0.322,0.23364668
CAVHMNRDDKIIF,TRAV25*01,CASSLTSFYEQYF,TRBV27*01,VPSVWRSTL,HLA-B*07:02,0.9963579177856445,0.096,0.25120473
CAVHMNRDDKIIF,TRAV25*01,CASSLTSFYEQYF,TRBV27*01,VPSAWRSSL,HLA-B*07:02,0.9980031847953796,0.045,0.2533894
CAVHMNRDDKIIF,TRAV25*01,CASSLTSFYEQYF,TRBV27*01,APSVWRSSL,HLA-B*07:02,0.998902440071106,0.016,0.26573187
CAVHMNRDDKIIF,TRAV25*01,CASSLTSFYEQYF,TRBV27*01,VPSVWRESL,HLA-B*07:02,0.9971587061882019,0.074,0.24775748
CAVHMNRDDKIIF,TRAV25*01,CASSLTSFYEQYF,TRBV27*01,VPSVWRSQL,HLA-B*07:02,0.9964905977249146,0.093,0.2477571
CAVHMNRDDKIIF,TRAV25*01,CASSLTSFYEQYF,TRBV27*01,VPSNWRSSL,HLA-B*07:02,0.9983059167861938,0.036,0.23344836
CAVHMNRDDKIIF,TRAV25*01,CASSLTSFYEQYF,TRBV27*01,VPSVWRKSL,HLA-B*07:02,0.9914754629135132,0.183,0.23439816
CAVHMNRDDKIIF,TRAV25*01,CASSLTSFYEQYF,TRBV27*01,VPSVWRSGL,HLA-B*07:02,0.9937382936477661,0.154,0.2722508
CAVHMNRDDKIIF,TRAV25*01,CASSLTSFYEQYF,TRBV27*01,RPSVWRSSL,HLA-B*07:02,0.9983612895011902,0.033,0.27284285
CAVHMNRDDKIIF,TRAV25*01,CASSLTSFYEQYF,TRBV27*01,VPSVWGSSL,HLA-B*07:02,0.993691623210907,0.155,0.25239572
CAVHMNRDDKIIF,TRAV25*01,CASSLTSFYEQYF,TRBV27*01,VPAVWRSSL,HLA-B*07:02,0.9980274438858032,0.045,0.26593617
CAVHMNRDDKIIF,TRAV25*01,CASSLTSFYEQYF,TRBV27*01,VPSVTRSSL,HLA-B*07:02,0.9994239807128906,0.005,0.25295642
CAVHMNRDDKIIF,TRAV25*01,CASSLTSFYEQYF,TRBV27*01,VPSVWRSYL,HLA-B*07:02,0.6894439458847046,0.595,0.22020844
CAVHMNRDDKIIF,TRAV25*01,CASSLTSFYEQYF,TRBV27*01,QPSVWRSSL,HLA-B*07:02,0.997372031211853,0.07,0.2637002
CAVHMNRDDKIIF,TRAV25*01,CASSLTSFYEQYF,TRBV27*01,VPSVCRSSL,HLA-B*07:02,0.9815573692321777,0.241,0.2531516
CAVHMNRDDKIIF,TRAV25*01,CASSLTSFYEQYF,TRBV27*01,VPSVWRQSL,HLA-B*07:02,0.9965487718582153,0.091,0.24814403
CAVHMNRDDKIIF,TRAV25*01,CASSLTSFYEQYF,TRBV27*01,VPKVWRSSL,HLA-B*07:02,0.993198573589325,0.162,0.250418
CAVHMNRDDKIIF,TRAV25*01,CASSLTSFYEQYF,TRBV27*01,VPTVWRSSL,HLA-B*07:02,0.995949387550354,0.106,0.2577014
CAVHMNRDDKIIF,TRAV25*01,CASSLTSFYEQYF,TRBV27*01,VPSVARSSL,HLA-B*07:02,0.9993237257003784,0.009,0.27818325
CAVHMNRDDKIIF,TRAV25*01,CASSLTSFYEQYF,TRBV27*01,VPSVWRHSL,HLA-B*07:02,0.9961428642272949,0.1,0.24408886
