,A,C,D,E,F,G,H,I,K,L,M,N,P,Q,R,S,T,V,W,Y
A,2.783,2.783,2.783,2.783,2.783,2.783,2.783,2.783,2.783,2.783,2.783,2.783,2.783,2.783,2.783,2.783,2.783,2.783,2.783,2.783
C,2.783,2.783,2.783,2.783,2.783,2.783,2.783,2.783,2.783,2.783,2.783,2.783,2.783,2.783,2.783,2.783,2.783,2.783,2.783,2.783
D,3.473,3.115,2.783,3.013,3.2,3.618,3.818,1.404,3.296,1.56,3.286,2.347,3.116,4.114,2.876,3.657,3.5,3.837,2.628,2.783
E,2.783,2.783,2.783,2.783,2.783,2.783,2.783,2.783,2.783,2.783,2.783,2.783,2.783,2.783,2.783,2.783,2.783,2.783,2.783,2.783
F,2.081,1.6989999999999998,2.8129999999999997,1.619,2.783,3.251,3.25,3.118,3.889,2.783,3.775,3.496,1.125,4.08,1.488,3.335,3.107,2.849,1.808,2.783
G,2.783,2.783,2.783,2.783,2.783,2.783,2.783,2.783,2.783,2.783,2.783,2.783,2.783,2.783,2.783,2.783,2.783,2.783,2.783,2.783
H,2.783,2.783,2.783,2.783,2.783,2.783,2.783,2.783,2.783,2.783,2.783,2.783,2.783,2.783,2.783,2.783,2.783,2.783,2.783,2.783
I,3.473,3.573,3.17,3.215,2.6799999999999997,3.058,2.943,2.783,3.294,2.379,3.183,2.9610000000000003,3.246,3.32,3.01,3.349,3.081,2.661,2.057,2.783
K,2.783,2.783,2.783,2.783,2.783,2.783,2.783,2.783,2.783,2.783,2.783,2.783,2.783,2.783,2.783,2.783,2.783,2.783,2.783,2.783
L,2.783,2.783,2.783,2.783,2.783,2.783,2.783,2.783,2.783,2.783,2.783,2.783,2.783,2.783,2.783,2.783,2.783,2.783,2.783,2.783
M,2.963,3.057,3.283,2.174,1.74,1.853,3.057,3.278,2.269,2.894,2.783,3.515,3.28,3.183,2.318,1.16,3.118,2.725,3.803,2.783
N,2.783,2.783,2.783,2.783,2.783,2.783,2.783,2.783,2.783,2.783,2.783,2.783,2.783,2.783,2.783,2.783,2.783,2.783,2.783,2.783
P,3.578,3.565,3.807,1.502,3.366,3.099,3.756,3.531,3.346,3.536,3.13,3.844,2.783,2.366,2.451,4.0280000000000005,3.758,3.161,1.923,2.783
Q,2.681,1.901,3.84,4.259,2.92,3.012,4.013999999999999,3.685,3.187,2.934,2.104,3.877,3.973,2.783,3.989,3.133,3.62,1.376,2.9450000000000003,2.783
R,2.783,2.783,2.783,2.783,2.783,2.783,2.783,2.783,2.783,2.783,2.783,2.783,2.783,2.783,2.783,2.783,2.783,2.783,2.783,2.783
S,2.636,2.557,2.407,2.319,2.042,2.433,2.258,2.0789999999999997,2.425,1.7389999999999999,2.6630000000000003,2.641,2.759,2.597,3.327,2.783,2.609,2.032,3.241,2.783
T,2.783,2.783,2.783,2.783,2.783,2.783,2.783,2.783,2.783,2.783,2.783,2.783,2.783,2.783,2.783,2.783,2.783,2.783,2.783,2.783
V,2.049,0.569,3.501,1.72,2.7640000000000002,1.6600000000000001,1.367,2.565,3.686,3.335,3.835,2.8049999999999997,2.865,3.616,3.867,1.685,1.216,2.783,4.436999999999999,2.783
W,2.783,2.783,2.783,2.783,2.783,2.783,2.783,2.783,2.783,2.783,2.783,2.783,2.783,2.783,2.783,2.783,2.783,2.783,2.783,2.783
Y,2.783,2.783,2.783,2.783,2.783,2.783,2.783,2.783,2.783,2.783,2.783,2.783,2.783,2.783,2.783,2.783,2.783,2.783,2.783,2.783
