CDR3a,CDR3a_V,CDR3b,CDR3b_V,Antigens,HLA alleles,Score_EL,Rank_EL,Score_pMHC-TCR
CGTQGGSEKLVF,TRAV30*01,CATAPGLSYEQYF,TRBV19*01,SLFLGILLV,HLA-A*02:01,0.5814816355705261,0.764,0.10414114
CGTQGGSEKLVF,TRAV30*01,CATAPGLSYEQYF,TRBV19*01,ALFLGILSV,HLA-A*02:01,0.9900663495063782,0.134,0.09256189
CGTQGGSEKLVF,TRAV30*01,CATAPGLSYEQYF,TRBV19*01,SFFLGILSV,HLA-A*02:01,2.3416808403453615e-07,34.302,0.16311374
CGTQGGSEKLVF,TRAV30*01,CATAPGLSYEQYF,TRBV19*01,SLFDGILSV,HLA-A*02:01,0.9999077916145325,0.0,0.14376982
CGTQGGSEKLVF,TRAV30*01,CATAPGLSYEQYF,TRBV19*01,SKFLGILSV,HLA-A*02:01,0.00016977838822640479,13.836,0.14787176
CGTQGGSEKLVF,TRAV30*01,CATAPGLSYEQYF,TRBV19*01,ELFLGILSV,HLA-A*02:01,0.15260013937950134,3.71,0.11272259
CGTQGGSEKLVF,TRAV30*01,CATAPGLSYEQYF,TRBV19*01,SDFLGILSV,HLA-A*02:01,0.006278702523559332,7.891,0.14815275
CGTQGGSEKLVF,TRAV30*01,CATAPGLSYEQYF,TRBV19*01,SLFLGLLSV,HLA-A*02:01,0.9874767065048218,0.15,0.11911656
CGTQGGSEKLVF,TRAV30*01,CATAPGLSYEQYF,TRBV19*01,SEFLGILSV,HLA-A*02:01,0.047693271189928055,5.408,0.13634379
CGTQGGSEKLVF,TRAV30*01,CATAPGLSYEQYF,TRBV19*01,SLFLGILCV,HLA-A*02:01,0.17587748169898987,3.318,0.10205922
CGTQGGSEKLVF,TRAV30*01,CATAPGLSYEQYF,TRBV19*01,SLFLGCLSV,HLA-A*02:01,0.03524782881140709,5.769,0.121587396
CGTQGGSEKLVF,TRAV30*01,CATAPGLSYEQYF,TRBV19*01,SLFLGILFV,HLA-A*02:01,0.7574115991592407,0.461,0.17738943
CGTQGGSEKLVF,TRAV30*01,CATAPGLSYEQYF,TRBV19*01,SLDLGILSV,HLA-A*02:01,0.8688501119613647,0.309,0.142961
CGTQGGSEKLVF,TRAV30*01,CATAPGLSYEQYF,TRBV19*01,SLFLDILSV,HLA-A*02:01,0.9972488284111023,0.049,0.16903856
CGTQGGSEKLVF,TRAV30*01,CATAPGLSYEQYF,TRBV19*01,SLFAGILSV,HLA-A*02:01,0.9993465542793274,0.006,0.1046324
CGTQGGSEKLVF,TRAV30*01,CATAPGLSYEQYF,TRBV19*01,SLFLGISSV,HLA-A*02:01,0.9935835599899292,0.106,0.13581169
CGTQGGSEKLVF,TRAV30*01,CATAPGLSYEQYF,TRBV19*01,SLFLGIQSV,HLA-A*02:01,0.9992000460624695,0.009,0.14940135
CGTQGGSEKLVF,TRAV30*01,CATAPGLSYEQYF,TRBV19*01,SYFLGILSV,HLA-A*02:01,1.780327352207678e-06,26.601,0.14452226
CGTQGGSEKLVF,TRAV30*01,CATAPGLSYEQYF,TRBV19*01,SLFRGILSV,HLA-A*02:01,0.9995946884155273,0.001,0.15765536
CGTQGGSEKLVF,TRAV30*01,CATAPGLSYEQYF,TRBV19*01,SLYLGILSV,HLA-A*02:01,0.9945859909057617,0.09,0.11314641
CGTQGGSEKLVF,TRAV30*01,CATAPGLSYEQYF,TRBV19*01,SLFLKILSV,HLA-A*02:01,0.9987775683403015,0.015,0.18831812
CGTQGGSEKLVF,TRAV30*01,CATAPGLSYEQYF,TRBV19*01,VLFLGILSV,HLA-A*02:01,0.47677916288375854,1.006,0.09981271
CGTQGGSEKLVF,TRAV30*01,CATAPGLSYEQYF,TRBV19*01,SLFLGIISV,HLA-A*02:01,0.9970938563346863,0.055,0.12484346
CGTQGGSEKLVF,TRAV30*01,CATAPGLSYEQYF,TRBV19*01,SIFLGILSV,HLA-A*02:01,0.8004045486450195,0.369,0.11170502
CGTQGGSEKLVF,TRAV30*01,CATAPGLSYEQYF,TRBV19*01,SLFLGILSM,HLA-A*02:01,0.004495449364185333,8.303,0.12919381
CGTQGGSEKLVF,TRAV30*01,CATAPGLSYEQYF,TRBV19*01,SLHLGILSV,HLA-A*02:01,0.9884070158004761,0.146,0.13055232
CGTQGGSEKLVF,TRAV30*01,CATAPGLSYEQYF,TRBV19*01,SLFLGPLSV,HLA-A*02:01,0.9988463521003723,0.014,0.1446895
CGTQGGSEKLVF,TRAV30*01,CATAPGLSYEQYF,TRBV19*01,SLFLGRLSV,HLA-A*02:01,0.9797803163528442,0.185,0.15966065
CGTQGGSEKLVF,TRAV30*01,CATAPGLSYEQYF,TRBV19*01,SLFLGIDSV,HLA-A*02:01,0.9929690361022949,0.111,0.14932398
CGTQGGSEKLVF,TRAV30*01,CATAPGLSYEQYF,TRBV19*01,MLFLGILSV,HLA-A*02:01,0.4307650625705719,1.099,0.10501051
CGTQGGSEKLVF,TRAV30*01,CATAPGLSYEQYF,TRBV19*01,SVFLGILSV,HLA-A*02:01,0.4961155951023102,0.96,0.10865569
CGTQGGSEKLVF,TRAV30*01,CATAPGLSYEQYF,TRBV19*01,SLVLGILSV,HLA-A*02:01,0.7864571809768677,0.416,0.09398861
CGTQGGSEKLVF,TRAV30*01,CATAPGLSYEQYF,TRBV19*01,SLFLGILHV,HLA-A*02:01,0.9989980459213257,0.012,0.14784482
CGTQGGSEKLVF,TRAV30*01,CATAPGLSYEQYF,TRBV19*01,SLFLGIWSV,HLA-A*02:01,0.9874394536018372,0.15,0.14422151
CGTQGGSEKLVF,TRAV30*01,CATAPGLSYEQYF,TRBV19*01,SLFLGILWV,HLA-A*02:01,0.5854911804199219,0.748,0.12690976
CGTQGGSEKLVF,TRAV30*01,CATAPGLSYEQYF,TRBV19*01,SLFLTILSV,HLA-A*02:01,0.6049777269363403,0.684,0.14334647
CGTQGGSEKLVF,TRAV30*01,CATAPGLSYEQYF,TRBV19*01,SLFLGILDV,HLA-A*02:01,0.8531950116157532,0.318,0.15578397
CGTQGGSEKLVF,TRAV30*01,CATAPGLSYEQYF,TRBV19*01,SLFEGILSV,HLA-A*02:01,0.9999225735664368,0.0,0.13741358
CGTQGGSEKLVF,TRAV30*01,CATAPGLSYEQYF,TRBV19*01,SLFNGILSV,HLA-A*02:01,0.9997660517692566,0.0,0.15257886
CGTQGGSEKLVF,TRAV30*01,CATAPGLSYEQYF,TRBV19*01,GLFLGILSV,HLA-A*02:01,0.9927836656570435,0.112,0.092864715
CGTQGGSEKLVF,TRAV30*01,CATAPGLSYEQYF,TRBV19*01,SLFHGILSV,HLA-A*02:01,0.9996852874755859,0.001,0.15474555
CGTQGGSEKLVF,TRAV30*01,CATAPGLSYEQYF,TRBV19*01,SLFYGILSV,HLA-A*02:01,0.9982072710990906,0.03,0.1483589
CGTQGGSEKLVF,TRAV30*01,CATAPGLSYEQYF,TRBV19*01,SLFLGILPV,HLA-A*02:01,0.7521272897720337,0.474,0.11569212
CGTQGGSEKLVF,TRAV30*01,CATAPGLSYEQYF,TRBV19*01,SLCLGILSV,HLA-A*02:01,0.0047103604301810265,8.242,0.103889085
CGTQGGSEKLVF,TRAV30*01,CATAPGLSYEQYF,TRBV19*01,SLFLYILSV,HLA-A*02:01,0.8243016004562378,0.339,0.19388238
CGTQGGSEKLVF,TRAV30*01,CATAPGLSYEQYF,TRBV19*01,SLFLGHLSV,HLA-A*02:01,0.8207762837409973,0.344,0.15274231
CGTQGGSEKLVF,TRAV30*01,CATAPGLSYEQYF,TRBV19*01,SLFLGILSE,HLA-A*02:01,1.168854214483872e-05,20.559,0.14414747
CGTQGGSEKLVF,TRAV30*01,CATAPGLSYEQYF,TRBV19*01,SLFLGVLSV,HLA-A*02:01,0.9915152788162231,0.128,0.10300584
CGTQGGSEKLVF,TRAV30*01,CATAPGLSYEQYF,TRBV19*01,SLFLGILSN,HLA-A*02:01,0.009559625759720802,7.359,0.16877076
CGTQGGSEKLVF,TRAV30*01,CATAPGLSYEQYF,TRBV19*01,SLFLGITSV,HLA-A*02:01,0.9975956082344055,0.042,0.12070718
CGTQGGSEKLVF,TRAV30*01,CATAPGLSYEQYF,TRBV19*01,SLFLGFLSV,HLA-A*02:01,0.8307548761367798,0.337,0.16320503
CGTQGGSEKLVF,TRAV30*01,CATAPGLSYEQYF,TRBV19*01,SLFLPILSV,HLA-A*02:01,0.8906502723693848,0.3,0.13498232
CGTQGGSEKLVF,TRAV30*01,CATAPGLSYEQYF,TRBV19*01,SLFSGILSV,HLA-A*02:01,0.9995497465133667,0.001,0.14534278
CGTQGGSEKLVF,TRAV30*01,CATAPGLSYEQYF,TRBV19*01,SLFLGILEV,HLA-A*02:01,0.9987279176712036,0.016,0.13942465
CGTQGGSEKLVF,TRAV30*01,CATAPGLSYEQYF,TRBV19*01,SQFLGILSV,HLA-A*02:01,0.961474597454071,0.225,0.14668533
CGTQGGSEKLVF,TRAV30*01,CATAPGLSYEQYF,TRBV19*01,SLELGILSV,HLA-A*02:01,0.5918909311294556,0.727,0.1252979
CGTQGGSEKLVF,TRAV30*01,CATAPGLSYEQYF,TRBV19*01,SLFLGILRV,HLA-A*02:01,0.9990310668945312,0.012,0.15067348
CGTQGGSEKLVF,TRAV30*01,CATAPGLSYEQYF,TRBV19*01,SLFLGALSV,HLA-A*02:01,0.981170654296875,0.176,0.11367412
CGTQGGSEKLVF,TRAV30*01,CATAPGLSYEQYF,TRBV19*01,SLFLGIHSV,HLA-A*02:01,0.9995757937431335,0.001,0.15362495
CGTQGGSEKLVF,TRAV30*01,CATAPGLSYEQYF,TRBV19*01,SLFLGQLSV,HLA-A*02:01,0.9969381093978882,0.057,0.14975114
CGTQGGSEKLVF,TRAV30*01,CATAPGLSYEQYF,TRBV19*01,SLFLGILSH,HLA-A*02:01,0.22101886570453644,2.085,0.15534945
CGTQGGSEKLVF,TRAV30*01,CATAPGLSYEQYF,TRBV19*01,SLFLGILYV,HLA-A*02:01,0.9925215840339661,0.116,0.17775138
CGTQGGSEKLVF,TRAV30*01,CATAPGLSYEQYF,TRBV19*01,SLFLGKLSV,HLA-A*02:01,0.9970721006393433,0.055,0.1605004
CGTQGGSEKLVF,TRAV30*01,CATAPGLSYEQYF,TRBV19*01,SLFLGILVV,HLA-A*02:01,0.625656008720398,0.636,0.092363685
CGTQGGSEKLVF,TRAV30*01,CATAPGLSYEQYF,TRBV19*01,SLFLCILSV,HLA-A*02:01,0.33079594373703003,1.566,0.15225434
CGTQGGSEKLVF,TRAV30*01,CATAPGLSYEQYF,TRBV19*01,SHFLGILSV,HLA-A*02:01,3.890679363394156e-05,17.273,0.16060731
CGTQGGSEKLVF,TRAV30*01,CATAPGLSYEQYF,TRBV19*01,SLFLGDLSV,HLA-A*02:01,0.9043928980827332,0.29,0.16746323
CGTQGGSEKLVF,TRAV30*01,CATAPGLSYEQYF,TRBV19*01,SLFGGILSV,HLA-A*02:01,0.9998067021369934,0.0,0.12338428
CGTQGGSEKLVF,TRAV30*01,CATAPGLSYEQYF,TRBV19*01,SLFLGMLSV,HLA-A*02:01,0.7314151525497437,0.506,0.11287928
CGTQGGSEKLVF,TRAV30*01,CATAPGLSYEQYF,TRBV19*01,SLFLGYLSV,HLA-A*02:01,0.7029975652694702,0.541,0.15824202
CGTQGGSEKLVF,TRAV30*01,CATAPGLSYEQYF,TRBV19*01,SLKLGILSV,HLA-A*02:01,0.822975754737854,0.341,0.13326302
CGTQGGSEKLVF,TRAV30*01,CATAPGLSYEQYF,TRBV19*01,SMFLGILSV,HLA-A*02:01,0.9768152236938477,0.197,0.10867337
CGTQGGSEKLVF,TRAV30*01,CATAPGLSYEQYF,TRBV19*01,SLFLGIKSV,HLA-A*02:01,0.9990353584289551,0.012,0.16833317
CGTQGGSEKLVF,TRAV30*01,CATAPGLSYEQYF,TRBV19*01,LLFLGILSV,HLA-A*02:01,0.0047675310634076595,8.228,0.10328648
CGTQGGSEKLVF,TRAV30*01,CATAPGLSYEQYF,TRBV19*01,SLTLGILSV,HLA-A*02:01,0.791898787021637,0.399,0.10537448
CGTQGGSEKLVF,TRAV30*01,CATAPGLSYEQYF,TRBV19*01,SLFLGILNV,HLA-A*02:01,0.9982965588569641,0.027,0.1665653
CGTQGGSEKLVF,TRAV30*01,CATAPGLSYEQYF,TRBV19*01,SLFLGINSV,HLA-A*02:01,0.996350109577179,0.068,0.16038089
CGTQGGSEKLVF,TRAV30*01,CATAPGLSYEQYF,TRBV19*01,NLFLGILSV,HLA-A*02:01,0.8533031344413757,0.318,0.1318058
CGTQGGSEKLVF,TRAV30*01,CATAPGLSYEQYF,TRBV19*01,SLFLGILSW,HLA-A*02:01,1.719177635095548e-05,19.484,0.16515365
CGTQGGSEKLVF,TRAV30*01,CATAPGLSYEQYF,TRBV19*01,SLFLGIESV,HLA-A*02:01,0.9989126324653625,0.012,0.14346652
CGTQGGSEKLVF,TRAV30*01,CATAPGLSYEQYF,TRBV19*01,HLFLGILSV,HLA-A*02:01,0.8356340527534485,0.33,0.1413987
CGTQGGSEKLVF,TRAV30*01,CATAPGLSYEQYF,TRBV19*01,SLPLGILSV,HLA-A*02:01,0.8803889155387878,0.306,0.128297
CGTQGGSEKLVF,TRAV30*01,CATAPGLSYEQYF,TRBV19*01,SLGLGILSV,HLA-A*02:01,0.765418529510498,0.452,0.08479793
CGTQGGSEKLVF,TRAV30*01,CATAPGLSYEQYF,TRBV19*01,SLFLRILSV,HLA-A*02:01,0.9982181787490845,0.029,0.17769659
CGTQGGSEKLVF,TRAV30*01,CATAPGLSYEQYF,TRBV19*01,SLFLMILSV,HLA-A*02:01,0.34824949502944946,1.491,0.11853278
CGTQGGSEKLVF,TRAV30*01,CATAPGLSYEQYF,TRBV19*01,SGFLGILSV,HLA-A*02:01,0.0065896823070943356,7.833,0.117817566
CGTQGGSEKLVF,TRAV30*01,CATAPGLSYEQYF,TRBV19*01,SLFLGIRSV,HLA-A*02:01,0.9991027116775513,0.009,0.15317264
CGTQGGSEKLVF,TRAV30*01,CATAPGLSYEQYF,TRBV19*01,SLWLGILSV,HLA-A*02:01,0.9970331192016602,0.055,0.10754778
CGTQGGSEKLVF,TRAV30*01,CATAPGLSYEQYF,TRBV19*01,SLMLGILSV,HLA-A*02:01,0.9888681173324585,0.143,0.10511676
CGTQGGSEKLVF,TRAV30*01,CATAPGLSYEQYF,TRBV19*01,SLFLGILSG,HLA-A*02:01,2.463944383634953e-06,25.469,0.111222684
CGTQGGSEKLVF,TRAV30*01,CATAPGLSYEQYF,TRBV19*01,SLFLGIYSV,HLA-A*02:01,0.9962947964668274,0.069,0.16709459
CGTQGGSEKLVF,TRAV30*01,CATAPGLSYEQYF,TRBV19*01,SLFLGIVSV,HLA-A*02:01,0.9972702264785767,0.049,0.10642965
CGTQGGSEKLVF,TRAV30*01,CATAPGLSYEQYF,TRBV19*01,SAFLGILSV,HLA-A*02:01,0.01397510152310133,6.838,0.1110165
CGTQGGSEKLVF,TRAV30*01,CATAPGLSYEQYF,TRBV19*01,SLFLGILQV,HLA-A*02:01,0.997898280620575,0.038,0.14360483
CGTQGGSEKLVF,TRAV30*01,CATAPGLSYEQYF,TRBV19*01,SLFPGILSV,HLA-A*02:01,0.9998623728752136,0.0,0.14131036
CGTQGGSEKLVF,TRAV30*01,CATAPGLSYEQYF,TRBV19*01,SLFLGGLSV,HLA-A*02:01,0.9928497076034546,0.112,0.14312764
CGTQGGSEKLVF,TRAV30*01,CATAPGLSYEQYF,TRBV19*01,KLFLGILSV,HLA-A*02:01,0.9977017641067505,0.041,0.1290056
CGTQGGSEKLVF,TRAV30*01,CATAPGLSYEQYF,TRBV19*01,SWFLGILSV,HLA-A*02:01,5.545483645619242e-07,30.965,0.1416283
CGTQGGSEKLVF,TRAV30*01,CATAPGLSYEQYF,TRBV19*01,SLFLGILSA,HLA-A*02:01,0.5053950548171997,0.938,0.098455414
CGTQGGSEKLVF,TRAV30*01,CATAPGLSYEQYF,TRBV19*01,SLFLGIPSV,HLA-A*02:01,0.999010443687439,0.012,0.14416878
CGTQGGSEKLVF,TRAV30*01,CATAPGLSYEQYF,TRBV19*01,SLFLGILSS,HLA-A*02:01,0.004479668103158474,8.308,0.13239977
CGTQGGSEKLVF,TRAV30*01,CATAPGLSYEQYF,TRBV19*01,SLFLGSLSV,HLA-A*02:01,0.9875265955924988,0.15,0.14920062
CGTQGGSEKLVF,TRAV30*01,CATAPGLSYEQYF,TRBV19*01,FLFLGILSV,HLA-A*02:01,0.49824753403663635,0.954,0.14023793
CGTQGGSEKLVF,TRAV30*01,CATAPGLSYEQYF,TRBV19*01,SLFLGILSF,HLA-A*02:01,0.00016380850865971297,13.912,0.20406993
CGTQGGSEKLVF,TRAV30*01,CATAPGLSYEQYF,TRBV19*01,SLFLGICSV,HLA-A*02:01,0.17296680808067322,3.371,0.11593213
CGTQGGSEKLVF,TRAV30*01,CATAPGLSYEQYF,TRBV19*01,SLFLGILSY,HLA-A*02:01,0.3033176362514496,1.677,0.20022956
CGTQGGSEKLVF,TRAV30*01,CATAPGLSYEQYF,TRBV19*01,SLFLLILSV,HLA-A*02:01,0.039944861084222794,5.611,0.15643863
CGTQGGSEKLVF,TRAV30*01,CATAPGLSYEQYF,TRBV19*01,SLRLGILSV,HLA-A*02:01,0.7262045741081238,0.514,0.13514931
CGTQGGSEKLVF,TRAV30*01,CATAPGLSYEQYF,TRBV19*01,SLSLGILSV,HLA-A*02:01,0.7628920078277588,0.454,0.11694515
CGTQGGSEKLVF,TRAV30*01,CATAPGLSYEQYF,TRBV19*01,RLFLGILSV,HLA-A*02:01,0.9925607442855835,0.114,0.13026126
CGTQGGSEKLVF,TRAV30*01,CATAPGLSYEQYF,TRBV19*01,QLFLGILSV,HLA-A*02:01,0.9599373936653137,0.226,0.12857267
CGTQGGSEKLVF,TRAV30*01,CATAPGLSYEQYF,TRBV19*01,SLALGILSV,HLA-A*02:01,0.9428436160087585,0.247,0.09298265
CGTQGGSEKLVF,TRAV30*01,CATAPGLSYEQYF,TRBV19*01,SLFLGILSR,HLA-A*02:01,5.6955312174977735e-05,16.283,0.14121749
CGTQGGSEKLVF,TRAV30*01,CATAPGLSYEQYF,TRBV19*01,SLFKGILSV,HLA-A*02:01,0.9998801946640015,0.0,0.16299811
CGTQGGSEKLVF,TRAV30*01,CATAPGLSYEQYF,TRBV19*01,SRFLGILSV,HLA-A*02:01,0.11644723266363144,4.201,0.14936033
CGTQGGSEKLVF,TRAV30*01,CATAPGLSYEQYF,TRBV19*01,SLFLFILSV,HLA-A*02:01,0.6325549483299255,0.622,0.24315116
CGTQGGSEKLVF,TRAV30*01,CATAPGLSYEQYF,TRBV19*01,SLFLGTLSV,HLA-A*02:01,0.9952467083930969,0.084,0.12587604
CGTQGGSEKLVF,TRAV30*01,CATAPGLSYEQYF,TRBV19*01,SLNLGILSV,HLA-A*02:01,0.9392199516296387,0.252,0.14153123
CGTQGGSEKLVF,TRAV30*01,CATAPGLSYEQYF,TRBV19*01,WLFLGILSV,HLA-A*02:01,0.005440777167677879,8.059,0.121224776
CGTQGGSEKLVF,TRAV30*01,CATAPGLSYEQYF,TRBV19*01,SLFLGILGV,HLA-A*02:01,0.9882904291152954,0.146,0.10812618
CGTQGGSEKLVF,TRAV30*01,CATAPGLSYEQYF,TRBV19*01,SLFLGILSP,HLA-A*02:01,0.021333301439881325,6.333,0.12839225
CGTQGGSEKLVF,TRAV30*01,CATAPGLSYEQYF,TRBV19*01,DLFLGILSV,HLA-A*02:01,0.16121958196163177,3.581,0.12697148
CGTQGGSEKLVF,TRAV30*01,CATAPGLSYEQYF,TRBV19*01,SLFLGILTV,HLA-A*02:01,0.9972241520881653,0.051,0.09871515
CGTQGGSEKLVF,TRAV30*01,CATAPGLSYEQYF,TRBV19*01,SLFVGILSV,HLA-A*02:01,0.9970256686210632,0.055,0.10477588
CGTQGGSEKLVF,TRAV30*01,CATAPGLSYEQYF,TRBV19*01,SLFLWILSV,HLA-A*02:01,0.4754036068916321,1.01,0.17299756
CGTQGGSEKLVF,TRAV30*01,CATAPGLSYEQYF,TRBV19*01,SLFLGIGSV,HLA-A*02:01,0.2763667404651642,1.773,0.1140517
CGTQGGSEKLVF,TRAV30*01,CATAPGLSYEQYF,TRBV19*01,SLFLGILKV,HLA-A*02:01,0.9987024068832397,0.018,0.16762774
CGTQGGSEKLVF,TRAV30*01,CATAPGLSYEQYF,TRBV19*01,SLFIGILSV,HLA-A*02:01,0.9963046312332153,0.068,0.10763155
CGTQGGSEKLVF,TRAV30*01,CATAPGLSYEQYF,TRBV19*01,SLFLGILSV,HLA-A*02:01,0.9943782091140747,0.095,0.11697856
CGTQGGSEKLVF,TRAV30*01,CATAPGLSYEQYF,TRBV19*01,SLFCGILSV,HLA-A*02:01,0.48017939925193787,0.997,0.11656754
CGTQGGSEKLVF,TRAV30*01,CATAPGLSYEQYF,TRBV19*01,TLFLGILSV,HLA-A*02:01,0.9436971545219421,0.247,0.11175446
CGTQGGSEKLVF,TRAV30*01,CATAPGLSYEQYF,TRBV19*01,SPFLGILSV,HLA-A*02:01,0.3742481768131256,1.373,0.1427283
CGTQGGSEKLVF,TRAV30*01,CATAPGLSYEQYF,TRBV19*01,SLFLNILSV,HLA-A*02:01,0.9962131381034851,0.069,0.18145838
CGTQGGSEKLVF,TRAV30*01,CATAPGLSYEQYF,TRBV19*01,SLFLGILMV,HLA-A*02:01,0.7682247161865234,0.451,0.096794665
CGTQGGSEKLVF,TRAV30*01,CATAPGLSYEQYF,TRBV19*01,SNFLGILSV,HLA-A*02:01,0.099591463804245,4.446,0.15474609
CGTQGGSEKLVF,TRAV30*01,CATAPGLSYEQYF,TRBV19*01,SLFLGIMSV,HLA-A*02:01,0.9878441691398621,0.149,0.10490054
CGTQGGSEKLVF,TRAV30*01,CATAPGLSYEQYF,TRBV19*01,SSFLGILSV,HLA-A*02:01,0.010038669221103191,7.28,0.14328477
CGTQGGSEKLVF,TRAV30*01,CATAPGLSYEQYF,TRBV19*01,SLFLQILSV,HLA-A*02:01,0.9677067995071411,0.217,0.17039374
CGTQGGSEKLVF,TRAV30*01,CATAPGLSYEQYF,TRBV19*01,SLFLIILSV,HLA-A*02:01,0.04342268034815788,5.518,0.15469253
CGTQGGSEKLVF,TRAV30*01,CATAPGLSYEQYF,TRBV19*01,SLFLGELSV,HLA-A*02:01,0.9982010126113892,0.03,0.14478974
CGTQGGSEKLVF,TRAV30*01,CATAPGLSYEQYF,TRBV19*01,SLFLGILSC,HLA-A*02:01,0.0261479951441288,6.105,0.12959151
CGTQGGSEKLVF,TRAV30*01,CATAPGLSYEQYF,TRBV19*01,SCFLGILSV,HLA-A*02:01,4.6279910748125985e-07,31.673,0.13107242
CGTQGGSEKLVF,TRAV30*01,CATAPGLSYEQYF,TRBV19*01,SLILGILSV,HLA-A*02:01,0.9881539344787598,0.147,0.09376117
CGTQGGSEKLVF,TRAV30*01,CATAPGLSYEQYF,TRBV19*01,SLFLGILSI,HLA-A*02:01,0.35909023880958557,1.452,0.16380632
CGTQGGSEKLVF,TRAV30*01,CATAPGLSYEQYF,TRBV19*01,ILFLGILSV,HLA-A*02:01,0.32191070914268494,1.605,0.09908076
CGTQGGSEKLVF,TRAV30*01,CATAPGLSYEQYF,TRBV19*01,SLFQGILSV,HLA-A*02:01,0.999801516532898,0.0,0.15269418
CGTQGGSEKLVF,TRAV30*01,CATAPGLSYEQYF,TRBV19*01,SLFLGILSK,HLA-A*02:01,3.44999716617167e-05,17.571,0.16757257
CGTQGGSEKLVF,TRAV30*01,CATAPGLSYEQYF,TRBV19*01,SLFLEILSV,HLA-A*02:01,0.9943455457687378,0.095,0.1557734
CGTQGGSEKLVF,TRAV30*01,CATAPGLSYEQYF,TRBV19*01,SLQLGILSV,HLA-A*02:01,0.9861526489257812,0.157,0.13376659
CGTQGGSEKLVF,TRAV30*01,CATAPGLSYEQYF,TRBV19*01,SLFLGILIV,HLA-A*02:01,0.4041765332221985,1.188,0.11595911
CGTQGGSEKLVF,TRAV30*01,CATAPGLSYEQYF,TRBV19*01,SLFFGILSV,HLA-A*02:01,0.9950318336486816,0.086,0.15670736
CGTQGGSEKLVF,TRAV30*01,CATAPGLSYEQYF,TRBV19*01,SLFWGILSV,HLA-A*02:01,0.9977062344551086,0.041,0.13827662
CGTQGGSEKLVF,TRAV30*01,CATAPGLSYEQYF,TRBV19*01,SLFLGNLSV,HLA-A*02:01,0.815687358379364,0.351,0.16470739
CGTQGGSEKLVF,TRAV30*01,CATAPGLSYEQYF,TRBV19*01,SLFLGILST,HLA-A*02:01,0.01749313250184059,6.586,0.11714955
CGTQGGSEKLVF,TRAV30*01,CATAPGLSYEQYF,TRBV19*01,SLFLHILSV,HLA-A*02:01,0.9991081357002258,0.009,0.1846556
CGTQGGSEKLVF,TRAV30*01,CATAPGLSYEQYF,TRBV19*01,SLFLGILSQ,HLA-A*02:01,0.11971940100193024,4.16,0.14571804
CGTQGGSEKLVF,TRAV30*01,CATAPGLSYEQYF,TRBV19*01,CLFLGILSV,HLA-A*02:01,8.965369602265127e-07,29.125,0.11340769
CGTQGGSEKLVF,TRAV30*01,CATAPGLSYEQYF,TRBV19*01,SLLLGILSV,HLA-A*02:01,0.880020797252655,0.307,0.10182488
CGTQGGSEKLVF,TRAV30*01,CATAPGLSYEQYF,TRBV19*01,SLFLGILSL,HLA-A*02:01,0.5376731157302856,0.883,0.14395475
CGTQGGSEKLVF,TRAV30*01,CATAPGLSYEQYF,TRBV19*01,SLFLGIFSV,HLA-A*02:01,0.984509289264679,0.165,0.19392112
CGTQGGSEKLVF,TRAV30*01,CATAPGLSYEQYF,TRBV19*01,SLFLGILAV,HLA-A*02:01,0.9557180404663086,0.23,0.08826662
CGTQGGSEKLVF,TRAV30*01,CATAPGLSYEQYF,TRBV19*01,SLFTGILSV,HLA-A*02:01,0.9993684887886047,0.006,0.12481765
CGTQGGSEKLVF,TRAV30*01,CATAPGLSYEQYF,TRBV19*01,SLFLAILSV,HLA-A*02:01,0.5779521465301514,0.776,0.112397805
CGTQGGSEKLVF,TRAV30*01,CATAPGLSYEQYF,TRBV19*01,SLFLSILSV,HLA-A*02:01,0.9829776883125305,0.169,0.16730043
CGTQGGSEKLVF,TRAV30*01,CATAPGLSYEQYF,TRBV19*01,PLFLGILSV,HLA-A*02:01,0.12222030013799667,4.13,0.1082121
CGTQGGSEKLVF,TRAV30*01,CATAPGLSYEQYF,TRBV19*01,SLFLGIASV,HLA-A*02:01,0.9955022931098938,0.081,0.10006066
CGTQGGSEKLVF,TRAV30*01,CATAPGLSYEQYF,TRBV19*01,SLFMGILSV,HLA-A*02:01,0.9979570508003235,0.038,0.10505235
CGTQGGSEKLVF,TRAV30*01,CATAPGLSYEQYF,TRBV19*01,SLFLGILSD,HLA-A*02:01,5.016710247218725e-07,31.34,0.15701637
CGTQGGSEKLVF,TRAV30*01,CATAPGLSYEQYF,TRBV19*01,STFLGILSV,HLA-A*02:01,0.12905684113502502,4.045,0.12694062
