CDR3a,CDR3a_V,CDR3b,CDR3b_V,Antigens,HLA alleles,Score_EL,Rank_EL,Score_pMHC-TCR
CAERSEGQGGKLIF,TRAV5*01,CSAPVGGGGFTDTQYF,TRBV20-1*01,NLVPMGATV,HLA-A*02:01,0.36464226245880127,1.423,0.52933764
CAERSEGQGGKLIF,TRAV5*01,CSAPVGGGGFTDTQYF,TRBV20-1*01,NLGPMVATV,HLA-A*02:01,0.9876704216003418,0.149,0.5421104
CAERSEGQGGKLIF,TRAV5*01,CSAPVGGGGFTDTQYF,TRBV20-1*01,NLVPMMATV,HLA-A*02:01,0.6882228851318359,0.557,0.47310662
CAERSEGQGGKLIF,TRAV5*01,CSAPVGGGGFTDTQYF,TRBV20-1*01,NLVPMRATV,HLA-A*02:01,0.12237696349620819,4.129,0.48037857
CAERSEGQGGKLIF,TRAV5*01,CSAPVGGGGFTDTQYF,TRBV20-1*01,NLVPMVARV,HLA-A*02:01,0.9475030899047852,0.242,0.47625166
CAERSEGQGGKLIF,TRAV5*01,CSAPVGGGGFTDTQYF,TRBV20-1*01,NYVPMVATV,HLA-A*02:01,0.008588089607656002,7.5,0.4141346
CAERSEGQGGKLIF,TRAV5*01,CSAPVGGGGFTDTQYF,TRBV20-1*01,NLQPMVATV,HLA-A*02:01,0.6262942552566528,0.634,0.48717886
CAERSEGQGGKLIF,TRAV5*01,CSAPVGGGGFTDTQYF,TRBV20-1*01,NLVQMVATV,HLA-A*02:01,0.9636614918708801,0.222,0.50969684
CAERSEGQGGKLIF,TRAV5*01,CSAPVGGGGFTDTQYF,TRBV20-1*01,NLVPMVATD,HLA-A*02:01,1.3326909993338631e-06,27.649,0.498596
CAERSEGQGGKLIF,TRAV5*01,CSAPVGGGGFTDTQYF,TRBV20-1*01,NLVPMVAEV,HLA-A*02:01,0.9945598840713501,0.09,0.5006673
CAERSEGQGGKLIF,TRAV5*01,CSAPVGGGGFTDTQYF,TRBV20-1*01,NLVYMVATV,HLA-A*02:01,0.12708020210266113,4.058,0.45214415
CAERSEGQGGKLIF,TRAV5*01,CSAPVGGGGFTDTQYF,TRBV20-1*01,ALVPMVATV,HLA-A*02:01,0.9981120824813843,0.032,0.55683404
CAERSEGQGGKLIF,TRAV5*01,CSAPVGGGGFTDTQYF,TRBV20-1*01,NQVPMVATV,HLA-A*02:01,0.7952372431755066,0.386,0.4596688
CAERSEGQGGKLIF,TRAV5*01,CSAPVGGGGFTDTQYF,TRBV20-1*01,NLVPDVATV,HLA-A*02:01,0.9977639317512512,0.041,0.5050696
CAERSEGQGGKLIF,TRAV5*01,CSAPVGGGGFTDTQYF,TRBV20-1*01,NLVPMWATV,HLA-A*02:01,0.7176928520202637,0.524,0.45309478
CAERSEGQGGKLIF,TRAV5*01,CSAPVGGGGFTDTQYF,TRBV20-1*01,NLVPMVATQ,HLA-A*02:01,0.15988066792488098,3.596,0.52321637
CAERSEGQGGKLIF,TRAV5*01,CSAPVGGGGFTDTQYF,TRBV20-1*01,VLVPMVATV,HLA-A*02:01,0.9943072199821472,0.096,0.48904267
CAERSEGQGGKLIF,TRAV5*01,CSAPVGGGGFTDTQYF,TRBV20-1*01,NLVPMVCTV,HLA-A*02:01,0.4109579920768738,1.163,0.42997956
CAERSEGQGGKLIF,TRAV5*01,CSAPVGGGGFTDTQYF,TRBV20-1*01,NLVPCVATV,HLA-A*02:01,0.44025570154190063,1.078,0.47152868
CAERSEGQGGKLIF,TRAV5*01,CSAPVGGGGFTDTQYF,TRBV20-1*01,NLNPMVATV,HLA-A*02:01,0.9934700727462769,0.106,0.45762697
CAERSEGQGGKLIF,TRAV5*01,CSAPVGGGGFTDTQYF,TRBV20-1*01,RLVPMVATV,HLA-A*02:01,0.9973107576370239,0.049,0.5321365
CAERSEGQGGKLIF,TRAV5*01,CSAPVGGGGFTDTQYF,TRBV20-1*01,NDVPMVATV,HLA-A*02:01,0.0010098160710185766,10.488,0.46372384
CAERSEGQGGKLIF,TRAV5*01,CSAPVGGGGFTDTQYF,TRBV20-1*01,NLVNMVATV,HLA-A*02:01,0.9810158014297485,0.178,0.488671
CAERSEGQGGKLIF,TRAV5*01,CSAPVGGGGFTDTQYF,TRBV20-1*01,NLVPMVATM,HLA-A*02:01,0.10454206168651581,4.371,0.4829635
CAERSEGQGGKLIF,TRAV5*01,CSAPVGGGGFTDTQYF,TRBV20-1*01,NLVPMVATW,HLA-A*02:01,5.60453509024228e-06,22.771,0.45139185
CAERSEGQGGKLIF,TRAV5*01,CSAPVGGGGFTDTQYF,TRBV20-1*01,NLVPMVAMV,HLA-A*02:01,0.7283462882041931,0.512,0.4782496
CAERSEGQGGKLIF,TRAV5*01,CSAPVGGGGFTDTQYF,TRBV20-1*01,NLVPMVWTV,HLA-A*02:01,0.9966192245483398,0.066,0.39919263
CAERSEGQGGKLIF,TRAV5*01,CSAPVGGGGFTDTQYF,TRBV20-1*01,NLPPMVATV,HLA-A*02:01,0.9787939190864563,0.19,0.4934826
CAERSEGQGGKLIF,TRAV5*01,CSAPVGGGGFTDTQYF,TRBV20-1*01,NLVPMHATV,HLA-A*02:01,0.200826495885849,2.357,0.45371065
CAERSEGQGGKLIF,TRAV5*01,CSAPVGGGGFTDTQYF,TRBV20-1*01,NLVTMVATV,HLA-A*02:01,0.5257052183151245,0.908,0.47451884
CAERSEGQGGKLIF,TRAV5*01,CSAPVGGGGFTDTQYF,TRBV20-1*01,NLVSMVATV,HLA-A*02:01,0.8998296856880188,0.292,0.5082356
CAERSEGQGGKLIF,TRAV5*01,CSAPVGGGGFTDTQYF,TRBV20-1*01,NLVPMVAAV,HLA-A*02:01,0.948567271232605,0.24,0.5225761
CAERSEGQGGKLIF,TRAV5*01,CSAPVGGGGFTDTQYF,TRBV20-1*01,NLVPMVTTV,HLA-A*02:01,0.9868922233581543,0.153,0.4438641
CAERSEGQGGKLIF,TRAV5*01,CSAPVGGGGFTDTQYF,TRBV20-1*01,NLVPMVAPV,HLA-A*02:01,0.13962149620056152,3.896,0.48051947
CAERSEGQGGKLIF,TRAV5*01,CSAPVGGGGFTDTQYF,TRBV20-1*01,NLVPMVYTV,HLA-A*02:01,0.9398456811904907,0.252,0.3599469
CAERSEGQGGKLIF,TRAV5*01,CSAPVGGGGFTDTQYF,TRBV20-1*01,MLVPMVATV,HLA-A*02:01,0.9914148449897766,0.129,0.45084897
CAERSEGQGGKLIF,TRAV5*01,CSAPVGGGGFTDTQYF,TRBV20-1*01,NLVPMVAFV,HLA-A*02:01,0.5791714787483215,0.771,0.4555378
CAERSEGQGGKLIF,TRAV5*01,CSAPVGGGGFTDTQYF,TRBV20-1*01,NLVPIVATV,HLA-A*02:01,0.9979966282844543,0.034,0.46993667
CAERSEGQGGKLIF,TRAV5*01,CSAPVGGGGFTDTQYF,TRBV20-1*01,NLVPMVATP,HLA-A*02:01,0.000303914537653327,12.643,0.49075216
CAERSEGQGGKLIF,TRAV5*01,CSAPVGGGGFTDTQYF,TRBV20-1*01,NLVPMVADV,HLA-A*02:01,0.533854603767395,0.89,0.4939189
CAERSEGQGGKLIF,TRAV5*01,CSAPVGGGGFTDTQYF,TRBV20-1*01,NLVPMVATN,HLA-A*02:01,0.13775601983070374,3.922,0.5022752
CAERSEGQGGKLIF,TRAV5*01,CSAPVGGGGFTDTQYF,TRBV20-1*01,NLVPMYATV,HLA-A*02:01,0.5821494460105896,0.76,0.42885
CAERSEGQGGKLIF,TRAV5*01,CSAPVGGGGFTDTQYF,TRBV20-1*01,NLVPMVACV,HLA-A*02:01,0.19302840530872345,2.855,0.48268795
CAERSEGQGGKLIF,TRAV5*01,CSAPVGGGGFTDTQYF,TRBV20-1*01,NLVPMVAGV,HLA-A*02:01,0.943496584892273,0.247,0.53233373
CAERSEGQGGKLIF,TRAV5*01,CSAPVGGGGFTDTQYF,TRBV20-1*01,NLVPRVATV,HLA-A*02:01,0.990727424621582,0.129,0.4859704
CAERSEGQGGKLIF,TRAV5*01,CSAPVGGGGFTDTQYF,TRBV20-1*01,NLVPMDATV,HLA-A*02:01,0.21536031365394592,2.123,0.5041294
CAERSEGQGGKLIF,TRAV5*01,CSAPVGGGGFTDTQYF,TRBV20-1*01,NLTPMVATV,HLA-A*02:01,0.7912617325782776,0.4,0.4740929
CAERSEGQGGKLIF,TRAV5*01,CSAPVGGGGFTDTQYF,TRBV20-1*01,NHVPMVATV,HLA-A*02:01,0.00039091758662834764,12.131,0.4221796
CAERSEGQGGKLIF,TRAV5*01,CSAPVGGGGFTDTQYF,TRBV20-1*01,NLYPMVATV,HLA-A*02:01,0.9990256428718567,0.012,0.4284144
CAERSEGQGGKLIF,TRAV5*01,CSAPVGGGGFTDTQYF,TRBV20-1*01,NLVPMVLTV,HLA-A*02:01,0.9902039766311646,0.134,0.42613333
CAERSEGQGGKLIF,TRAV5*01,CSAPVGGGGFTDTQYF,TRBV20-1*01,NLVPMSATV,HLA-A*02:01,0.5797148942947388,0.77,0.489803
CAERSEGQGGKLIF,TRAV5*01,CSAPVGGGGFTDTQYF,TRBV20-1*01,QLVPMVATV,HLA-A*02:01,0.9962249994277954,0.069,0.51387525
CAERSEGQGGKLIF,TRAV5*01,CSAPVGGGGFTDTQYF,TRBV20-1*01,NLVPNVATV,HLA-A*02:01,0.9954315423965454,0.082,0.4912774
CAERSEGQGGKLIF,TRAV5*01,CSAPVGGGGFTDTQYF,TRBV20-1*01,NLVPMLATV,HLA-A*02:01,0.8744468688964844,0.307,0.5086916
CAERSEGQGGKLIF,TRAV5*01,CSAPVGGGGFTDTQYF,TRBV20-1*01,NLLPMVATV,HLA-A*02:01,0.9979538917541504,0.038,0.49602136
CAERSEGQGGKLIF,TRAV5*01,CSAPVGGGGFTDTQYF,TRBV20-1*01,NLVPMVATL,HLA-A*02:01,0.5105987787246704,0.929,0.5065774
CAERSEGQGGKLIF,TRAV5*01,CSAPVGGGGFTDTQYF,TRBV20-1*01,NLVPMVANV,HLA-A*02:01,0.9169515371322632,0.275,0.48550996
CAERSEGQGGKLIF,TRAV5*01,CSAPVGGGGFTDTQYF,TRBV20-1*01,NLVPMVATY,HLA-A*02:01,6.193666195031255e-05,16.099,0.43030614
CAERSEGQGGKLIF,TRAV5*01,CSAPVGGGGFTDTQYF,TRBV20-1*01,NLEPMVATV,HLA-A*02:01,0.5224518179893494,0.913,0.51029086
CAERSEGQGGKLIF,TRAV5*01,CSAPVGGGGFTDTQYF,TRBV20-1*01,NLVPMVRTV,HLA-A*02:01,0.5173500776290894,0.918,0.45284638
CAERSEGQGGKLIF,TRAV5*01,CSAPVGGGGFTDTQYF,TRBV20-1*01,NLVPMIATV,HLA-A*02:01,0.9968560338020325,0.057,0.46907204
CAERSEGQGGKLIF,TRAV5*01,CSAPVGGGGFTDTQYF,TRBV20-1*01,NLVPMVQTV,HLA-A*02:01,0.9934369921684265,0.106,0.46764153
CAERSEGQGGKLIF,TRAV5*01,CSAPVGGGGFTDTQYF,TRBV20-1*01,NLVPLVATV,HLA-A*02:01,0.9971508979797363,0.054,0.50736237
CAERSEGQGGKLIF,TRAV5*01,CSAPVGGGGFTDTQYF,TRBV20-1*01,NLVLMVATV,HLA-A*02:01,0.11783228814601898,4.184,0.51457417
CAERSEGQGGKLIF,TRAV5*01,CSAPVGGGGFTDTQYF,TRBV20-1*01,NLVMMVATV,HLA-A*02:01,0.005151885561645031,8.123,0.4735188
CAERSEGQGGKLIF,TRAV5*01,CSAPVGGGGFTDTQYF,TRBV20-1*01,NLVPMVAWV,HLA-A*02:01,0.004790470469743013,8.221,0.4549353
CAERSEGQGGKLIF,TRAV5*01,CSAPVGGGGFTDTQYF,TRBV20-1*01,NMVPMVATV,HLA-A*02:01,0.9772111177444458,0.196,0.44012898
CAERSEGQGGKLIF,TRAV5*01,CSAPVGGGGFTDTQYF,TRBV20-1*01,NLVFMVATV,HLA-A*02:01,0.16694411635398865,3.489,0.46773306
CAERSEGQGGKLIF,TRAV5*01,CSAPVGGGGFTDTQYF,TRBV20-1*01,NLVPHVATV,HLA-A*02:01,0.9994121789932251,0.004,0.4712575
CAERSEGQGGKLIF,TRAV5*01,CSAPVGGGGFTDTQYF,TRBV20-1*01,NLRPMVATV,HLA-A*02:01,0.034630775451660156,5.785,0.47680768
CAERSEGQGGKLIF,TRAV5*01,CSAPVGGGGFTDTQYF,TRBV20-1*01,NLVPMVPTV,HLA-A*02:01,0.9982852935791016,0.027,0.46681452
CAERSEGQGGKLIF,TRAV5*01,CSAPVGGGGFTDTQYF,TRBV20-1*01,NLVPMVKTV,HLA-A*02:01,0.8938120603561401,0.298,0.46365124
CAERSEGQGGKLIF,TRAV5*01,CSAPVGGGGFTDTQYF,TRBV20-1*01,GLVPMVATV,HLA-A*02:01,0.9960451126098633,0.073,0.5722751
CAERSEGQGGKLIF,TRAV5*01,CSAPVGGGGFTDTQYF,TRBV20-1*01,PLVPMVATV,HLA-A*02:01,0.12613852322101593,4.071,0.5276474
CAERSEGQGGKLIF,TRAV5*01,CSAPVGGGGFTDTQYF,TRBV20-1*01,NLHPMVATV,HLA-A*02:01,0.9641122817993164,0.222,0.43983674
CAERSEGQGGKLIF,TRAV5*01,CSAPVGGGGFTDTQYF,TRBV20-1*01,NLAPMVATV,HLA-A*02:01,0.9974702596664429,0.045,0.51151484
CAERSEGQGGKLIF,TRAV5*01,CSAPVGGGGFTDTQYF,TRBV20-1*01,NEVPMVATV,HLA-A*02:01,0.1975015103816986,2.659,0.45924386
CAERSEGQGGKLIF,TRAV5*01,CSAPVGGGGFTDTQYF,TRBV20-1*01,NLVAMVATV,HLA-A*02:01,0.7285894751548767,0.511,0.5479533
CAERSEGQGGKLIF,TRAV5*01,CSAPVGGGGFTDTQYF,TRBV20-1*01,NLVPMKATV,HLA-A*02:01,0.22169777750968933,2.074,0.49154678
CAERSEGQGGKLIF,TRAV5*01,CSAPVGGGGFTDTQYF,TRBV20-1*01,NLVPMVETV,HLA-A*02:01,0.9955463409423828,0.081,0.47775164
CAERSEGQGGKLIF,TRAV5*01,CSAPVGGGGFTDTQYF,TRBV20-1*01,NLVPMVSTV,HLA-A*02:01,0.9695106744766235,0.21,0.46061176
CAERSEGQGGKLIF,TRAV5*01,CSAPVGGGGFTDTQYF,TRBV20-1*01,NLVEMVATV,HLA-A*02:01,0.9977321624755859,0.041,0.51349723
CAERSEGQGGKLIF,TRAV5*01,CSAPVGGGGFTDTQYF,TRBV20-1*01,NLVPMQATV,HLA-A*02:01,0.33178162574768066,1.561,0.49928465
CAERSEGQGGKLIF,TRAV5*01,CSAPVGGGGFTDTQYF,TRBV20-1*01,NLVPMVATG,HLA-A*02:01,0.008694863878190517,7.486,0.51993
CAERSEGQGGKLIF,TRAV5*01,CSAPVGGGGFTDTQYF,TRBV20-1*01,NRVPMVATV,HLA-A*02:01,0.0005267367232590914,11.602,0.45727187
CAERSEGQGGKLIF,TRAV5*01,CSAPVGGGGFTDTQYF,TRBV20-1*01,NLVPMTATV,HLA-A*02:01,0.861255943775177,0.312,0.47374377
CAERSEGQGGKLIF,TRAV5*01,CSAPVGGGGFTDTQYF,TRBV20-1*01,NLVPMVATT,HLA-A*02:01,0.0537666492164135,5.256,0.4935893
CAERSEGQGGKLIF,TRAV5*01,CSAPVGGGGFTDTQYF,TRBV20-1*01,LLVPMVATV,HLA-A*02:01,0.9936758279800415,0.106,0.5124954
CAERSEGQGGKLIF,TRAV5*01,CSAPVGGGGFTDTQYF,TRBV20-1*01,KLVPMVATV,HLA-A*02:01,0.9986773729324341,0.02,0.5068352
CAERSEGQGGKLIF,TRAV5*01,CSAPVGGGGFTDTQYF,TRBV20-1*01,NLVPWVATV,HLA-A*02:01,0.9955463409423828,0.081,0.47178593
CAERSEGQGGKLIF,TRAV5*01,CSAPVGGGGFTDTQYF,TRBV20-1*01,NLCPMVATV,HLA-A*02:01,0.6679505109786987,0.579,0.46139902
CAERSEGQGGKLIF,TRAV5*01,CSAPVGGGGFTDTQYF,TRBV20-1*01,NLVDMVATV,HLA-A*02:01,0.9976261258125305,0.042,0.5034424
CAERSEGQGGKLIF,TRAV5*01,CSAPVGGGGFTDTQYF,TRBV20-1*01,NLVPMVAHV,HLA-A*02:01,0.8902298212051392,0.3,0.4577673
CAERSEGQGGKLIF,TRAV5*01,CSAPVGGGGFTDTQYF,TRBV20-1*01,NLVPMVATC,HLA-A*02:01,3.1082967325346544e-05,17.841,0.49421185
CAERSEGQGGKLIF,TRAV5*01,CSAPVGGGGFTDTQYF,TRBV20-1*01,NLVVMVATV,HLA-A*02:01,0.03431102633476257,5.798,0.4838472
CAERSEGQGGKLIF,TRAV5*01,CSAPVGGGGFTDTQYF,TRBV20-1*01,NLFPMVATV,HLA-A*02:01,0.9987619519233704,0.015,0.44295993
CAERSEGQGGKLIF,TRAV5*01,CSAPVGGGGFTDTQYF,TRBV20-1*01,NKVPMVATV,HLA-A*02:01,0.00027868515462614596,12.824,0.46216112
CAERSEGQGGKLIF,TRAV5*01,CSAPVGGGGFTDTQYF,TRBV20-1*01,NLVPMVATK,HLA-A*02:01,2.688657048111054e-07,33.722,0.49051613
CAERSEGQGGKLIF,TRAV5*01,CSAPVGGGGFTDTQYF,TRBV20-1*01,NLVPMVATI,HLA-A*02:01,0.4214840531349182,1.122,0.4651119
CAERSEGQGGKLIF,TRAV5*01,CSAPVGGGGFTDTQYF,TRBV20-1*01,HLVPMVATV,HLA-A*02:01,0.9972293972969055,0.051,0.4799981
CAERSEGQGGKLIF,TRAV5*01,CSAPVGGGGFTDTQYF,TRBV20-1*01,NLMPMVATV,HLA-A*02:01,0.998129665851593,0.032,0.47270614
CAERSEGQGGKLIF,TRAV5*01,CSAPVGGGGFTDTQYF,TRBV20-1*01,NLWPMVATV,HLA-A*02:01,0.8858782649040222,0.303,0.470721
CAERSEGQGGKLIF,TRAV5*01,CSAPVGGGGFTDTQYF,TRBV20-1*01,NLVPAVATV,HLA-A*02:01,0.9929673075675964,0.111,0.5311263
CAERSEGQGGKLIF,TRAV5*01,CSAPVGGGGFTDTQYF,TRBV20-1*01,NLVPMVAQV,HLA-A*02:01,0.9936941266059875,0.106,0.50494516
CAERSEGQGGKLIF,TRAV5*01,CSAPVGGGGFTDTQYF,TRBV20-1*01,NLVPMVASV,HLA-A*02:01,0.8211429715156555,0.343,0.4964065
CAERSEGQGGKLIF,TRAV5*01,CSAPVGGGGFTDTQYF,TRBV20-1*01,NCVPMVATV,HLA-A*02:01,0.00023197669361252338,13.208,0.45829123
CAERSEGQGGKLIF,TRAV5*01,CSAPVGGGGFTDTQYF,TRBV20-1*01,NLVPMVHTV,HLA-A*02:01,0.9967182874679565,0.062,0.4221495
CAERSEGQGGKLIF,TRAV5*01,CSAPVGGGGFTDTQYF,TRBV20-1*01,CLVPMVATV,HLA-A*02:01,0.10938141494989395,4.3,0.4909215
CAERSEGQGGKLIF,TRAV5*01,CSAPVGGGGFTDTQYF,TRBV20-1*01,NLVPMVFTV,HLA-A*02:01,0.9742404222488403,0.201,0.34912592
CAERSEGQGGKLIF,TRAV5*01,CSAPVGGGGFTDTQYF,TRBV20-1*01,NAVPMVATV,HLA-A*02:01,0.7843682169914246,0.421,0.48438555
CAERSEGQGGKLIF,TRAV5*01,CSAPVGGGGFTDTQYF,TRBV20-1*01,NLVPMCATV,HLA-A*02:01,0.025786355137825012,6.13,0.48336467
CAERSEGQGGKLIF,TRAV5*01,CSAPVGGGGFTDTQYF,TRBV20-1*01,NLVPMVALV,HLA-A*02:01,0.45074954628944397,1.065,0.50665516
CAERSEGQGGKLIF,TRAV5*01,CSAPVGGGGFTDTQYF,TRBV20-1*01,NLVPMVATH,HLA-A*02:01,0.00028227880829945207,12.796,0.47063112
CAERSEGQGGKLIF,TRAV5*01,CSAPVGGGGFTDTQYF,TRBV20-1*01,NFVPMVATV,HLA-A*02:01,0.0009308428270742297,10.629,0.43489346
CAERSEGQGGKLIF,TRAV5*01,CSAPVGGGGFTDTQYF,TRBV20-1*01,ELVPMVATV,HLA-A*02:01,0.5100427865982056,0.93,0.52331245
CAERSEGQGGKLIF,TRAV5*01,CSAPVGGGGFTDTQYF,TRBV20-1*01,NLVPMVAYV,HLA-A*02:01,0.7994710206985474,0.37,0.42830676
CAERSEGQGGKLIF,TRAV5*01,CSAPVGGGGFTDTQYF,TRBV20-1*01,ILVPMVATV,HLA-A*02:01,0.995503306388855,0.081,0.44163856
CAERSEGQGGKLIF,TRAV5*01,CSAPVGGGGFTDTQYF,TRBV20-1*01,NNVPMVATV,HLA-A*02:01,8.500895637553185e-05,15.355,0.45871276
CAERSEGQGGKLIF,TRAV5*01,CSAPVGGGGFTDTQYF,TRBV20-1*01,NGVPMVATV,HLA-A*02:01,0.07162545621395111,4.893,0.51552033
CAERSEGQGGKLIF,TRAV5*01,CSAPVGGGGFTDTQYF,TRBV20-1*01,NLVPVVATV,HLA-A*02:01,0.9974884986877441,0.045,0.48167711
CAERSEGQGGKLIF,TRAV5*01,CSAPVGGGGFTDTQYF,TRBV20-1*01,NLVPMAATV,HLA-A*02:01,0.5339812636375427,0.89,0.5175914
CAERSEGQGGKLIF,TRAV5*01,CSAPVGGGGFTDTQYF,TRBV20-1*01,NLVPMVATE,HLA-A*02:01,2.290662632731255e-05,18.699,0.51208514
CAERSEGQGGKLIF,TRAV5*01,CSAPVGGGGFTDTQYF,TRBV20-1*01,NLVCMVATV,HLA-A*02:01,0.000996254151687026,10.512,0.48098415
CAERSEGQGGKLIF,TRAV5*01,CSAPVGGGGFTDTQYF,TRBV20-1*01,NLVHMVATV,HLA-A*02:01,0.9802901148796082,0.181,0.45104274
CAERSEGQGGKLIF,TRAV5*01,CSAPVGGGGFTDTQYF,TRBV20-1*01,NLVPMVNTV,HLA-A*02:01,0.9802438020706177,0.181,0.46383563
CAERSEGQGGKLIF,TRAV5*01,CSAPVGGGGFTDTQYF,TRBV20-1*01,NLVPTVATV,HLA-A*02:01,0.9965478181838989,0.067,0.4988273
CAERSEGQGGKLIF,TRAV5*01,CSAPVGGGGFTDTQYF,TRBV20-1*01,YLVPMVATV,HLA-A*02:01,0.9987436532974243,0.016,0.4581395
CAERSEGQGGKLIF,TRAV5*01,CSAPVGGGGFTDTQYF,TRBV20-1*01,NLVPMVITV,HLA-A*02:01,0.9970742464065552,0.055,0.38400805
CAERSEGQGGKLIF,TRAV5*01,CSAPVGGGGFTDTQYF,TRBV20-1*01,NLVPMVDTV,HLA-A*02:01,0.6884206533432007,0.557,0.47817367
CAERSEGQGGKLIF,TRAV5*01,CSAPVGGGGFTDTQYF,TRBV20-1*01,NLVPMVATA,HLA-A*02:01,0.2785404324531555,1.764,0.52754325
CAERSEGQGGKLIF,TRAV5*01,CSAPVGGGGFTDTQYF,TRBV20-1*01,NLVPSVATV,HLA-A*02:01,0.9958171844482422,0.078,0.51080805
CAERSEGQGGKLIF,TRAV5*01,CSAPVGGGGFTDTQYF,TRBV20-1*01,NLVPMVATR,HLA-A*02:01,7.565834891920531e-08,39.07,0.48494062
CAERSEGQGGKLIF,TRAV5*01,CSAPVGGGGFTDTQYF,TRBV20-1*01,NLVPGVATV,HLA-A*02:01,0.9880036115646362,0.148,0.54671466
CAERSEGQGGKLIF,TRAV5*01,CSAPVGGGGFTDTQYF,TRBV20-1*01,NLKPMVATV,HLA-A*02:01,0.7666842341423035,0.451,0.48017693
CAERSEGQGGKLIF,TRAV5*01,CSAPVGGGGFTDTQYF,TRBV20-1*01,DLVPMVATV,HLA-A*02:01,0.15963974595069885,3.601,0.4909231
CAERSEGQGGKLIF,TRAV5*01,CSAPVGGGGFTDTQYF,TRBV20-1*01,NLVRMVATV,HLA-A*02:01,0.9211356043815613,0.27,0.5059808
CAERSEGQGGKLIF,TRAV5*01,CSAPVGGGGFTDTQYF,TRBV20-1*01,NLVPMVAIV,HLA-A*02:01,0.2032795399427414,2.288,0.4624989
CAERSEGQGGKLIF,TRAV5*01,CSAPVGGGGFTDTQYF,TRBV20-1*01,NLVPMVATS,HLA-A*02:01,6.586707604583353e-05,15.93,0.5070307
CAERSEGQGGKLIF,TRAV5*01,CSAPVGGGGFTDTQYF,TRBV20-1*01,NLVPFVATV,HLA-A*02:01,0.9990097284317017,0.012,0.46256965
CAERSEGQGGKLIF,TRAV5*01,CSAPVGGGGFTDTQYF,TRBV20-1*01,NTVPMVATV,HLA-A*02:01,0.2934689521789551,1.713,0.44440922
CAERSEGQGGKLIF,TRAV5*01,CSAPVGGGGFTDTQYF,TRBV20-1*01,TLVPMVATV,HLA-A*02:01,0.9952079653739929,0.084,0.47190666
CAERSEGQGGKLIF,TRAV5*01,CSAPVGGGGFTDTQYF,TRBV20-1*01,NLVPKVATV,HLA-A*02:01,0.9984617233276367,0.022,0.49023002
CAERSEGQGGKLIF,TRAV5*01,CSAPVGGGGFTDTQYF,TRBV20-1*01,NLVPPVATV,HLA-A*02:01,0.9110395312309265,0.282,0.5040413
CAERSEGQGGKLIF,TRAV5*01,CSAPVGGGGFTDTQYF,TRBV20-1*01,WLVPMVATV,HLA-A*02:01,0.9803590774536133,0.181,0.48205906
CAERSEGQGGKLIF,TRAV5*01,CSAPVGGGGFTDTQYF,TRBV20-1*01,FLVPMVATV,HLA-A*02:01,0.9983474016189575,0.025,0.46776134
CAERSEGQGGKLIF,TRAV5*01,CSAPVGGGGFTDTQYF,TRBV20-1*01,NLVPMVATV,HLA-A*02:01,0.9941034317016602,0.098,0.47569937
CAERSEGQGGKLIF,TRAV5*01,CSAPVGGGGFTDTQYF,TRBV20-1*01,NLVPMEATV,HLA-A*02:01,0.32854974269866943,1.579,0.5077423
CAERSEGQGGKLIF,TRAV5*01,CSAPVGGGGFTDTQYF,TRBV20-1*01,NLVPMVAKV,HLA-A*02:01,0.9885939359664917,0.146,0.4859326
CAERSEGQGGKLIF,TRAV5*01,CSAPVGGGGFTDTQYF,TRBV20-1*01,NLVKMVATV,HLA-A*02:01,0.9942193031311035,0.096,0.50071585
CAERSEGQGGKLIF,TRAV5*01,CSAPVGGGGFTDTQYF,TRBV20-1*01,NLVPMVATF,HLA-A*02:01,0.000432122265920043,11.949,0.4417509
CAERSEGQGGKLIF,TRAV5*01,CSAPVGGGGFTDTQYF,TRBV20-1*01,NPVPMVATV,HLA-A*02:01,0.027707958593964577,6.046,0.4574526
CAERSEGQGGKLIF,TRAV5*01,CSAPVGGGGFTDTQYF,TRBV20-1*01,SLVPMVATV,HLA-A*02:01,0.9973131418228149,0.049,0.5061119
CAERSEGQGGKLIF,TRAV5*01,CSAPVGGGGFTDTQYF,TRBV20-1*01,NLIPMVATV,HLA-A*02:01,0.9972613453865051,0.049,0.4581822
CAERSEGQGGKLIF,TRAV5*01,CSAPVGGGGFTDTQYF,TRBV20-1*01,NLVWMVATV,HLA-A*02:01,0.11567528545856476,4.211,0.46840993
CAERSEGQGGKLIF,TRAV5*01,CSAPVGGGGFTDTQYF,TRBV20-1*01,NLVPMNATV,HLA-A*02:01,0.7372111082077026,0.494,0.48620415
CAERSEGQGGKLIF,TRAV5*01,CSAPVGGGGFTDTQYF,TRBV20-1*01,NIVPMVATV,HLA-A*02:01,0.837031364440918,0.329,0.4366086
CAERSEGQGGKLIF,TRAV5*01,CSAPVGGGGFTDTQYF,TRBV20-1*01,NVVPMVATV,HLA-A*02:01,0.7269486784934998,0.513,0.4575402
CAERSEGQGGKLIF,TRAV5*01,CSAPVGGGGFTDTQYF,TRBV20-1*01,NLVIMVATV,HLA-A*02:01,0.20067520439624786,2.359,0.4487094
CAERSEGQGGKLIF,TRAV5*01,CSAPVGGGGFTDTQYF,TRBV20-1*01,NWVPMVATV,HLA-A*02:01,0.0021768694277852774,9.288,0.42413598
CAERSEGQGGKLIF,TRAV5*01,CSAPVGGGGFTDTQYF,TRBV20-1*01,NLVPMFATV,HLA-A*02:01,0.7975524663925171,0.374,0.45095748
CAERSEGQGGKLIF,TRAV5*01,CSAPVGGGGFTDTQYF,TRBV20-1*01,NLDPMVATV,HLA-A*02:01,0.9959501028060913,0.075,0.49266416
CAERSEGQGGKLIF,TRAV5*01,CSAPVGGGGFTDTQYF,TRBV20-1*01,NSVPMVATV,HLA-A*02:01,0.15117184817790985,3.732,0.461442
CAERSEGQGGKLIF,TRAV5*01,CSAPVGGGGFTDTQYF,TRBV20-1*01,NLSPMVATV,HLA-A*02:01,0.9564620852470398,0.23,0.48888475
CAERSEGQGGKLIF,TRAV5*01,CSAPVGGGGFTDTQYF,TRBV20-1*01,NLVGMVATV,HLA-A*02:01,0.9813046455383301,0.176,0.57328564
CAERSEGQGGKLIF,TRAV5*01,CSAPVGGGGFTDTQYF,TRBV20-1*01,NLVPMVGTV,HLA-A*02:01,0.2665688097476959,1.81,0.5088135
CAERSEGQGGKLIF,TRAV5*01,CSAPVGGGGFTDTQYF,TRBV20-1*01,NLVPMVVTV,HLA-A*02:01,0.9975309371948242,0.045,0.41093
CAERSEGQGGKLIF,TRAV5*01,CSAPVGGGGFTDTQYF,TRBV20-1*01,NLVPMPATV,HLA-A*02:01,0.7795711755752563,0.429,0.4792489
CAERSEGQGGKLIF,TRAV5*01,CSAPVGGGGFTDTQYF,TRBV20-1*01,NLVPMVMTV,HLA-A*02:01,0.9345715641975403,0.257,0.4134098
CAERSEGQGGKLIF,TRAV5*01,CSAPVGGGGFTDTQYF,TRBV20-1*01,NLVPMVAVV,HLA-A*02:01,0.664657711982727,0.581,0.47098374
CAERSEGQGGKLIF,TRAV5*01,CSAPVGGGGFTDTQYF,TRBV20-1*01,NLVPEVATV,HLA-A*02:01,0.9992210268974304,0.008,0.51298183
CAERSEGQGGKLIF,TRAV5*01,CSAPVGGGGFTDTQYF,TRBV20-1*01,NLVPQVATV,HLA-A*02:01,0.9981943964958191,0.03,0.5055751
CAERSEGQGGKLIF,TRAV5*01,CSAPVGGGGFTDTQYF,TRBV20-1*01,NLVPYVATV,HLA-A*02:01,0.998579204082489,0.02,0.45245534
