CDR3a,CDR3a_V,CDR3b,CDR3b_V,Antigens,HLA alleles,Score_EL,Rank_EL,Score_pMHC-TCR
CAVNPPDTGFQKLV,TRAV12-1*01,CASSLSFRQGLREQYF,TRBV28*01,VVVSAVGVGK,HLA-A*11:01,0.9995274543762207,0.004,0.51131344
CAVNPPDTGFQKLV,TRAV12-1*01,CASSLSFRQGLREQYF,TRBV28*01,VVVGAVGWGK,HLA-A*11:01,0.9966837167739868,0.082,0.54522
CAVNPPDTGFQKLV,TRAV12-1*01,CASSLSFRQGLREQYF,TRBV28*01,VVVTAVGVGK,HLA-A*11:01,0.9996606707572937,0.0,0.5353497
CAVNPPDTGFQKLV,TRAV12-1*01,CASSLSFRQGLREQYF,TRBV28*01,VVVGPVGVGK,HLA-A*11:01,0.9998829960823059,0.0,0.48370934
CAVNPPDTGFQKLV,TRAV12-1*01,CASSLSFRQGLREQYF,TRBV28*01,VVFGAVGVGK,HLA-A*11:01,0.9998248815536499,0.0,0.5513469
CAVNPPDTGFQKLV,TRAV12-1*01,CASSLSFRQGLREQYF,TRBV28*01,VVVGAVGSGK,HLA-A*11:01,0.9857219457626343,0.173,0.5455332
CAVNPPDTGFQKLV,TRAV12-1*01,CASSLSFRQGLREQYF,TRBV28*01,VVVGAVGVCK,HLA-A*11:01,0.9967969655990601,0.078,0.63057023
CAVNPPDTGFQKLV,TRAV12-1*01,CASSLSFRQGLREQYF,TRBV28*01,MVVGAVGVGK,HLA-A*11:01,0.9987325668334961,0.021,0.56469166
CAVNPPDTGFQKLV,TRAV12-1*01,CASSLSFRQGLREQYF,TRBV28*01,VVVGAVQVGK,HLA-A*11:01,0.9974562525749207,0.057,0.5586729
CAVNPPDTGFQKLV,TRAV12-1*01,CASSLSFRQGLREQYF,TRBV28*01,VVVHAVGVGK,HLA-A*11:01,0.9984471201896667,0.033,0.48951283
CAVNPPDTGFQKLV,TRAV12-1*01,CASSLSFRQGLREQYF,TRBV28*01,VNVGAVGVGK,HLA-A*11:01,0.9432902336120605,0.26,0.5204972
CAVNPPDTGFQKLV,TRAV12-1*01,CASSLSFRQGLREQYF,TRBV28*01,VPVGAVGVGK,HLA-A*11:01,0.5900753736495972,0.693,0.56138676
CAVNPPDTGFQKLV,TRAV12-1*01,CASSLSFRQGLREQYF,TRBV28*01,VVVGAVGVGM,HLA-A*11:01,6.3080342442844994e-06,10.486,0.6867288
CAVNPPDTGFQKLV,TRAV12-1*01,CASSLSFRQGLREQYF,TRBV28*01,VVVGAVDVGK,HLA-A*11:01,0.9972028732299805,0.063,0.5306568
CAVNPPDTGFQKLV,TRAV12-1*01,CASSLSFRQGLREQYF,TRBV28*01,QVVGAVGVGK,HLA-A*11:01,0.9991399049758911,0.012,0.6168762
CAVNPPDTGFQKLV,TRAV12-1*01,CASSLSFRQGLREQYF,TRBV28*01,VVVGAVGGGK,HLA-A*11:01,0.9907850027084351,0.154,0.5899563
CAVNPPDTGFQKLV,TRAV12-1*01,CASSLSFRQGLREQYF,TRBV28*01,VVQGAVGVGK,HLA-A*11:01,0.9995865821838379,0.003,0.563972
CAVNPPDTGFQKLV,TRAV12-1*01,CASSLSFRQGLREQYF,TRBV28*01,RVVGAVGVGK,HLA-A*11:01,0.999738335609436,0.0,0.61848706
CAVNPPDTGFQKLV,TRAV12-1*01,CASSLSFRQGLREQYF,TRBV28*01,VVDGAVGVGK,HLA-A*11:01,0.9996234774589539,0.001,0.54883087
CAVNPPDTGFQKLV,TRAV12-1*01,CASSLSFRQGLREQYF,TRBV28*01,VIVGAVGVGK,HLA-A*11:01,0.998511016368866,0.032,0.5851194
CAVNPPDTGFQKLV,TRAV12-1*01,CASSLSFRQGLREQYF,TRBV28*01,VVVGAVGVGD,HLA-A*11:01,1.9370731407786224e-10,26.685,0.675505
CAVNPPDTGFQKLV,TRAV12-1*01,CASSLSFRQGLREQYF,TRBV28*01,VVVGGVGVGK,HLA-A*11:01,0.9998099207878113,0.0,0.5632218
CAVNPPDTGFQKLV,TRAV12-1*01,CASSLSFRQGLREQYF,TRBV28*01,VVVNAVGVGK,HLA-A*11:01,0.9995285868644714,0.004,0.49107504
CAVNPPDTGFQKLV,TRAV12-1*01,CASSLSFRQGLREQYF,TRBV28*01,VSVGAVGVGK,HLA-A*11:01,0.998648464679718,0.025,0.52964294
CAVNPPDTGFQKLV,TRAV12-1*01,CASSLSFRQGLREQYF,TRBV28*01,VVVGAVGVGV,HLA-A*11:01,0.008152855560183525,4.341,0.6813661
CAVNPPDTGFQKLV,TRAV12-1*01,CASSLSFRQGLREQYF,TRBV28*01,VVSGAVGVGK,HLA-A*11:01,0.9994430541992188,0.006,0.5339807
CAVNPPDTGFQKLV,TRAV12-1*01,CASSLSFRQGLREQYF,TRBV28*01,VVTGAVGVGK,HLA-A*11:01,0.999182403087616,0.011,0.5264303
CAVNPPDTGFQKLV,TRAV12-1*01,CASSLSFRQGLREQYF,TRBV28*01,VVGGAVGVGK,HLA-A*11:01,0.9991604089736938,0.012,0.6719367
CAVNPPDTGFQKLV,TRAV12-1*01,CASSLSFRQGLREQYF,TRBV28*01,VVVAAVGVGK,HLA-A*11:01,0.9995476007461548,0.004,0.6116982
CAVNPPDTGFQKLV,TRAV12-1*01,CASSLSFRQGLREQYF,TRBV28*01,VVVGAVGVGH,HLA-A*11:01,0.0014864294789731503,5.269,0.6568436
CAVNPPDTGFQKLV,TRAV12-1*01,CASSLSFRQGLREQYF,TRBV28*01,VVVGAVRVGK,HLA-A*11:01,0.9965580105781555,0.089,0.5077402
CAVNPPDTGFQKLV,TRAV12-1*01,CASSLSFRQGLREQYF,TRBV28*01,VVVGAVGVAK,HLA-A*11:01,0.999531090259552,0.004,0.661298
CAVNPPDTGFQKLV,TRAV12-1*01,CASSLSFRQGLREQYF,TRBV28*01,VVVGANGVGK,HLA-A*11:01,0.9993921518325806,0.007,0.46570247
CAVNPPDTGFQKLV,TRAV12-1*01,CASSLSFRQGLREQYF,TRBV28*01,VVVGDVGVGK,HLA-A*11:01,0.9996236562728882,0.001,0.4452068
CAVNPPDTGFQKLV,TRAV12-1*01,CASSLSFRQGLREQYF,TRBV28*01,VVVGAWGVGK,HLA-A*11:01,0.9991761445999146,0.011,0.5135763
CAVNPPDTGFQKLV,TRAV12-1*01,CASSLSFRQGLREQYF,TRBV28*01,VVEGAVGVGK,HLA-A*11:01,0.9985354542732239,0.032,0.5984119
CAVNPPDTGFQKLV,TRAV12-1*01,CASSLSFRQGLREQYF,TRBV28*01,VVVGRVGVGK,HLA-A*11:01,0.998857319355011,0.016,0.484425
CAVNPPDTGFQKLV,TRAV12-1*01,CASSLSFRQGLREQYF,TRBV28*01,VVVGAVGVGK,HLA-A*11:01,0.9996430277824402,0.0,0.61272633
CAVNPPDTGFQKLV,TRAV12-1*01,CASSLSFRQGLREQYF,TRBV28*01,VVVGAVGVPK,HLA-A*11:01,0.9996914863586426,0.0,0.6014953
CAVNPPDTGFQKLV,TRAV12-1*01,CASSLSFRQGLREQYF,TRBV28*01,VVVGAVGVEK,HLA-A*11:01,0.9992691278457642,0.01,0.5970165
CAVNPPDTGFQKLV,TRAV12-1*01,CASSLSFRQGLREQYF,TRBV28*01,TVVGAVGVGK,HLA-A*11:01,0.9997535943984985,0.0,0.5823343
CAVNPPDTGFQKLV,TRAV12-1*01,CASSLSFRQGLREQYF,TRBV28*01,VVVGAVGEGK,HLA-A*11:01,0.9940195083618164,0.131,0.58705235
CAVNPPDTGFQKLV,TRAV12-1*01,CASSLSFRQGLREQYF,TRBV28*01,VYVGAVGVGK,HLA-A*11:01,0.934097945690155,0.269,0.50063187
CAVNPPDTGFQKLV,TRAV12-1*01,CASSLSFRQGLREQYF,TRBV28*01,VVVGAGGVGK,HLA-A*11:01,0.9996051788330078,0.002,0.49278635
CAVNPPDTGFQKLV,TRAV12-1*01,CASSLSFRQGLREQYF,TRBV28*01,VCVGAVGVGK,HLA-A*11:01,0.3853873014450073,1.151,0.5427251
CAVNPPDTGFQKLV,TRAV12-1*01,CASSLSFRQGLREQYF,TRBV28*01,GVVGAVGVGK,HLA-A*11:01,0.9990931749343872,0.013,0.6977173
CAVNPPDTGFQKLV,TRAV12-1*01,CASSLSFRQGLREQYF,TRBV28*01,VVVGAVGNGK,HLA-A*11:01,0.984249472618103,0.18,0.54607844
CAVNPPDTGFQKLV,TRAV12-1*01,CASSLSFRQGLREQYF,TRBV28*01,VVVGAVGVKK,HLA-A*11:01,0.999261200428009,0.01,0.55376774
CAVNPPDTGFQKLV,TRAV12-1*01,CASSLSFRQGLREQYF,TRBV28*01,VVMGAVGVGK,HLA-A*11:01,0.9996758699417114,0.0,0.60857344
CAVNPPDTGFQKLV,TRAV12-1*01,CASSLSFRQGLREQYF,TRBV28*01,VVVGAVGVGY,HLA-A*11:01,0.36290591955184937,1.227,0.5769025
CAVNPPDTGFQKLV,TRAV12-1*01,CASSLSFRQGLREQYF,TRBV28*01,VVVGALGVGK,HLA-A*11:01,0.9995020031929016,0.004,0.6376711
CAVNPPDTGFQKLV,TRAV12-1*01,CASSLSFRQGLREQYF,TRBV28*01,VVVGADGVGK,HLA-A*11:01,0.9988688230514526,0.015,0.47196466
CAVNPPDTGFQKLV,TRAV12-1*01,CASSLSFRQGLREQYF,TRBV28*01,VVNGAVGVGK,HLA-A*11:01,0.99981290102005,0.0,0.5415349
CAVNPPDTGFQKLV,TRAV12-1*01,CASSLSFRQGLREQYF,TRBV28*01,VVVGVVGVGK,HLA-A*11:01,0.9996612668037415,0.0,0.57912135
CAVNPPDTGFQKLV,TRAV12-1*01,CASSLSFRQGLREQYF,TRBV28*01,VVVGAVGTGK,HLA-A*11:01,0.9990159869194031,0.013,0.5938965
CAVNPPDTGFQKLV,TRAV12-1*01,CASSLSFRQGLREQYF,TRBV28*01,VVVGAVGVHK,HLA-A*11:01,0.9994738698005676,0.006,0.56161755
CAVNPPDTGFQKLV,TRAV12-1*01,CASSLSFRQGLREQYF,TRBV28*01,VVVGAVGMGK,HLA-A*11:01,0.9991947412490845,0.01,0.62028843
CAVNPPDTGFQKLV,TRAV12-1*01,CASSLSFRQGLREQYF,TRBV28*01,VVVGAVGPGK,HLA-A*11:01,0.9988519549369812,0.017,0.5866816
CAVNPPDTGFQKLV,TRAV12-1*01,CASSLSFRQGLREQYF,TRBV28*01,KVVGAVGVGK,HLA-A*11:01,0.9997188448905945,0.0,0.63551706
CAVNPPDTGFQKLV,TRAV12-1*01,CASSLSFRQGLREQYF,TRBV28*01,VVVGSVGVGK,HLA-A*11:01,0.9996574521064758,0.0,0.49004665
CAVNPPDTGFQKLV,TRAV12-1*01,CASSLSFRQGLREQYF,TRBV28*01,VVVGAVLVGK,HLA-A*11:01,0.99870765209198,0.022,0.62658054
CAVNPPDTGFQKLV,TRAV12-1*01,CASSLSFRQGLREQYF,TRBV28*01,VVVGAVGVGW,HLA-A*11:01,3.12578340988523e-09,26.685,0.5874474
CAVNPPDTGFQKLV,TRAV12-1*01,CASSLSFRQGLREQYF,TRBV28*01,YVVGAVGVGK,HLA-A*11:01,0.9982202649116516,0.036,0.52649695
CAVNPPDTGFQKLV,TRAV12-1*01,CASSLSFRQGLREQYF,TRBV28*01,VEVGAVGVGK,HLA-A*11:01,0.4491910934448242,0.934,0.5945634
CAVNPPDTGFQKLV,TRAV12-1*01,CASSLSFRQGLREQYF,TRBV28*01,VVVGAPGVGK,HLA-A*11:01,0.9993249773979187,0.009,0.49078584
CAVNPPDTGFQKLV,TRAV12-1*01,CASSLSFRQGLREQYF,TRBV28*01,VVVGACGVGK,HLA-A*11:01,0.9930042028427124,0.138,0.5749459
CAVNPPDTGFQKLV,TRAV12-1*01,CASSLSFRQGLREQYF,TRBV28*01,VVVMAVGVGK,HLA-A*11:01,0.9971968531608582,0.064,0.5425267
CAVNPPDTGFQKLV,TRAV12-1*01,CASSLSFRQGLREQYF,TRBV28*01,VVVGAVGHGK,HLA-A*11:01,0.9943996667861938,0.125,0.54588115
CAVNPPDTGFQKLV,TRAV12-1*01,CASSLSFRQGLREQYF,TRBV28*01,VVVGAVGVLK,HLA-A*11:01,0.9989950060844421,0.014,0.6104945
CAVNPPDTGFQKLV,TRAV12-1*01,CASSLSFRQGLREQYF,TRBV28*01,VVVGNVGVGK,HLA-A*11:01,0.9998562932014465,0.0,0.43251806
CAVNPPDTGFQKLV,TRAV12-1*01,CASSLSFRQGLREQYF,TRBV28*01,VVVGAVIVGK,HLA-A*11:01,0.9991835355758667,0.011,0.5513173
CAVNPPDTGFQKLV,TRAV12-1*01,CASSLSFRQGLREQYF,TRBV28*01,VFVGAVGVGK,HLA-A*11:01,0.9212408065795898,0.278,0.53126854
CAVNPPDTGFQKLV,TRAV12-1*01,CASSLSFRQGLREQYF,TRBV28*01,VVVLAVGVGK,HLA-A*11:01,0.9983892440795898,0.034,0.56927615
CAVNPPDTGFQKLV,TRAV12-1*01,CASSLSFRQGLREQYF,TRBV28*01,FVVGAVGVGK,HLA-A*11:01,0.9984410405158997,0.033,0.5403584
CAVNPPDTGFQKLV,TRAV12-1*01,CASSLSFRQGLREQYF,TRBV28*01,VVVGAHGVGK,HLA-A*11:01,0.9990421533584595,0.013,0.48887843
CAVNPPDTGFQKLV,TRAV12-1*01,CASSLSFRQGLREQYF,TRBV28*01,NVVGAVGVGK,HLA-A*11:01,0.9989034533500671,0.015,0.5670407
CAVNPPDTGFQKLV,TRAV12-1*01,CASSLSFRQGLREQYF,TRBV28*01,VVVGAVGVGF,HLA-A*11:01,0.000453355663921684,6.085,0.5140323
CAVNPPDTGFQKLV,TRAV12-1*01,CASSLSFRQGLREQYF,TRBV28*01,VVYGAVGVGK,HLA-A*11:01,0.9998883008956909,0.0,0.5104195
CAVNPPDTGFQKLV,TRAV12-1*01,CASSLSFRQGLREQYF,TRBV28*01,VVVGAVGVGG,HLA-A*11:01,2.3056460907167065e-10,26.685,0.7009662
CAVNPPDTGFQKLV,TRAV12-1*01,CASSLSFRQGLREQYF,TRBV28*01,VVVGAAGVGK,HLA-A*11:01,0.9992626309394836,0.01,0.60123897
CAVNPPDTGFQKLV,TRAV12-1*01,CASSLSFRQGLREQYF,TRBV28*01,VVVGQVGVGK,HLA-A*11:01,0.9993683099746704,0.009,0.493493
CAVNPPDTGFQKLV,TRAV12-1*01,CASSLSFRQGLREQYF,TRBV28*01,VVVGAVGVVK,HLA-A*11:01,0.9986345171928406,0.027,0.5811247
CAVNPPDTGFQKLV,TRAV12-1*01,CASSLSFRQGLREQYF,TRBV28*01,VVVGAVGDGK,HLA-A*11:01,0.912535548210144,0.286,0.54855597
CAVNPPDTGFQKLV,TRAV12-1*01,CASSLSFRQGLREQYF,TRBV28*01,VVVGAVHVGK,HLA-A*11:01,0.997653603553772,0.05,0.5237471
CAVNPPDTGFQKLV,TRAV12-1*01,CASSLSFRQGLREQYF,TRBV28*01,VVVGMVGVGK,HLA-A*11:01,0.9989498257637024,0.014,0.55329835
CAVNPPDTGFQKLV,TRAV12-1*01,CASSLSFRQGLREQYF,TRBV28*01,VVVGAVGVTK,HLA-A*11:01,0.9995236396789551,0.004,0.60428697
CAVNPPDTGFQKLV,TRAV12-1*01,CASSLSFRQGLREQYF,TRBV28*01,VVVGAVEVGK,HLA-A*11:01,0.9969871640205383,0.071,0.5652094
CAVNPPDTGFQKLV,TRAV12-1*01,CASSLSFRQGLREQYF,TRBV28*01,VVVGAVAVGK,HLA-A*11:01,0.9986252784729004,0.028,0.64787316
CAVNPPDTGFQKLV,TRAV12-1*01,CASSLSFRQGLREQYF,TRBV28*01,VVVGAVGIGK,HLA-A*11:01,0.9995906949043274,0.003,0.5877095
CAVNPPDTGFQKLV,TRAV12-1*01,CASSLSFRQGLREQYF,TRBV28*01,VVVGAVGQGK,HLA-A*11:01,0.9974559545516968,0.057,0.5983776
CAVNPPDTGFQKLV,TRAV12-1*01,CASSLSFRQGLREQYF,TRBV28*01,VVVGAVPVGK,HLA-A*11:01,0.9991317987442017,0.012,0.5562518
CAVNPPDTGFQKLV,TRAV12-1*01,CASSLSFRQGLREQYF,TRBV28*01,VVVRAVGVGK,HLA-A*11:01,0.9765617251396179,0.205,0.48811787
CAVNPPDTGFQKLV,TRAV12-1*01,CASSLSFRQGLREQYF,TRBV28*01,VVVEAVGVGK,HLA-A*11:01,0.999763011932373,0.0,0.53241855
CAVNPPDTGFQKLV,TRAV12-1*01,CASSLSFRQGLREQYF,TRBV28*01,VVVGAVGVYK,HLA-A*11:01,0.9994692802429199,0.006,0.50843257
CAVNPPDTGFQKLV,TRAV12-1*01,CASSLSFRQGLREQYF,TRBV28*01,VVVGAVGVGP,HLA-A*11:01,1.1034591807401739e-05,9.731,0.70504713
CAVNPPDTGFQKLV,TRAV12-1*01,CASSLSFRQGLREQYF,TRBV28*01,VVVGAIGVGK,HLA-A*11:01,0.9997245669364929,0.0,0.605116
CAVNPPDTGFQKLV,TRAV12-1*01,CASSLSFRQGLREQYF,TRBV28*01,VVVGAVGVGE,HLA-A*11:01,1.286635575858952e-09,26.685,0.6940826
CAVNPPDTGFQKLV,TRAV12-1*01,CASSLSFRQGLREQYF,TRBV28*01,VVRGAVGVGK,HLA-A*11:01,0.9986076354980469,0.028,0.5292751
CAVNPPDTGFQKLV,TRAV12-1*01,CASSLSFRQGLREQYF,TRBV28*01,VVVWAVGVGK,HLA-A*11:01,0.9978224635124207,0.045,0.49923617
CAVNPPDTGFQKLV,TRAV12-1*01,CASSLSFRQGLREQYF,TRBV28*01,VVVGIVGVGK,HLA-A*11:01,0.9995959997177124,0.003,0.54314417
CAVNPPDTGFQKLV,TRAV12-1*01,CASSLSFRQGLREQYF,TRBV28*01,VVVGAVGVFK,HLA-A*11:01,0.9990278482437134,0.013,0.5176529
CAVNPPDTGFQKLV,TRAV12-1*01,CASSLSFRQGLREQYF,TRBV28*01,VVVGASGVGK,HLA-A*11:01,0.9994314312934875,0.007,0.4775301
CAVNPPDTGFQKLV,TRAV12-1*01,CASSLSFRQGLREQYF,TRBV28*01,VAVGAVGVGK,HLA-A*11:01,0.9973428845405579,0.06,0.63091123
CAVNPPDTGFQKLV,TRAV12-1*01,CASSLSFRQGLREQYF,TRBV28*01,VVAGAVGVGK,HLA-A*11:01,0.9995301365852356,0.004,0.66190606
CAVNPPDTGFQKLV,TRAV12-1*01,CASSLSFRQGLREQYF,TRBV28*01,VVWGAVGVGK,HLA-A*11:01,0.9993681907653809,0.009,0.5215596
CAVNPPDTGFQKLV,TRAV12-1*01,CASSLSFRQGLREQYF,TRBV28*01,VVVGAVWVGK,HLA-A*11:01,0.9991900324821472,0.011,0.5468997
CAVNPPDTGFQKLV,TRAV12-1*01,CASSLSFRQGLREQYF,TRBV28*01,VVVGAVGVGI,HLA-A*11:01,1.8044045191345504e-06,12.282,0.6604622
CAVNPPDTGFQKLV,TRAV12-1*01,CASSLSFRQGLREQYF,TRBV28*01,VVVGFVGVGK,HLA-A*11:01,0.9996640086174011,0.0,0.47588062
CAVNPPDTGFQKLV,TRAV12-1*01,CASSLSFRQGLREQYF,TRBV28*01,VVVGAVGVGC,HLA-A*11:01,4.4085473405175435e-07,14.8,0.6900586
CAVNPPDTGFQKLV,TRAV12-1*01,CASSLSFRQGLREQYF,TRBV28*01,VVVGAVGVGN,HLA-A*11:01,3.1633614980819402e-06,11.454,0.65342844
CAVNPPDTGFQKLV,TRAV12-1*01,CASSLSFRQGLREQYF,TRBV28*01,PVVGAVGVGK,HLA-A*11:01,0.6865399479866028,0.547,0.625446
CAVNPPDTGFQKLV,TRAV12-1*01,CASSLSFRQGLREQYF,TRBV28*01,VVHGAVGVGK,HLA-A*11:01,0.9995899200439453,0.003,0.5205162
CAVNPPDTGFQKLV,TRAV12-1*01,CASSLSFRQGLREQYF,TRBV28*01,VVVGYVGVGK,HLA-A*11:01,0.9997329711914062,0.0,0.45037562
CAVNPPDTGFQKLV,TRAV12-1*01,CASSLSFRQGLREQYF,TRBV28*01,VVVGAEGVGK,HLA-A*11:01,0.9991461038589478,0.012,0.5253849
CAVNPPDTGFQKLV,TRAV12-1*01,CASSLSFRQGLREQYF,TRBV28*01,VVVCAVGVGK,HLA-A*11:01,0.783450722694397,0.445,0.5174452
CAVNPPDTGFQKLV,TRAV12-1*01,CASSLSFRQGLREQYF,TRBV28*01,VVVGATGVGK,HLA-A*11:01,0.9996282458305359,0.001,0.4945252
CAVNPPDTGFQKLV,TRAV12-1*01,CASSLSFRQGLREQYF,TRBV28*01,VVVGAKGVGK,HLA-A*11:01,0.9994609951972961,0.006,0.49912968
CAVNPPDTGFQKLV,TRAV12-1*01,CASSLSFRQGLREQYF,TRBV28*01,VVVGAVGRGK,HLA-A*11:01,0.9864950180053711,0.17,0.54725915
CAVNPPDTGFQKLV,TRAV12-1*01,CASSLSFRQGLREQYF,TRBV28*01,CVVGAVGVGK,HLA-A*11:01,0.7659557461738586,0.472,0.54373294
CAVNPPDTGFQKLV,TRAV12-1*01,CASSLSFRQGLREQYF,TRBV28*01,VVVGWVGVGK,HLA-A*11:01,0.9994679689407349,0.006,0.47352284
CAVNPPDTGFQKLV,TRAV12-1*01,CASSLSFRQGLREQYF,TRBV28*01,VVVGAVTVGK,HLA-A*11:01,0.9983325004577637,0.034,0.55567676
CAVNPPDTGFQKLV,TRAV12-1*01,CASSLSFRQGLREQYF,TRBV28*01,VVVGAVGVGQ,HLA-A*11:01,0.04909449443221092,3.422,0.7065144
CAVNPPDTGFQKLV,TRAV12-1*01,CASSLSFRQGLREQYF,TRBV28*01,VVVGAVGYGK,HLA-A*11:01,0.9983023405075073,0.034,0.49008766
CAVNPPDTGFQKLV,TRAV12-1*01,CASSLSFRQGLREQYF,TRBV28*01,VVVGAVGVIK,HLA-A*11:01,0.973129153251648,0.211,0.5331613
CAVNPPDTGFQKLV,TRAV12-1*01,CASSLSFRQGLREQYF,TRBV28*01,VVVFAVGVGK,HLA-A*11:01,0.9988695383071899,0.015,0.48360595
CAVNPPDTGFQKLV,TRAV12-1*01,CASSLSFRQGLREQYF,TRBV28*01,VVVQAVGVGK,HLA-A*11:01,0.9994467496871948,0.006,0.5140238
CAVNPPDTGFQKLV,TRAV12-1*01,CASSLSFRQGLREQYF,TRBV28*01,VVVGAFGVGK,HLA-A*11:01,0.9995210766792297,0.004,0.49118742
CAVNPPDTGFQKLV,TRAV12-1*01,CASSLSFRQGLREQYF,TRBV28*01,VVVGAVGLGK,HLA-A*11:01,0.9991768598556519,0.011,0.64230317
CAVNPPDTGFQKLV,TRAV12-1*01,CASSLSFRQGLREQYF,TRBV28*01,IVVGAVGVGK,HLA-A*11:01,0.999515175819397,0.004,0.58685017
CAVNPPDTGFQKLV,TRAV12-1*01,CASSLSFRQGLREQYF,TRBV28*01,VVVGAVVVGK,HLA-A*11:01,0.9986421465873718,0.026,0.59377974
CAVNPPDTGFQKLV,TRAV12-1*01,CASSLSFRQGLREQYF,TRBV28*01,VVVGAVYVGK,HLA-A*11:01,0.998386025428772,0.034,0.4719348
CAVNPPDTGFQKLV,TRAV12-1*01,CASSLSFRQGLREQYF,TRBV28*01,VVVGAVGAGK,HLA-A*11:01,0.9978087544441223,0.045,0.65189976
CAVNPPDTGFQKLV,TRAV12-1*01,CASSLSFRQGLREQYF,TRBV28*01,DVVGAVGVGK,HLA-A*11:01,0.5682369470596313,0.741,0.57628644
CAVNPPDTGFQKLV,TRAV12-1*01,CASSLSFRQGLREQYF,TRBV28*01,VVVGAVGVGT,HLA-A*11:01,1.1940947842958849e-05,9.62,0.6924098
CAVNPPDTGFQKLV,TRAV12-1*01,CASSLSFRQGLREQYF,TRBV28*01,VVVGAVGKGK,HLA-A*11:01,0.919359564781189,0.279,0.5497139
CAVNPPDTGFQKLV,TRAV12-1*01,CASSLSFRQGLREQYF,TRBV28*01,VVVPAVGVGK,HLA-A*11:01,0.9996716380119324,0.0,0.5130299
CAVNPPDTGFQKLV,TRAV12-1*01,CASSLSFRQGLREQYF,TRBV28*01,VWVGAVGVGK,HLA-A*11:01,0.5631376504898071,0.754,0.53315943
CAVNPPDTGFQKLV,TRAV12-1*01,CASSLSFRQGLREQYF,TRBV28*01,WVVGAVGVGK,HLA-A*11:01,0.9812305569648743,0.193,0.5688095
CAVNPPDTGFQKLV,TRAV12-1*01,CASSLSFRQGLREQYF,TRBV28*01,VRVGAVGVGK,HLA-A*11:01,0.4626174569129944,0.913,0.55207807
CAVNPPDTGFQKLV,TRAV12-1*01,CASSLSFRQGLREQYF,TRBV28*01,VVVDAVGVGK,HLA-A*11:01,0.9998569488525391,0.0,0.49371737
CAVNPPDTGFQKLV,TRAV12-1*01,CASSLSFRQGLREQYF,TRBV28*01,VVVGAVGVWK,HLA-A*11:01,0.990548312664032,0.154,0.5591495
CAVNPPDTGFQKLV,TRAV12-1*01,CASSLSFRQGLREQYF,TRBV28*01,HVVGAVGVGK,HLA-A*11:01,0.9989516139030457,0.014,0.54834664
CAVNPPDTGFQKLV,TRAV12-1*01,CASSLSFRQGLREQYF,TRBV28*01,VVVGAVFVGK,HLA-A*11:01,0.9992831349372864,0.01,0.50667393
CAVNPPDTGFQKLV,TRAV12-1*01,CASSLSFRQGLREQYF,TRBV28*01,VVVGAVMVGK,HLA-A*11:01,0.9981756210327148,0.038,0.58556443
CAVNPPDTGFQKLV,TRAV12-1*01,CASSLSFRQGLREQYF,TRBV28*01,VVVGARGVGK,HLA-A*11:01,0.9986521601676941,0.024,0.49711484
CAVNPPDTGFQKLV,TRAV12-1*01,CASSLSFRQGLREQYF,TRBV28*01,VVVGAYGVGK,HLA-A*11:01,0.999457836151123,0.006,0.4945932
CAVNPPDTGFQKLV,TRAV12-1*01,CASSLSFRQGLREQYF,TRBV28*01,SVVGAVGVGK,HLA-A*11:01,0.9998518228530884,0.0,0.6056522
CAVNPPDTGFQKLV,TRAV12-1*01,CASSLSFRQGLREQYF,TRBV28*01,VVVGAVGVGR,HLA-A*11:01,0.9978258013725281,0.045,0.66639215
CAVNPPDTGFQKLV,TRAV12-1*01,CASSLSFRQGLREQYF,TRBV28*01,VVVGTVGVGK,HLA-A*11:01,0.999744713306427,0.0,0.5134487
CAVNPPDTGFQKLV,TRAV12-1*01,CASSLSFRQGLREQYF,TRBV28*01,AVVGAVGVGK,HLA-A*11:01,0.9998379945755005,0.0,0.65842664
CAVNPPDTGFQKLV,TRAV12-1*01,CASSLSFRQGLREQYF,TRBV28*01,VVVGAVKVGK,HLA-A*11:01,0.9970704317092896,0.068,0.51679194
CAVNPPDTGFQKLV,TRAV12-1*01,CASSLSFRQGLREQYF,TRBV28*01,VVVGCVGVGK,HLA-A*11:01,0.979026198387146,0.201,0.5383674
CAVNPPDTGFQKLV,TRAV12-1*01,CASSLSFRQGLREQYF,TRBV28*01,VVPGAVGVGK,HLA-A*11:01,0.9982322454452515,0.035,0.5413664
CAVNPPDTGFQKLV,TRAV12-1*01,CASSLSFRQGLREQYF,TRBV28*01,VVVGAVNVGK,HLA-A*11:01,0.9991723895072937,0.012,0.48937947
CAVNPPDTGFQKLV,TRAV12-1*01,CASSLSFRQGLREQYF,TRBV28*01,VVVGAVSVGK,HLA-A*11:01,0.9980133175849915,0.039,0.5468607
CAVNPPDTGFQKLV,TRAV12-1*01,CASSLSFRQGLREQYF,TRBV28*01,VVKGAVGVGK,HLA-A*11:01,0.9992110133171082,0.01,0.5578699
CAVNPPDTGFQKLV,TRAV12-1*01,CASSLSFRQGLREQYF,TRBV28*01,VVVGAVGVSK,HLA-A*11:01,0.9993802905082703,0.008,0.5931414
CAVNPPDTGFQKLV,TRAV12-1*01,CASSLSFRQGLREQYF,TRBV28*01,EVVGAVGVGK,HLA-A*11:01,0.9930963516235352,0.137,0.6495355
CAVNPPDTGFQKLV,TRAV12-1*01,CASSLSFRQGLREQYF,TRBV28*01,VVVGHVGVGK,HLA-A*11:01,0.9997552633285522,0.0,0.459198
CAVNPPDTGFQKLV,TRAV12-1*01,CASSLSFRQGLREQYF,TRBV28*01,VGVGAVGVGK,HLA-A*11:01,0.9902578592300415,0.156,0.66443026
CAVNPPDTGFQKLV,TRAV12-1*01,CASSLSFRQGLREQYF,TRBV28*01,VVVGAVGFGK,HLA-A*11:01,0.9985018968582153,0.032,0.5044673
CAVNPPDTGFQKLV,TRAV12-1*01,CASSLSFRQGLREQYF,TRBV28*01,VVVGAQGVGK,HLA-A*11:01,0.9992406964302063,0.01,0.5199876
CAVNPPDTGFQKLV,TRAV12-1*01,CASSLSFRQGLREQYF,TRBV28*01,VVVGAVGVMK,HLA-A*11:01,0.9975760579109192,0.054,0.5923293
CAVNPPDTGFQKLV,TRAV12-1*01,CASSLSFRQGLREQYF,TRBV28*01,VVVKAVGVGK,HLA-A*11:01,0.9990705251693726,0.013,0.49653515
CAVNPPDTGFQKLV,TRAV12-1*01,CASSLSFRQGLREQYF,TRBV28*01,VVVGAVGVQK,HLA-A*11:01,0.9994093775749207,0.007,0.6078221
CAVNPPDTGFQKLV,TRAV12-1*01,CASSLSFRQGLREQYF,TRBV28*01,VVVGKVGVGK,HLA-A*11:01,0.9994086027145386,0.007,0.48339376
CAVNPPDTGFQKLV,TRAV12-1*01,CASSLSFRQGLREQYF,TRBV28*01,VVVGAVGVGL,HLA-A*11:01,1.0335110346204601e-05,9.826,0.68842334
CAVNPPDTGFQKLV,TRAV12-1*01,CASSLSFRQGLREQYF,TRBV28*01,VVVGLVGVGK,HLA-A*11:01,0.9990696907043457,0.013,0.5924396
CAVNPPDTGFQKLV,TRAV12-1*01,CASSLSFRQGLREQYF,TRBV28*01,VHVGAVGVGK,HLA-A*11:01,0.3915080428123474,1.122,0.51893485
CAVNPPDTGFQKLV,TRAV12-1*01,CASSLSFRQGLREQYF,TRBV28*01,VVVGAVCVGK,HLA-A*11:01,0.7918204069137573,0.421,0.5502428
CAVNPPDTGFQKLV,TRAV12-1*01,CASSLSFRQGLREQYF,TRBV28*01,VVVGEVGVGK,HLA-A*11:01,0.9995271563529968,0.004,0.49097386
CAVNPPDTGFQKLV,TRAV12-1*01,CASSLSFRQGLREQYF,TRBV28*01,VVCGAVGVGK,HLA-A*11:01,0.995128333568573,0.12,0.56832594
CAVNPPDTGFQKLV,TRAV12-1*01,CASSLSFRQGLREQYF,TRBV28*01,VDVGAVGVGK,HLA-A*11:01,0.6928078532218933,0.54,0.5447804
CAVNPPDTGFQKLV,TRAV12-1*01,CASSLSFRQGLREQYF,TRBV28*01,VVVGAVGVGS,HLA-A*11:01,2.116698851750698e-07,16.287,0.69656086
CAVNPPDTGFQKLV,TRAV12-1*01,CASSLSFRQGLREQYF,TRBV28*01,VVVYAVGVGK,HLA-A*11:01,0.99900883436203,0.014,0.464058
CAVNPPDTGFQKLV,TRAV12-1*01,CASSLSFRQGLREQYF,TRBV28*01,LVVGAVGVGK,HLA-A*11:01,0.9987746477127075,0.019,0.62879384
CAVNPPDTGFQKLV,TRAV12-1*01,CASSLSFRQGLREQYF,TRBV28*01,VVVVAVGVGK,HLA-A*11:01,0.9995329976081848,0.004,0.56899655
CAVNPPDTGFQKLV,TRAV12-1*01,CASSLSFRQGLREQYF,TRBV28*01,VLVGAVGVGK,HLA-A*11:01,0.950656533241272,0.25,0.630601
CAVNPPDTGFQKLV,TRAV12-1*01,CASSLSFRQGLREQYF,TRBV28*01,VVVGAMGVGK,HLA-A*11:01,0.9992687106132507,0.01,0.6029523
CAVNPPDTGFQKLV,TRAV12-1*01,CASSLSFRQGLREQYF,TRBV28*01,VTVGAVGVGK,HLA-A*11:01,0.999751091003418,0.0,0.5669428
CAVNPPDTGFQKLV,TRAV12-1*01,CASSLSFRQGLREQYF,TRBV28*01,VVIGAVGVGK,HLA-A*11:01,0.9997886419296265,0.0,0.5835262
CAVNPPDTGFQKLV,TRAV12-1*01,CASSLSFRQGLREQYF,TRBV28*01,VVVGAVGVNK,HLA-A*11:01,0.9997819662094116,0.0,0.5614216
CAVNPPDTGFQKLV,TRAV12-1*01,CASSLSFRQGLREQYF,TRBV28*01,VVVGAVGCGK,HLA-A*11:01,0.6379221677780151,0.585,0.5859605
CAVNPPDTGFQKLV,TRAV12-1*01,CASSLSFRQGLREQYF,TRBV28*01,VKVGAVGVGK,HLA-A*11:01,0.27612560987472534,1.479,0.57331574
CAVNPPDTGFQKLV,TRAV12-1*01,CASSLSFRQGLREQYF,TRBV28*01,VVVGAVGVDK,HLA-A*11:01,0.9981816411018372,0.038,0.5917429
CAVNPPDTGFQKLV,TRAV12-1*01,CASSLSFRQGLREQYF,TRBV28*01,VVVGAVGVRK,HLA-A*11:01,0.9989925622940063,0.014,0.5563174
CAVNPPDTGFQKLV,TRAV12-1*01,CASSLSFRQGLREQYF,TRBV28*01,VMVGAVGVGK,HLA-A*11:01,0.6780408620834351,0.549,0.5848131
CAVNPPDTGFQKLV,TRAV12-1*01,CASSLSFRQGLREQYF,TRBV28*01,VVVIAVGVGK,HLA-A*11:01,0.9990983009338379,0.013,0.5288389
CAVNPPDTGFQKLV,TRAV12-1*01,CASSLSFRQGLREQYF,TRBV28*01,VVLGAVGVGK,HLA-A*11:01,0.9994980096817017,0.004,0.64088005
CAVNPPDTGFQKLV,TRAV12-1*01,CASSLSFRQGLREQYF,TRBV28*01,VQVGAVGVGK,HLA-A*11:01,0.9397503137588501,0.262,0.56630385
CAVNPPDTGFQKLV,TRAV12-1*01,CASSLSFRQGLREQYF,TRBV28*01,VVVGAVGVGA,HLA-A*11:01,5.955739652563352e-06,10.556,0.73414624
