"","tcr","position","weight","weight_sd","ratio","tcr_type"
"1","B11","S1",0.927,0.176,0.189859762675297,"Naive TCRs"
"4","B11","N4",0.901,0.217,0.240843507214206,"Naive TCRs"
"6","B11","E6",0.418,0.172,0.411483253588517,"Naive TCRs"
"7","B11","K7",0.588,0.265,0.450680272108843,"Naive TCRs"
"9","B13","S1",0.217,0.238,1.09677419354839,"Naive TCRs"
"12","B13","N4",0.772,0.558,0.72279792746114,"Naive TCRs"
"14","B13","E6",0.805,0.502,0.62360248447205,"Naive TCRs"
"15","B13","K7",0.058,0.149,2.56896551724138,"Naive TCRs"
"17","B14","S1",0.088,0.181,2.05681818181818,"Naive TCRs"
"20","B14","N4",0.06,0.137,2.28333333333333,"Naive TCRs"
"22","B14","E6",0.097,0.162,1.6701030927835,"Naive TCRs"
"23","B14","K7",0.121,0.242,2,"Naive TCRs"
"25","B15","S1",0.382,0.215,0.56282722513089,"Naive TCRs"
"28","B15","N4",0.862,0.205,0.237819025522042,"Naive TCRs"
"30","B15","E6",0.649,0.194,0.298921417565485,"Naive TCRs"
"31","B15","K7",0.927,0.177,0.190938511326861,"Naive TCRs"
"33","B16","S1",0.073,0.159,2.17808219178082,"Naive TCRs"
"36","B16","N4",0.163,0.171,1.04907975460123,"Naive TCRs"
"38","B16","E6",0.096,0.161,1.67708333333333,"Naive TCRs"
"39","B16","K7",0.319,0.266,0.833855799373041,"Naive TCRs"
"41","B2","S1",0.027,0.065,2.40740740740741,"Naive TCRs"
"44","B2","N4",0.813,0.466,0.573185731857319,"Naive TCRs"
"46","B2","E6",0.78,0.515,0.66025641025641,"Naive TCRs"
"47","B2","K7",0.03,0.073,2.43333333333333,"Naive TCRs"
"49","B3","S1",0.586,0.304,0.518771331058021,"Naive TCRs"
"52","B3","N4",0.793,0.425,0.5359394703657,"Naive TCRs"
"54","B3","E6",0.018,0.042,2.33333333333333,"Naive TCRs"
"55","B3","K7",0.531,0.285,0.536723163841808,"Naive TCRs"
"57","B5","S1",0.053,0.13,2.45283018867925,"Naive TCRs"
"60","B5","N4",0.147,0.175,1.19047619047619,"Naive TCRs"
"62","B5","E6",0.05,0.12,2.4,"Naive TCRs"
"63","B5","K7",0.054,0.137,2.53703703703704,"Naive TCRs"
"65","B6","S1",0.077,0.172,2.23376623376623,"Naive TCRs"
"68","B6","N4",0.037,0.094,2.54054054054054,"Naive TCRs"
"70","B6","E6",0.061,0.135,2.21311475409836,"Naive TCRs"
"71","B6","K7",0.097,0.223,2.29896907216495,"Naive TCRs"
"73","E4","S1",0.023,0.054,2.34782608695652,"Naive TCRs"
"76","E4","N4",0.112,0.167,1.49107142857143,"Naive TCRs"
"78","E4","E6",0.117,0.167,1.42735042735043,"Naive TCRs"
"79","E4","K7",0.22,0.261,1.18636363636364,"Naive TCRs"
"81","E8","S1",0.704,0.488,0.693181818181818,"Naive TCRs"
"84","E8","N4",0.319,0.21,0.658307210031348,"Naive TCRs"
"86","E8","E6",0.828,0.427,0.515700483091788,"Naive TCRs"
"87","E8","K7",0.57,0.358,0.628070175438597,"Naive TCRs"
"89","E9","S1",0.088,0.174,1.97727272727273,"Naive TCRs"
"92","E9","N4",0.048,0.118,2.45833333333333,"Naive TCRs"
"94","E9","E6",0.031,0.078,2.51612903225806,"Naive TCRs"
"95","E9","K7",0.072,0.175,2.43055555555556,"Naive TCRs"
"97","Ed10","S1",0.084,0.227,2.70238095238095,"Educated TCRs"
"100","Ed10","N4",0.714,0.19,0.266106442577031,"Educated TCRs"
"102","Ed10","E6",0.958,0.106,0.110647181628392,"Educated TCRs"
"103","Ed10","K7",0.924,0.181,0.195887445887446,"Educated TCRs"
"105","Ed16-1","S1",0.971,0.072,0.0741503604531411,"Educated TCRs"
"108","Ed16-1","N4",0.91,0.199,0.218681318681319,"Educated TCRs"
"110","Ed16-1","E6",0.926,0.177,0.191144708423326,"Educated TCRs"
"111","Ed16-1","K7",0.11,0.282,2.56363636363636,"Educated TCRs"
"113","Ed16-30","S1",0.685,0.223,0.325547445255475,"Educated TCRs"
"116","Ed16-30","N4",0.926,0.181,0.195464362850972,"Educated TCRs"
"118","Ed16-30","E6",0.506,0.175,0.345849802371542,"Educated TCRs"
"119","Ed16-30","K7",0.677,0.274,0.404726735598227,"Educated TCRs"
"121","Ed21","S1",0.147,0.394,2.68027210884354,"Educated TCRs"
"124","Ed21","N4",0.97,0.074,0.0762886597938144,"Educated TCRs"
"126","Ed21","E6",0.751,0.186,0.247669773635153,"Educated TCRs"
"127","Ed21","K7",0.874,0.244,0.279176201372998,"Educated TCRs"
"129","Ed23","S1",0.477,0.212,0.444444444444444,"Educated TCRs"
"132","Ed23","N4",0.582,0.189,0.324742268041237,"Educated TCRs"
"134","Ed23","E6",0.915,0.191,0.208743169398907,"Educated TCRs"
"135","Ed23","K7",0.936,0.159,0.169871794871795,"Educated TCRs"
"137","Ed28","S1",0.269,0.211,0.784386617100372,"Educated TCRs"
"140","Ed28","N4",0.912,0.202,0.221491228070175,"Educated TCRs"
"142","Ed28","E6",0.885,0.246,0.277966101694915,"Educated TCRs"
"143","Ed28","K7",0.903,0.216,0.239202657807309,"Educated TCRs"
"145","Ed31","S1",0.292,0.206,0.705479452054795,"Educated TCRs"
"148","Ed31","N4",0.651,0.196,0.301075268817204,"Educated TCRs"
"150","Ed31","E6",0.916,0.205,0.223799126637555,"Educated TCRs"
"151","Ed31","K7",0.775,0.285,0.367741935483871,"Educated TCRs"
"153","Ed33","S1",0.517,0.217,0.41972920696325,"Educated TCRs"
"156","Ed33","N4",0.763,0.203,0.26605504587156,"Educated TCRs"
"158","Ed33","E6",0.926,0.182,0.196544276457883,"Educated TCRs"
"159","Ed33","K7",0.962,0.097,0.100831600831601,"Educated TCRs"
"161","Ed39","S1",0.939,0.161,0.171458998935037,"Educated TCRs"
"164","Ed39","N4",0.639,0.244,0.381846635367762,"Educated TCRs"
"166","Ed39","E6",0.921,0.209,0.226927252985885,"Educated TCRs"
"167","Ed39","K7",0.747,0.319,0.427041499330656,"Educated TCRs"
"169","Ed40","S1",0.285,0.208,0.729824561403509,"Educated TCRs"
"172","Ed40","N4",0.958,0.106,0.110647181628392,"Educated TCRs"
"174","Ed40","E6",0.66,0.216,0.327272727272727,"Educated TCRs"
"175","Ed40","K7",0.883,0.243,0.27519818799547,"Educated TCRs"
"177","Ed45","S1",0.884,0.244,0.276018099547511,"Educated TCRs"
"180","Ed45","N4",0.69,0.206,0.298550724637681,"Educated TCRs"
"182","Ed45","E6",0.503,0.188,0.37375745526839,"Educated TCRs"
"183","Ed45","K7",0.678,0.275,0.405604719764012,"Educated TCRs"
"185","Ed46","S1",0.733,0.24,0.327421555252387,"Educated TCRs"
"188","Ed46","N4",0.953,0.121,0.126967471143757,"Educated TCRs"
"190","Ed46","E6",0.601,0.206,0.342762063227953,"Educated TCRs"
"191","Ed46","K7",0.901,0.227,0.251942286348502,"Educated TCRs"
"193","Ed5","S1",0.674,0.223,0.330860534124629,"Educated TCRs"
"196","Ed5","N4",0.907,0.202,0.22271223814774,"Educated TCRs"
"198","Ed5","E6",0.28,0.189,0.675,"Educated TCRs"
"199","Ed5","K7",0.074,0.203,2.74324324324324,"Educated TCRs"
"201","Ed8","S1",0.121,0.337,2.78512396694215,"Educated TCRs"
"204","Ed8","N4",0.956,0.108,0.112970711297071,"Educated TCRs"
"206","Ed8","E6",0.899,0.19,0.211345939933259,"Educated TCRs"
"207","Ed8","K7",0.946,0.132,0.13953488372093,"Educated TCRs"
"209","Ed9","S1",0.938,0.151,0.160980810234542,"Educated TCRs"
"212","Ed9","N4",0.926,0.172,0.185745140388769,"Educated TCRs"
"214","Ed9","E6",0.593,0.193,0.325463743676223,"Educated TCRs"
"215","Ed9","K7",0.581,0.265,0.456110154905336,"Educated TCRs"
"217","F4","S1",0.907,0.244,0.269018743109151,"Naive TCRs"
"220","F4","N4",0.695,0.448,0.644604316546763,"Naive TCRs"
"222","F4","E6",0.65,0.43,0.661538461538462,"Naive TCRs"
"223","F4","K7",0.22,0.273,1.24090909090909,"Naive TCRs"
"225","F5","S1",0.521,0.508,0.975047984644914,"Naive TCRs"
"228","F5","N4",0.759,0.585,0.770750988142292,"Naive TCRs"
"230","F5","E6",0.796,0.524,0.658291457286432,"Naive TCRs"
"231","F5","K7",0.057,0.146,2.56140350877193,"Naive TCRs"
"233","G2","S1",0.038,0.097,2.55263157894737,"Naive TCRs"
"236","G2","N4",0.14,0.171,1.22142857142857,"Naive TCRs"
"238","G2","E6",0.051,0.125,2.45098039215686,"Naive TCRs"
"239","G2","K7",0.058,0.151,2.60344827586207,"Naive TCRs"
"241","G6","S1",0.047,0.122,2.59574468085106,"Naive TCRs"
"244","G6","N4",0.618,0.833,1.34789644012945,"Naive TCRs"
"246","G6","E6",0.115,0.272,2.36521739130435,"Naive TCRs"
"247","G6","K7",0.259,0.557,2.15057915057915,"Naive TCRs"
"249","H5","S1",0.269,0.49,1.82156133828996,"Naive TCRs"
"252","H5","N4",0.076,0.187,2.46052631578947,"Naive TCRs"
"254","H5","E6",0.661,0.772,1.1679273827534,"Naive TCRs"
"255","H5","K7",0.059,0.154,2.61016949152542,"Naive TCRs"
"257","H6","S1",0.252,0.215,0.853174603174603,"Naive TCRs"
"260","H6","N4",0.384,0.18,0.46875,"Naive TCRs"
"262","H6","E6",0.883,0.296,0.335220838052095,"Naive TCRs"
"263","H6","K7",0.876,0.282,0.321917808219178,"Naive TCRs"
"265","OT1","S1",0.927,0.178,0.192017259978425,"Educated TCRs"
"268","OT1","N4",0.54,0.183,0.338888888888889,"Educated TCRs"
"270","OT1","E6",0.526,0.176,0.334600760456274,"Educated TCRs"
"271","OT1","K7",0.652,0.262,0.401840490797546,"Educated TCRs"
