CDR3a,CDR3a_V,CDR3b,CDR3b_V,Antigens,HLA alleles,Score_EL,Rank_EL,Score_pMHC-TCR
CAMRESSNSNSGYALNF,TRAV14/DV4*01,CASSPRGGTADTQYF,TRBV6-4*01,IMDQVPFRV,HLA-A*02:01,0.9959683418273926,0.075,0.22564495
CAMRESSNSNSGYALNF,TRAV14/DV4*01,CASSPRGGTADTQYF,TRBV6-4*01,IMSQVPFSV,HLA-A*02:01,0.8285377621650696,0.337,0.22425282
CAMRESSNSNSGYALNF,TRAV14/DV4*01,CASSPRGGTADTQYF,TRBV6-4*01,IMDQGPFSV,HLA-A*02:01,0.8793925046920776,0.307,0.22777629
CAMRESSNSNSGYALNF,TRAV14/DV4*01,CASSPRGGTADTQYF,TRBV6-4*01,IMDQIPFSV,HLA-A*02:01,0.9958220720291138,0.077,0.22303239
CAMRESSNSNSGYALNF,TRAV14/DV4*01,CASSPRGGTADTQYF,TRBV6-4*01,IMDQVWFSV,HLA-A*02:01,0.5219546556472778,0.913,0.22989085
CAMRESSNSNSGYALNF,TRAV14/DV4*01,CASSPRGGTADTQYF,TRBV6-4*01,IMDQVPGSV,HLA-A*02:01,0.42567700147628784,1.11,0.25700435
CAMRESSNSNSGYALNF,TRAV14/DV4*01,CASSPRGGTADTQYF,TRBV6-4*01,RMDQVPFSV,HLA-A*02:01,0.990993857383728,0.129,0.24288721
CAMRESSNSNSGYALNF,TRAV14/DV4*01,CASSPRGGTADTQYF,TRBV6-4*01,IMDQVPNSV,HLA-A*02:01,0.7900651693344116,0.405,0.252098
CAMRESSNSNSGYALNF,TRAV14/DV4*01,CASSPRGGTADTQYF,TRBV6-4*01,IPDQVPFSV,HLA-A*02:01,4.646432444133097e-06,23.353,0.22725706
CAMRESSNSNSGYALNF,TRAV14/DV4*01,CASSPRGGTADTQYF,TRBV6-4*01,IMDQVPFMV,HLA-A*02:01,0.8760920763015747,0.307,0.21950576
CAMRESSNSNSGYALNF,TRAV14/DV4*01,CASSPRGGTADTQYF,TRBV6-4*01,IMDQVPPSV,HLA-A*02:01,0.9944022297859192,0.094,0.24619713
CAMRESSNSNSGYALNF,TRAV14/DV4*01,CASSPRGGTADTQYF,TRBV6-4*01,CMDQVPFSV,HLA-A*02:01,1.548997352074366e-05,19.777,0.22374754
CAMRESSNSNSGYALNF,TRAV14/DV4*01,CASSPRGGTADTQYF,TRBV6-4*01,IMDQVPFDV,HLA-A*02:01,0.015984589233994484,6.686,0.2260356
CAMRESSNSNSGYALNF,TRAV14/DV4*01,CASSPRGGTADTQYF,TRBV6-4*01,IMMQVPFSV,HLA-A*02:01,0.8663126230239868,0.31,0.20776281
CAMRESSNSNSGYALNF,TRAV14/DV4*01,CASSPRGGTADTQYF,TRBV6-4*01,IMDQVPFHV,HLA-A*02:01,0.9978057742118835,0.039,0.21882245
CAMRESSNSNSGYALNF,TRAV14/DV4*01,CASSPRGGTADTQYF,TRBV6-4*01,IMDQVPFSS,HLA-A*02:01,3.559503238648176e-05,17.491,0.24385428
CAMRESSNSNSGYALNF,TRAV14/DV4*01,CASSPRGGTADTQYF,TRBV6-4*01,IMDQKPFSV,HLA-A*02:01,0.9979947209358215,0.034,0.23324852
CAMRESSNSNSGYALNF,TRAV14/DV4*01,CASSPRGGTADTQYF,TRBV6-4*01,IMDQVPQSV,HLA-A*02:01,0.9930011630058289,0.111,0.25387105
CAMRESSNSNSGYALNF,TRAV14/DV4*01,CASSPRGGTADTQYF,TRBV6-4*01,IMEQVPFSV,HLA-A*02:01,0.3553982377052307,1.467,0.22519013
CAMRESSNSNSGYALNF,TRAV14/DV4*01,CASSPRGGTADTQYF,TRBV6-4*01,IMHQVPFSV,HLA-A*02:01,0.6649258136749268,0.581,0.2155203
CAMRESSNSNSGYALNF,TRAV14/DV4*01,CASSPRGGTADTQYF,TRBV6-4*01,IMDNVPFSV,HLA-A*02:01,0.9971441030502319,0.054,0.22319493
CAMRESSNSNSGYALNF,TRAV14/DV4*01,CASSPRGGTADTQYF,TRBV6-4*01,IMDQVPFST,HLA-A*02:01,0.01703762449324131,6.61,0.23363431
CAMRESSNSNSGYALNF,TRAV14/DV4*01,CASSPRGGTADTQYF,TRBV6-4*01,AMDQVPFSV,HLA-A*02:01,0.9940040707588196,0.1,0.24643579
CAMRESSNSNSGYALNF,TRAV14/DV4*01,CASSPRGGTADTQYF,TRBV6-4*01,IMDQNPFSV,HLA-A*02:01,0.9887971878051758,0.143,0.22843237
CAMRESSNSNSGYALNF,TRAV14/DV4*01,CASSPRGGTADTQYF,TRBV6-4*01,FMDQVPFSV,HLA-A*02:01,0.9980818033218384,0.033,0.22805712
CAMRESSNSNSGYALNF,TRAV14/DV4*01,CASSPRGGTADTQYF,TRBV6-4*01,IMDQVPFSM,HLA-A*02:01,0.33830195665359497,1.534,0.22582063
CAMRESSNSNSGYALNF,TRAV14/DV4*01,CASSPRGGTADTQYF,TRBV6-4*01,IMPQVPFSV,HLA-A*02:01,0.9219834208488464,0.27,0.21588366
CAMRESSNSNSGYALNF,TRAV14/DV4*01,CASSPRGGTADTQYF,TRBV6-4*01,IMDQVMFSV,HLA-A*02:01,0.746553361415863,0.482,0.23040697
CAMRESSNSNSGYALNF,TRAV14/DV4*01,CASSPRGGTADTQYF,TRBV6-4*01,IMDQVRFSV,HLA-A*02:01,0.945419192314148,0.247,0.23772582
CAMRESSNSNSGYALNF,TRAV14/DV4*01,CASSPRGGTADTQYF,TRBV6-4*01,IMDQVPFSQ,HLA-A*02:01,3.3822661293925194e-07,32.85,0.24068093
CAMRESSNSNSGYALNF,TRAV14/DV4*01,CASSPRGGTADTQYF,TRBV6-4*01,IMDPVPFSV,HLA-A*02:01,0.9988046884536743,0.015,0.21682242
CAMRESSNSNSGYALNF,TRAV14/DV4*01,CASSPRGGTADTQYF,TRBV6-4*01,IMDLVPFSV,HLA-A*02:01,0.7486670613288879,0.481,0.21769504
CAMRESSNSNSGYALNF,TRAV14/DV4*01,CASSPRGGTADTQYF,TRBV6-4*01,IMFQVPFSV,HLA-A*02:01,0.9703868627548218,0.21,0.21205454
CAMRESSNSNSGYALNF,TRAV14/DV4*01,CASSPRGGTADTQYF,TRBV6-4*01,IMDQVPESV,HLA-A*02:01,0.9794707298278809,0.187,0.2599827
CAMRESSNSNSGYALNF,TRAV14/DV4*01,CASSPRGGTADTQYF,TRBV6-4*01,IMDQTPFSV,HLA-A*02:01,0.9962385892868042,0.069,0.2267802
CAMRESSNSNSGYALNF,TRAV14/DV4*01,CASSPRGGTADTQYF,TRBV6-4*01,IMDQEPFSV,HLA-A*02:01,0.7925041913986206,0.399,0.22772184
CAMRESSNSNSGYALNF,TRAV14/DV4*01,CASSPRGGTADTQYF,TRBV6-4*01,IMDQVPFPV,HLA-A*02:01,0.55974942445755,0.83,0.22492662
CAMRESSNSNSGYALNF,TRAV14/DV4*01,CASSPRGGTADTQYF,TRBV6-4*01,IMDQVPFAV,HLA-A*02:01,0.9905816912651062,0.13,0.22782543
CAMRESSNSNSGYALNF,TRAV14/DV4*01,CASSPRGGTADTQYF,TRBV6-4*01,IMDQVPFSV,HLA-A*02:01,0.9964143633842468,0.068,0.22557831
CAMRESSNSNSGYALNF,TRAV14/DV4*01,CASSPRGGTADTQYF,TRBV6-4*01,IMDQVPFSD,HLA-A*02:01,0.00017714491696096957,13.741,0.23634203
CAMRESSNSNSGYALNF,TRAV14/DV4*01,CASSPRGGTADTQYF,TRBV6-4*01,IMDQVKFSV,HLA-A*02:01,0.9898344278335571,0.137,0.2325962
CAMRESSNSNSGYALNF,TRAV14/DV4*01,CASSPRGGTADTQYF,TRBV6-4*01,IMDTVPFSV,HLA-A*02:01,0.9945400357246399,0.091,0.22094524
CAMRESSNSNSGYALNF,TRAV14/DV4*01,CASSPRGGTADTQYF,TRBV6-4*01,IMTQVPFSV,HLA-A*02:01,0.8531875610351562,0.318,0.21524017
CAMRESSNSNSGYALNF,TRAV14/DV4*01,CASSPRGGTADTQYF,TRBV6-4*01,IMLQVPFSV,HLA-A*02:01,0.4580346643924713,1.049,0.2179708
CAMRESSNSNSGYALNF,TRAV14/DV4*01,CASSPRGGTADTQYF,TRBV6-4*01,IMDQVGFSV,HLA-A*02:01,0.9427391290664673,0.247,0.24072322
CAMRESSNSNSGYALNF,TRAV14/DV4*01,CASSPRGGTADTQYF,TRBV6-4*01,IMDQVPFVV,HLA-A*02:01,0.9651416540145874,0.222,0.22280404
CAMRESSNSNSGYALNF,TRAV14/DV4*01,CASSPRGGTADTQYF,TRBV6-4*01,IMDQVDFSV,HLA-A*02:01,0.8154287338256836,0.351,0.23264618
CAMRESSNSNSGYALNF,TRAV14/DV4*01,CASSPRGGTADTQYF,TRBV6-4*01,IMDQVPFSH,HLA-A*02:01,0.08031736314296722,4.736,0.23565796
CAMRESSNSNSGYALNF,TRAV14/DV4*01,CASSPRGGTADTQYF,TRBV6-4*01,IMDQMPFSV,HLA-A*02:01,0.9920424222946167,0.121,0.22348528
CAMRESSNSNSGYALNF,TRAV14/DV4*01,CASSPRGGTADTQYF,TRBV6-4*01,IMDQVPCSV,HLA-A*02:01,0.5593957901000977,0.832,0.23852694
CAMRESSNSNSGYALNF,TRAV14/DV4*01,CASSPRGGTADTQYF,TRBV6-4*01,VMDQVPFSV,HLA-A*02:01,0.9935758709907532,0.106,0.23182313
CAMRESSNSNSGYALNF,TRAV14/DV4*01,CASSPRGGTADTQYF,TRBV6-4*01,IMDQVPFFV,HLA-A*02:01,0.8954664468765259,0.298,0.22096053
CAMRESSNSNSGYALNF,TRAV14/DV4*01,CASSPRGGTADTQYF,TRBV6-4*01,IMDQVPFGV,HLA-A*02:01,0.9925769567489624,0.114,0.23179638
CAMRESSNSNSGYALNF,TRAV14/DV4*01,CASSPRGGTADTQYF,TRBV6-4*01,IMDQVPFTV,HLA-A*02:01,0.997735321521759,0.041,0.22155479
CAMRESSNSNSGYALNF,TRAV14/DV4*01,CASSPRGGTADTQYF,TRBV6-4*01,IMDQVPFSE,HLA-A*02:01,1.5793859347468242e-05,19.729,0.23693117
CAMRESSNSNSGYALNF,TRAV14/DV4*01,CASSPRGGTADTQYF,TRBV6-4*01,IMDQVPFIV,HLA-A*02:01,0.6355724334716797,0.616,0.21951179
CAMRESSNSNSGYALNF,TRAV14/DV4*01,CASSPRGGTADTQYF,TRBV6-4*01,IMDVVPFSV,HLA-A*02:01,0.9734183549880981,0.202,0.2171474
CAMRESSNSNSGYALNF,TRAV14/DV4*01,CASSPRGGTADTQYF,TRBV6-4*01,IMDYVPFSV,HLA-A*02:01,0.7962620258331299,0.377,0.2151053
CAMRESSNSNSGYALNF,TRAV14/DV4*01,CASSPRGGTADTQYF,TRBV6-4*01,IMWQVPFSV,HLA-A*02:01,0.9952991604804993,0.084,0.2163415
CAMRESSNSNSGYALNF,TRAV14/DV4*01,CASSPRGGTADTQYF,TRBV6-4*01,IMDQVTFSV,HLA-A*02:01,0.811560332775116,0.353,0.2303751
CAMRESSNSNSGYALNF,TRAV14/DV4*01,CASSPRGGTADTQYF,TRBV6-4*01,IMDQVPRSV,HLA-A*02:01,0.9935405850410461,0.106,0.25891918
CAMRESSNSNSGYALNF,TRAV14/DV4*01,CASSPRGGTADTQYF,TRBV6-4*01,IMDQVCFSV,HLA-A*02:01,0.5606778264045715,0.827,0.2315607
CAMRESSNSNSGYALNF,TRAV14/DV4*01,CASSPRGGTADTQYF,TRBV6-4*01,IMDQQPFSV,HLA-A*02:01,0.997027575969696,0.055,0.22850928
CAMRESSNSNSGYALNF,TRAV14/DV4*01,CASSPRGGTADTQYF,TRBV6-4*01,IMDQVEFSV,HLA-A*02:01,0.7068265080451965,0.537,0.23122239
CAMRESSNSNSGYALNF,TRAV14/DV4*01,CASSPRGGTADTQYF,TRBV6-4*01,IEDQVPFSV,HLA-A*02:01,2.8159458452137187e-05,18.112,0.22952494
CAMRESSNSNSGYALNF,TRAV14/DV4*01,CASSPRGGTADTQYF,TRBV6-4*01,IMDQVPFSI,HLA-A*02:01,0.7595025300979614,0.46,0.22449343
CAMRESSNSNSGYALNF,TRAV14/DV4*01,CASSPRGGTADTQYF,TRBV6-4*01,IMDQVAFSV,HLA-A*02:01,0.6430228352546692,0.603,0.23795326
CAMRESSNSNSGYALNF,TRAV14/DV4*01,CASSPRGGTADTQYF,TRBV6-4*01,QMDQVPFSV,HLA-A*02:01,0.7928488850593567,0.397,0.23439053
CAMRESSNSNSGYALNF,TRAV14/DV4*01,CASSPRGGTADTQYF,TRBV6-4*01,IDDQVPFSV,HLA-A*02:01,1.436460621562219e-07,36.205,0.2326109
CAMRESSNSNSGYALNF,TRAV14/DV4*01,CASSPRGGTADTQYF,TRBV6-4*01,IMDQVPFSF,HLA-A*02:01,0.2627357840538025,1.822,0.22612028
CAMRESSNSNSGYALNF,TRAV14/DV4*01,CASSPRGGTADTQYF,TRBV6-4*01,IIDQVPFSV,HLA-A*02:01,0.9958924055099487,0.077,0.22260626
CAMRESSNSNSGYALNF,TRAV14/DV4*01,CASSPRGGTADTQYF,TRBV6-4*01,IMDHVPFSV,HLA-A*02:01,0.9956541061401367,0.081,0.21951604
CAMRESSNSNSGYALNF,TRAV14/DV4*01,CASSPRGGTADTQYF,TRBV6-4*01,ISDQVPFSV,HLA-A*02:01,0.6104749441146851,0.668,0.23058458
CAMRESSNSNSGYALNF,TRAV14/DV4*01,CASSPRGGTADTQYF,TRBV6-4*01,IMDQVPFSN,HLA-A*02:01,0.014209242537617683,6.816,0.23989797
CAMRESSNSNSGYALNF,TRAV14/DV4*01,CASSPRGGTADTQYF,TRBV6-4*01,IMDQVPFSP,HLA-A*02:01,2.4349939849344082e-05,18.506,0.23477295
CAMRESSNSNSGYALNF,TRAV14/DV4*01,CASSPRGGTADTQYF,TRBV6-4*01,KMDQVPFSV,HLA-A*02:01,0.9948825836181641,0.087,0.23448932
CAMRESSNSNSGYALNF,TRAV14/DV4*01,CASSPRGGTADTQYF,TRBV6-4*01,IMGQVPFSV,HLA-A*02:01,0.7393242120742798,0.49,0.2273467
CAMRESSNSNSGYALNF,TRAV14/DV4*01,CASSPRGGTADTQYF,TRBV6-4*01,IMDQVFFSV,HLA-A*02:01,0.7926598191261292,0.399,0.2254879
CAMRESSNSNSGYALNF,TRAV14/DV4*01,CASSPRGGTADTQYF,TRBV6-4*01,IMCQVPFSV,HLA-A*02:01,0.0019891441334038973,9.414,0.21209228
CAMRESSNSNSGYALNF,TRAV14/DV4*01,CASSPRGGTADTQYF,TRBV6-4*01,IMDQVPVSV,HLA-A*02:01,0.9985650181770325,0.02,0.24003264
CAMRESSNSNSGYALNF,TRAV14/DV4*01,CASSPRGGTADTQYF,TRBV6-4*01,INDQVPFSV,HLA-A*02:01,0.00041603445424698293,12.015,0.22991256
CAMRESSNSNSGYALNF,TRAV14/DV4*01,CASSPRGGTADTQYF,TRBV6-4*01,IMDMVPFSV,HLA-A*02:01,0.721034049987793,0.52,0.20725897
CAMRESSNSNSGYALNF,TRAV14/DV4*01,CASSPRGGTADTQYF,TRBV6-4*01,ILDQVPFSV,HLA-A*02:01,0.9989992380142212,0.012,0.2308243
CAMRESSNSNSGYALNF,TRAV14/DV4*01,CASSPRGGTADTQYF,TRBV6-4*01,IMDQCPFSV,HLA-A*02:01,0.28883713483810425,1.726,0.21952312
CAMRESSNSNSGYALNF,TRAV14/DV4*01,CASSPRGGTADTQYF,TRBV6-4*01,IMDQVPWSV,HLA-A*02:01,0.7535126805305481,0.472,0.22864637
CAMRESSNSNSGYALNF,TRAV14/DV4*01,CASSPRGGTADTQYF,TRBV6-4*01,IMDFVPFSV,HLA-A*02:01,0.792711615562439,0.398,0.21384075
CAMRESSNSNSGYALNF,TRAV14/DV4*01,CASSPRGGTADTQYF,TRBV6-4*01,IMVQVPFSV,HLA-A*02:01,0.46425551176071167,1.031,0.21215627
CAMRESSNSNSGYALNF,TRAV14/DV4*01,CASSPRGGTADTQYF,TRBV6-4*01,IMDQVVFSV,HLA-A*02:01,0.9815627932548523,0.174,0.23078029
CAMRESSNSNSGYALNF,TRAV14/DV4*01,CASSPRGGTADTQYF,TRBV6-4*01,DMDQVPFSV,HLA-A*02:01,0.027958625927567482,6.034,0.23215511
CAMRESSNSNSGYALNF,TRAV14/DV4*01,CASSPRGGTADTQYF,TRBV6-4*01,IMDQVLFSV,HLA-A*02:01,0.8404377102851868,0.324,0.23304689
CAMRESSNSNSGYALNF,TRAV14/DV4*01,CASSPRGGTADTQYF,TRBV6-4*01,EMDQVPFSV,HLA-A*02:01,0.0018947860226035118,9.482,0.23499313
CAMRESSNSNSGYALNF,TRAV14/DV4*01,CASSPRGGTADTQYF,TRBV6-4*01,IVDQVPFSV,HLA-A*02:01,0.9961344003677368,0.072,0.22791405
CAMRESSNSNSGYALNF,TRAV14/DV4*01,CASSPRGGTADTQYF,TRBV6-4*01,IMKQVPFSV,HLA-A*02:01,0.3444274961948395,1.507,0.22428754
CAMRESSNSNSGYALNF,TRAV14/DV4*01,CASSPRGGTADTQYF,TRBV6-4*01,IMDGVPFSV,HLA-A*02:01,0.9911799430847168,0.129,0.23671445
CAMRESSNSNSGYALNF,TRAV14/DV4*01,CASSPRGGTADTQYF,TRBV6-4*01,IMDQVPMSV,HLA-A*02:01,0.9954098463058472,0.082,0.23208876
CAMRESSNSNSGYALNF,TRAV14/DV4*01,CASSPRGGTADTQYF,TRBV6-4*01,IMDQVPFQV,HLA-A*02:01,0.9960964322090149,0.073,0.22351107
CAMRESSNSNSGYALNF,TRAV14/DV4*01,CASSPRGGTADTQYF,TRBV6-4*01,IGDQVPFSV,HLA-A*02:01,0.2055419683456421,2.245,0.24030654
CAMRESSNSNSGYALNF,TRAV14/DV4*01,CASSPRGGTADTQYF,TRBV6-4*01,IMDQVPISV,HLA-A*02:01,0.9985686540603638,0.02,0.23263696
CAMRESSNSNSGYALNF,TRAV14/DV4*01,CASSPRGGTADTQYF,TRBV6-4*01,IMDDVPFSV,HLA-A*02:01,0.9981552362442017,0.03,0.22433071
CAMRESSNSNSGYALNF,TRAV14/DV4*01,CASSPRGGTADTQYF,TRBV6-4*01,IMDQVPFEV,HLA-A*02:01,0.988562285900116,0.146,0.22339556
CAMRESSNSNSGYALNF,TRAV14/DV4*01,CASSPRGGTADTQYF,TRBV6-4*01,IMDQVPFSW,HLA-A*02:01,6.229720020201057e-05,16.085,0.23244317
CAMRESSNSNSGYALNF,TRAV14/DV4*01,CASSPRGGTADTQYF,TRBV6-4*01,IMDQVPKSV,HLA-A*02:01,0.9957162737846375,0.078,0.2685204
CAMRESSNSNSGYALNF,TRAV14/DV4*01,CASSPRGGTADTQYF,TRBV6-4*01,IMDQWPFSV,HLA-A*02:01,0.7096813917160034,0.532,0.22724552
CAMRESSNSNSGYALNF,TRAV14/DV4*01,CASSPRGGTADTQYF,TRBV6-4*01,WMDQVPFSV,HLA-A*02:01,0.9558065533638,0.23,0.23231919
CAMRESSNSNSGYALNF,TRAV14/DV4*01,CASSPRGGTADTQYF,TRBV6-4*01,IMDQRPFSV,HLA-A*02:01,0.9956067800521851,0.081,0.23380621
CAMRESSNSNSGYALNF,TRAV14/DV4*01,CASSPRGGTADTQYF,TRBV6-4*01,IMAQVPFSV,HLA-A*02:01,0.9945155382156372,0.091,0.22636382
CAMRESSNSNSGYALNF,TRAV14/DV4*01,CASSPRGGTADTQYF,TRBV6-4*01,IMDEVPFSV,HLA-A*02:01,0.9977083206176758,0.041,0.22239265
CAMRESSNSNSGYALNF,TRAV14/DV4*01,CASSPRGGTADTQYF,TRBV6-4*01,IMDQVPDSV,HLA-A*02:01,0.30541515350341797,1.67,0.25960454
CAMRESSNSNSGYALNF,TRAV14/DV4*01,CASSPRGGTADTQYF,TRBV6-4*01,IMDQVPFWV,HLA-A*02:01,0.4453432559967041,1.072,0.22117741
CAMRESSNSNSGYALNF,TRAV14/DV4*01,CASSPRGGTADTQYF,TRBV6-4*01,IMDQVPFYV,HLA-A*02:01,0.9914849400520325,0.128,0.21626373
CAMRESSNSNSGYALNF,TRAV14/DV4*01,CASSPRGGTADTQYF,TRBV6-4*01,GMDQVPFSV,HLA-A*02:01,0.7838720083236694,0.421,0.24460033
CAMRESSNSNSGYALNF,TRAV14/DV4*01,CASSPRGGTADTQYF,TRBV6-4*01,IMDQVPFSG,HLA-A*02:01,0.00013702339492738247,14.285,0.24193588
CAMRESSNSNSGYALNF,TRAV14/DV4*01,CASSPRGGTADTQYF,TRBV6-4*01,IMDQYPFSV,HLA-A*02:01,0.9919107556343079,0.123,0.22168009
CAMRESSNSNSGYALNF,TRAV14/DV4*01,CASSPRGGTADTQYF,TRBV6-4*01,IMDQVPYSV,HLA-A*02:01,0.992994487285614,0.111,0.22558084
CAMRESSNSNSGYALNF,TRAV14/DV4*01,CASSPRGGTADTQYF,TRBV6-4*01,IMDQDPFSV,HLA-A*02:01,0.7169972658157349,0.525,0.228646
CAMRESSNSNSGYALNF,TRAV14/DV4*01,CASSPRGGTADTQYF,TRBV6-4*01,IMDQVPTSV,HLA-A*02:01,0.9970043301582336,0.055,0.2479004
CAMRESSNSNSGYALNF,TRAV14/DV4*01,CASSPRGGTADTQYF,TRBV6-4*01,IMDQPPFSV,HLA-A*02:01,0.9946850538253784,0.088,0.22602086
CAMRESSNSNSGYALNF,TRAV14/DV4*01,CASSPRGGTADTQYF,TRBV6-4*01,SMDQVPFSV,HLA-A*02:01,0.9422785043716431,0.247,0.23703294
CAMRESSNSNSGYALNF,TRAV14/DV4*01,CASSPRGGTADTQYF,TRBV6-4*01,IMDQVPFSC,HLA-A*02:01,0.20625123381614685,2.235,0.23327744
CAMRESSNSNSGYALNF,TRAV14/DV4*01,CASSPRGGTADTQYF,TRBV6-4*01,IMDQVPFSL,HLA-A*02:01,0.8987373113632202,0.293,0.2308424
CAMRESSNSNSGYALNF,TRAV14/DV4*01,CASSPRGGTADTQYF,TRBV6-4*01,IMDSVPFSV,HLA-A*02:01,0.9955291748046875,0.081,0.22623833
CAMRESSNSNSGYALNF,TRAV14/DV4*01,CASSPRGGTADTQYF,TRBV6-4*01,IMIQVPFSV,HLA-A*02:01,0.5960178375244141,0.711,0.20628604
CAMRESSNSNSGYALNF,TRAV14/DV4*01,CASSPRGGTADTQYF,TRBV6-4*01,IMDQVPFSY,HLA-A*02:01,0.4713617265224457,1.018,0.22591397
CAMRESSNSNSGYALNF,TRAV14/DV4*01,CASSPRGGTADTQYF,TRBV6-4*01,IKDQVPFSV,HLA-A*02:01,0.05699823051691055,5.196,0.22940929
CAMRESSNSNSGYALNF,TRAV14/DV4*01,CASSPRGGTADTQYF,TRBV6-4*01,YMDQVPFSV,HLA-A*02:01,0.9966977834701538,0.064,0.22464237
CAMRESSNSNSGYALNF,TRAV14/DV4*01,CASSPRGGTADTQYF,TRBV6-4*01,IADQVPFSV,HLA-A*02:01,0.9323703050613403,0.261,0.23696503
CAMRESSNSNSGYALNF,TRAV14/DV4*01,CASSPRGGTADTQYF,TRBV6-4*01,IMDQVPFSK,HLA-A*02:01,9.598426913726144e-06,21.113,0.24955618
CAMRESSNSNSGYALNF,TRAV14/DV4*01,CASSPRGGTADTQYF,TRBV6-4*01,IQDQVPFSV,HLA-A*02:01,0.9904616475105286,0.131,0.22862259
CAMRESSNSNSGYALNF,TRAV14/DV4*01,CASSPRGGTADTQYF,TRBV6-4*01,IMDQVPFCV,HLA-A*02:01,0.6001444458961487,0.699,0.2259514
CAMRESSNSNSGYALNF,TRAV14/DV4*01,CASSPRGGTADTQYF,TRBV6-4*01,IMDQVNFSV,HLA-A*02:01,0.9940439462661743,0.099,0.23120558
CAMRESSNSNSGYALNF,TRAV14/DV4*01,CASSPRGGTADTQYF,TRBV6-4*01,IMDQVQFSV,HLA-A*02:01,0.9900277256965637,0.135,0.23164102
CAMRESSNSNSGYALNF,TRAV14/DV4*01,CASSPRGGTADTQYF,TRBV6-4*01,IMDQLPFSV,HLA-A*02:01,0.9923094511032104,0.119,0.23086257
CAMRESSNSNSGYALNF,TRAV14/DV4*01,CASSPRGGTADTQYF,TRBV6-4*01,IMDQVPASV,HLA-A*02:01,0.9964458346366882,0.068,0.26589698
CAMRESSNSNSGYALNF,TRAV14/DV4*01,CASSPRGGTADTQYF,TRBV6-4*01,IMYQVPFSV,HLA-A*02:01,0.976357638835907,0.197,0.21096411
CAMRESSNSNSGYALNF,TRAV14/DV4*01,CASSPRGGTADTQYF,TRBV6-4*01,IMDRVPFSV,HLA-A*02:01,0.9803236126899719,0.181,0.23283792
CAMRESSNSNSGYALNF,TRAV14/DV4*01,CASSPRGGTADTQYF,TRBV6-4*01,IHDQVPFSV,HLA-A*02:01,9.21325190574862e-05,15.173,0.22694874
CAMRESSNSNSGYALNF,TRAV14/DV4*01,CASSPRGGTADTQYF,TRBV6-4*01,IMQQVPFSV,HLA-A*02:01,0.5957058668136597,0.713,0.22369957
CAMRESSNSNSGYALNF,TRAV14/DV4*01,CASSPRGGTADTQYF,TRBV6-4*01,ITDQVPFSV,HLA-A*02:01,0.9725881814956665,0.204,0.22592807
CAMRESSNSNSGYALNF,TRAV14/DV4*01,CASSPRGGTADTQYF,TRBV6-4*01,ICDQVPFSV,HLA-A*02:01,0.0066852630116045475,7.813,0.22521195
CAMRESSNSNSGYALNF,TRAV14/DV4*01,CASSPRGGTADTQYF,TRBV6-4*01,IMDQVPLSV,HLA-A*02:01,0.9981595873832703,0.03,0.23714519
CAMRESSNSNSGYALNF,TRAV14/DV4*01,CASSPRGGTADTQYF,TRBV6-4*01,IYDQVPFSV,HLA-A*02:01,0.19712918996810913,2.674,0.22318241
CAMRESSNSNSGYALNF,TRAV14/DV4*01,CASSPRGGTADTQYF,TRBV6-4*01,IMDWVPFSV,HLA-A*02:01,0.7903455495834351,0.405,0.21399477
CAMRESSNSNSGYALNF,TRAV14/DV4*01,CASSPRGGTADTQYF,TRBV6-4*01,IWDQVPFSV,HLA-A*02:01,0.06534872949123383,5.013,0.2251244
CAMRESSNSNSGYALNF,TRAV14/DV4*01,CASSPRGGTADTQYF,TRBV6-4*01,IMNQVPFSV,HLA-A*02:01,0.976855456829071,0.197,0.22406685
CAMRESSNSNSGYALNF,TRAV14/DV4*01,CASSPRGGTADTQYF,TRBV6-4*01,HMDQVPFSV,HLA-A*02:01,0.9030452966690063,0.29,0.2289391
CAMRESSNSNSGYALNF,TRAV14/DV4*01,CASSPRGGTADTQYF,TRBV6-4*01,IMDQVPFLV,HLA-A*02:01,0.9589982032775879,0.227,0.22663645
CAMRESSNSNSGYALNF,TRAV14/DV4*01,CASSPRGGTADTQYF,TRBV6-4*01,IMDIVPFSV,HLA-A*02:01,0.981700599193573,0.174,0.20968573
CAMRESSNSNSGYALNF,TRAV14/DV4*01,CASSPRGGTADTQYF,TRBV6-4*01,IMDQVPHSV,HLA-A*02:01,0.9981359243392944,0.031,0.2418303
CAMRESSNSNSGYALNF,TRAV14/DV4*01,CASSPRGGTADTQYF,TRBV6-4*01,IMDQVPFSA,HLA-A*02:01,0.49296075105667114,0.965,0.24082021
CAMRESSNSNSGYALNF,TRAV14/DV4*01,CASSPRGGTADTQYF,TRBV6-4*01,IMDQHPFSV,HLA-A*02:01,0.9979482889175415,0.038,0.22437647
CAMRESSNSNSGYALNF,TRAV14/DV4*01,CASSPRGGTADTQYF,TRBV6-4*01,IMDQVPFKV,HLA-A*02:01,0.9960678815841675,0.073,0.2262226
CAMRESSNSNSGYALNF,TRAV14/DV4*01,CASSPRGGTADTQYF,TRBV6-4*01,TMDQVPFSV,HLA-A*02:01,0.9680787920951843,0.217,0.23136008
CAMRESSNSNSGYALNF,TRAV14/DV4*01,CASSPRGGTADTQYF,TRBV6-4*01,IRDQVPFSV,HLA-A*02:01,0.07949112355709076,4.749,0.23667789
CAMRESSNSNSGYALNF,TRAV14/DV4*01,CASSPRGGTADTQYF,TRBV6-4*01,PMDQVPFSV,HLA-A*02:01,0.0001765013294061646,13.748,0.23189807
CAMRESSNSNSGYALNF,TRAV14/DV4*01,CASSPRGGTADTQYF,TRBV6-4*01,IMDKVPFSV,HLA-A*02:01,0.9982601404190063,0.027,0.22791621
CAMRESSNSNSGYALNF,TRAV14/DV4*01,CASSPRGGTADTQYF,TRBV6-4*01,IMDQVIFSV,HLA-A*02:01,0.9808486104011536,0.179,0.22624576
CAMRESSNSNSGYALNF,TRAV14/DV4*01,CASSPRGGTADTQYF,TRBV6-4*01,IMDQVSFSV,HLA-A*02:01,0.7463754415512085,0.482,0.23437014
CAMRESSNSNSGYALNF,TRAV14/DV4*01,CASSPRGGTADTQYF,TRBV6-4*01,IMDQVPFNV,HLA-A*02:01,0.9967028498649597,0.064,0.22535631
CAMRESSNSNSGYALNF,TRAV14/DV4*01,CASSPRGGTADTQYF,TRBV6-4*01,MMDQVPFSV,HLA-A*02:01,0.8138249516487122,0.352,0.22641245
CAMRESSNSNSGYALNF,TRAV14/DV4*01,CASSPRGGTADTQYF,TRBV6-4*01,IMDQAPFSV,HLA-A*02:01,0.9921523928642273,0.121,0.23128763
CAMRESSNSNSGYALNF,TRAV14/DV4*01,CASSPRGGTADTQYF,TRBV6-4*01,IMDQVYFSV,HLA-A*02:01,0.7684522271156311,0.451,0.2270164
CAMRESSNSNSGYALNF,TRAV14/DV4*01,CASSPRGGTADTQYF,TRBV6-4*01,IMDQVPSSV,HLA-A*02:01,0.9887354969978333,0.144,0.2539824
CAMRESSNSNSGYALNF,TRAV14/DV4*01,CASSPRGGTADTQYF,TRBV6-4*01,IMDQVPFSR,HLA-A*02:01,0.0004046985995955765,12.071,0.24205346
CAMRESSNSNSGYALNF,TRAV14/DV4*01,CASSPRGGTADTQYF,TRBV6-4*01,IMDCVPFSV,HLA-A*02:01,0.04977303370833397,5.347,0.2203261
CAMRESSNSNSGYALNF,TRAV14/DV4*01,CASSPRGGTADTQYF,TRBV6-4*01,LMDQVPFSV,HLA-A*02:01,0.9868696331977844,0.153,0.23848996
CAMRESSNSNSGYALNF,TRAV14/DV4*01,CASSPRGGTADTQYF,TRBV6-4*01,IMRQVPFSV,HLA-A*02:01,0.16096219420433044,3.586,0.22858255
CAMRESSNSNSGYALNF,TRAV14/DV4*01,CASSPRGGTADTQYF,TRBV6-4*01,IMDQFPFSV,HLA-A*02:01,0.9940072894096375,0.1,0.22294366
CAMRESSNSNSGYALNF,TRAV14/DV4*01,CASSPRGGTADTQYF,TRBV6-4*01,IMDQSPFSV,HLA-A*02:01,0.9926332235336304,0.113,0.22875714
CAMRESSNSNSGYALNF,TRAV14/DV4*01,CASSPRGGTADTQYF,TRBV6-4*01,IMDQVHFSV,HLA-A*02:01,0.9966272115707397,0.066,0.2282664
CAMRESSNSNSGYALNF,TRAV14/DV4*01,CASSPRGGTADTQYF,TRBV6-4*01,NMDQVPFSV,HLA-A*02:01,0.7603628635406494,0.458,0.22913107
CAMRESSNSNSGYALNF,TRAV14/DV4*01,CASSPRGGTADTQYF,TRBV6-4*01,IMDAVPFSV,HLA-A*02:01,0.9941499829292297,0.097,0.23023796
CAMRESSNSNSGYALNF,TRAV14/DV4*01,CASSPRGGTADTQYF,TRBV6-4*01,IFDQVPFSV,HLA-A*02:01,0.4774203300476074,1.005,0.2218051
