CDR3a,CDR3a_V,CDR3b,CDR3b_V,Antigens,HLA alleles,Score_EL,Rank_EL,Score_pMHC-TCR
CAVTTDSWGKLQF,TRAV12-2*01,CASRPGLAGGRPEQYF,TRBV6-5*01,LLFGYPIYV,HLA-A*02:01,0.9985775947570801,0.02,0.41691333
CAVTTDSWGKLQF,TRAV12-2*01,CASRPGLAGGRPEQYF,TRBV6-5*01,FLFGYPVYV,HLA-A*02:01,0.9997161030769348,0.0,0.41263932
CAVTTDSWGKLQF,TRAV12-2*01,CASRPGLAGGRPEQYF,TRBV6-5*01,LLSGYPVYV,HLA-A*02:01,0.7227596640586853,0.518,0.51401633
CAVTTDSWGKLQF,TRAV12-2*01,CASRPGLAGGRPEQYF,TRBV6-5*01,LLQGYPVYV,HLA-A*02:01,0.7497740983963013,0.478,0.5172618
CAVTTDSWGKLQF,TRAV12-2*01,CASRPGLAGGRPEQYF,TRBV6-5*01,LLFGYPVAV,HLA-A*02:01,0.9980314373970032,0.033,0.60076874
CAVTTDSWGKLQF,TRAV12-2*01,CASRPGLAGGRPEQYF,TRBV6-5*01,LLFGYPFYV,HLA-A*02:01,0.9978936314582825,0.038,0.39163086
CAVTTDSWGKLQF,TRAV12-2*01,CASRPGLAGGRPEQYF,TRBV6-5*01,LLFGSPVYV,HLA-A*02:01,0.9989029169082642,0.012,0.509297
CAVTTDSWGKLQF,TRAV12-2*01,CASRPGLAGGRPEQYF,TRBV6-5*01,LLMGYPVYV,HLA-A*02:01,0.9924218058586121,0.117,0.49034506
CAVTTDSWGKLQF,TRAV12-2*01,CASRPGLAGGRPEQYF,TRBV6-5*01,LLLGYPVYV,HLA-A*02:01,0.9887428283691406,0.144,0.5179645
CAVTTDSWGKLQF,TRAV12-2*01,CASRPGLAGGRPEQYF,TRBV6-5*01,LLFQYPVYV,HLA-A*02:01,0.9986158609390259,0.02,0.43167028
CAVTTDSWGKLQF,TRAV12-2*01,CASRPGLAGGRPEQYF,TRBV6-5*01,LLFGYPEYV,HLA-A*02:01,0.6940068006515503,0.552,0.4694404
CAVTTDSWGKLQF,TRAV12-2*01,CASRPGLAGGRPEQYF,TRBV6-5*01,MLFGYPVYV,HLA-A*02:01,0.9986799955368042,0.02,0.42429906
CAVTTDSWGKLQF,TRAV12-2*01,CASRPGLAGGRPEQYF,TRBV6-5*01,LLFGYPYYV,HLA-A*02:01,0.9289138913154602,0.265,0.43574685
CAVTTDSWGKLQF,TRAV12-2*01,CASRPGLAGGRPEQYF,TRBV6-5*01,LLFGYPNYV,HLA-A*02:01,0.4647955000400543,1.031,0.462375
CAVTTDSWGKLQF,TRAV12-2*01,CASRPGLAGGRPEQYF,TRBV6-5*01,LLFGYPTYV,HLA-A*02:01,0.9956992864608765,0.079,0.4710161
CAVTTDSWGKLQF,TRAV12-2*01,CASRPGLAGGRPEQYF,TRBV6-5*01,LLFVYPVYV,HLA-A*02:01,0.775596022605896,0.44,0.41402188
CAVTTDSWGKLQF,TRAV12-2*01,CASRPGLAGGRPEQYF,TRBV6-5*01,LLFGVPVYV,HLA-A*02:01,0.9969865083694458,0.056,0.50066775
CAVTTDSWGKLQF,TRAV12-2*01,CASRPGLAGGRPEQYF,TRBV6-5*01,LHFGYPVYV,HLA-A*02:01,6.942068284843117e-05,15.815,0.46755558
CAVTTDSWGKLQF,TRAV12-2*01,CASRPGLAGGRPEQYF,TRBV6-5*01,LLFGNPVYV,HLA-A*02:01,0.9987295866012573,0.016,0.5097011
CAVTTDSWGKLQF,TRAV12-2*01,CASRPGLAGGRPEQYF,TRBV6-5*01,LLFGYPAYV,HLA-A*02:01,0.908626914024353,0.284,0.49114552
CAVTTDSWGKLQF,TRAV12-2*01,CASRPGLAGGRPEQYF,TRBV6-5*01,LLFGYPVYK,HLA-A*02:01,0.00044998101657256484,11.878,0.45863658
CAVTTDSWGKLQF,TRAV12-2*01,CASRPGLAGGRPEQYF,TRBV6-5*01,LLGGYPVYV,HLA-A*02:01,0.5877328515052795,0.738,0.5419399
CAVTTDSWGKLQF,TRAV12-2*01,CASRPGLAGGRPEQYF,TRBV6-5*01,TLFGYPVYV,HLA-A*02:01,0.9996293783187866,0.001,0.46421424
CAVTTDSWGKLQF,TRAV12-2*01,CASRPGLAGGRPEQYF,TRBV6-5*01,LLFGWPVYV,HLA-A*02:01,0.9931159019470215,0.11,0.47381195
CAVTTDSWGKLQF,TRAV12-2*01,CASRPGLAGGRPEQYF,TRBV6-5*01,YLFGYPVYV,HLA-A*02:01,0.9997598528862,0.0,0.44226688
CAVTTDSWGKLQF,TRAV12-2*01,CASRPGLAGGRPEQYF,TRBV6-5*01,LLFGEPVYV,HLA-A*02:01,0.9985343217849731,0.02,0.524941
CAVTTDSWGKLQF,TRAV12-2*01,CASRPGLAGGRPEQYF,TRBV6-5*01,LLCGYPVYV,HLA-A*02:01,0.21002808213233948,2.186,0.5101435
CAVTTDSWGKLQF,TRAV12-2*01,CASRPGLAGGRPEQYF,TRBV6-5*01,LLFDYPVYV,HLA-A*02:01,0.9995868802070618,0.001,0.4341647
CAVTTDSWGKLQF,TRAV12-2*01,CASRPGLAGGRPEQYF,TRBV6-5*01,LLFGYWVYV,HLA-A*02:01,0.7258191704750061,0.515,0.3904581
CAVTTDSWGKLQF,TRAV12-2*01,CASRPGLAGGRPEQYF,TRBV6-5*01,LAFGYPVYV,HLA-A*02:01,0.2604496479034424,1.833,0.48043308
CAVTTDSWGKLQF,TRAV12-2*01,CASRPGLAGGRPEQYF,TRBV6-5*01,LLFGYPDYV,HLA-A*02:01,0.18133804202079773,3.197,0.4806463
CAVTTDSWGKLQF,TRAV12-2*01,CASRPGLAGGRPEQYF,TRBV6-5*01,LLFEYPVYV,HLA-A*02:01,0.9995523691177368,0.001,0.4307212
CAVTTDSWGKLQF,TRAV12-2*01,CASRPGLAGGRPEQYF,TRBV6-5*01,GLFGYPVYV,HLA-A*02:01,0.9995927810668945,0.001,0.430302
CAVTTDSWGKLQF,TRAV12-2*01,CASRPGLAGGRPEQYF,TRBV6-5*01,LLFGYSVYV,HLA-A*02:01,0.831915557384491,0.335,0.3869423
CAVTTDSWGKLQF,TRAV12-2*01,CASRPGLAGGRPEQYF,TRBV6-5*01,LLFGYPWYV,HLA-A*02:01,0.9972270727157593,0.051,0.45421538
CAVTTDSWGKLQF,TRAV12-2*01,CASRPGLAGGRPEQYF,TRBV6-5*01,LLFGPPVYV,HLA-A*02:01,0.9972575902938843,0.049,0.55265886
CAVTTDSWGKLQF,TRAV12-2*01,CASRPGLAGGRPEQYF,TRBV6-5*01,LTFGYPVYV,HLA-A*02:01,0.41561561822891235,1.144,0.46879965
CAVTTDSWGKLQF,TRAV12-2*01,CASRPGLAGGRPEQYF,TRBV6-5*01,LLFWYPVYV,HLA-A*02:01,0.9935706853866577,0.106,0.3960115
CAVTTDSWGKLQF,TRAV12-2*01,CASRPGLAGGRPEQYF,TRBV6-5*01,LLFGYPVYE,HLA-A*02:01,0.0007311414810828865,11.027,0.47333422
CAVTTDSWGKLQF,TRAV12-2*01,CASRPGLAGGRPEQYF,TRBV6-5*01,LLRGYPVYV,HLA-A*02:01,0.21484962105751038,2.13,0.52317464
CAVTTDSWGKLQF,TRAV12-2*01,CASRPGLAGGRPEQYF,TRBV6-5*01,LLFGYPVLV,HLA-A*02:01,0.9974133372306824,0.046,0.5341543
CAVTTDSWGKLQF,TRAV12-2*01,CASRPGLAGGRPEQYF,TRBV6-5*01,LLDGYPVYV,HLA-A*02:01,0.7972069382667542,0.374,0.5261547
CAVTTDSWGKLQF,TRAV12-2*01,CASRPGLAGGRPEQYF,TRBV6-5*01,LLFGYPVYV,HLA-A*02:01,0.9986637234687805,0.02,0.45296797
CAVTTDSWGKLQF,TRAV12-2*01,CASRPGLAGGRPEQYF,TRBV6-5*01,LLFNYPVYV,HLA-A*02:01,0.9988843202590942,0.012,0.42766887
CAVTTDSWGKLQF,TRAV12-2*01,CASRPGLAGGRPEQYF,TRBV6-5*01,LLFGYPVIV,HLA-A*02:01,0.9757213592529297,0.198,0.4926235
CAVTTDSWGKLQF,TRAV12-2*01,CASRPGLAGGRPEQYF,TRBV6-5*01,LLFGYPSYV,HLA-A*02:01,0.7031605839729309,0.541,0.47322828
CAVTTDSWGKLQF,TRAV12-2*01,CASRPGLAGGRPEQYF,TRBV6-5*01,LLFLYPVYV,HLA-A*02:01,0.7427889108657837,0.488,0.4227952
CAVTTDSWGKLQF,TRAV12-2*01,CASRPGLAGGRPEQYF,TRBV6-5*01,LIFGYPVYV,HLA-A*02:01,0.724610447883606,0.516,0.4185719
CAVTTDSWGKLQF,TRAV12-2*01,CASRPGLAGGRPEQYF,TRBV6-5*01,LLFGYRVYV,HLA-A*02:01,0.9952031970024109,0.084,0.40767637
CAVTTDSWGKLQF,TRAV12-2*01,CASRPGLAGGRPEQYF,TRBV6-5*01,LLFGYPVYM,HLA-A*02:01,0.9408506155014038,0.249,0.44016805
CAVTTDSWGKLQF,TRAV12-2*01,CASRPGLAGGRPEQYF,TRBV6-5*01,LLFGYPVTV,HLA-A*02:01,0.9988585710525513,0.014,0.53129375
CAVTTDSWGKLQF,TRAV12-2*01,CASRPGLAGGRPEQYF,TRBV6-5*01,LLFSYPVYV,HLA-A*02:01,0.992993950843811,0.111,0.42959842
CAVTTDSWGKLQF,TRAV12-2*01,CASRPGLAGGRPEQYF,TRBV6-5*01,LLFGYPVNV,HLA-A*02:01,0.9985274076461792,0.021,0.47809595
CAVTTDSWGKLQF,TRAV12-2*01,CASRPGLAGGRPEQYF,TRBV6-5*01,LSFGYPVYV,HLA-A*02:01,0.2234421670436859,2.058,0.4630084
CAVTTDSWGKLQF,TRAV12-2*01,CASRPGLAGGRPEQYF,TRBV6-5*01,LLFGFPVYV,HLA-A*02:01,0.9985911250114441,0.02,0.41217837
CAVTTDSWGKLQF,TRAV12-2*01,CASRPGLAGGRPEQYF,TRBV6-5*01,LLFGYPVCV,HLA-A*02:01,0.8046025037765503,0.362,0.5176045
CAVTTDSWGKLQF,TRAV12-2*01,CASRPGLAGGRPEQYF,TRBV6-5*01,LLFGYYVYV,HLA-A*02:01,0.7241675853729248,0.518,0.36647156
CAVTTDSWGKLQF,TRAV12-2*01,CASRPGLAGGRPEQYF,TRBV6-5*01,LLFGYPVYR,HLA-A*02:01,0.19315001368522644,2.849,0.49547124
CAVTTDSWGKLQF,TRAV12-2*01,CASRPGLAGGRPEQYF,TRBV6-5*01,LLFCYPVYV,HLA-A*02:01,0.19955988228321075,2.474,0.41860437
CAVTTDSWGKLQF,TRAV12-2*01,CASRPGLAGGRPEQYF,TRBV6-5*01,LRFGYPVYV,HLA-A*02:01,0.010304752737283707,7.236,0.4853328
CAVTTDSWGKLQF,TRAV12-2*01,CASRPGLAGGRPEQYF,TRBV6-5*01,LLFGYPVEV,HLA-A*02:01,0.9985793232917786,0.02,0.51802313
CAVTTDSWGKLQF,TRAV12-2*01,CASRPGLAGGRPEQYF,TRBV6-5*01,LLFGYNVYV,HLA-A*02:01,0.9917280077934265,0.125,0.3892533
CAVTTDSWGKLQF,TRAV12-2*01,CASRPGLAGGRPEQYF,TRBV6-5*01,LLFGYPVYC,HLA-A*02:01,0.009451203048229218,7.372,0.46322975
CAVTTDSWGKLQF,TRAV12-2*01,CASRPGLAGGRPEQYF,TRBV6-5*01,LQFGYPVYV,HLA-A*02:01,0.7892764806747437,0.408,0.47305137
CAVTTDSWGKLQF,TRAV12-2*01,CASRPGLAGGRPEQYF,TRBV6-5*01,LLFIYPVYV,HLA-A*02:01,0.7741023302078247,0.442,0.37513193
CAVTTDSWGKLQF,TRAV12-2*01,CASRPGLAGGRPEQYF,TRBV6-5*01,LLFGYPVYD,HLA-A*02:01,2.3656073722122528e-07,34.302,0.46851635
CAVTTDSWGKLQF,TRAV12-2*01,CASRPGLAGGRPEQYF,TRBV6-5*01,LLFGYPVYA,HLA-A*02:01,0.9879992604255676,0.148,0.51377237
CAVTTDSWGKLQF,TRAV12-2*01,CASRPGLAGGRPEQYF,TRBV6-5*01,LLFGQPVYV,HLA-A*02:01,0.998540997505188,0.02,0.5129181
CAVTTDSWGKLQF,TRAV12-2*01,CASRPGLAGGRPEQYF,TRBV6-5*01,LLPGYPVYV,HLA-A*02:01,0.7842350602149963,0.421,0.52695733
CAVTTDSWGKLQF,TRAV12-2*01,CASRPGLAGGRPEQYF,TRBV6-5*01,LLEGYPVYV,HLA-A*02:01,0.4723549783229828,1.015,0.52745897
CAVTTDSWGKLQF,TRAV12-2*01,CASRPGLAGGRPEQYF,TRBV6-5*01,LLFGYPQYV,HLA-A*02:01,0.963553786277771,0.222,0.4711705
CAVTTDSWGKLQF,TRAV12-2*01,CASRPGLAGGRPEQYF,TRBV6-5*01,LLFGYPVYN,HLA-A*02:01,0.050320547074079514,5.336,0.45288396
CAVTTDSWGKLQF,TRAV12-2*01,CASRPGLAGGRPEQYF,TRBV6-5*01,LDFGYPVYV,HLA-A*02:01,1.2489645939695038e-07,37.006,0.4652359
CAVTTDSWGKLQF,TRAV12-2*01,CASRPGLAGGRPEQYF,TRBV6-5*01,LLFGYPHYV,HLA-A*02:01,0.998327910900116,0.026,0.47766858
CAVTTDSWGKLQF,TRAV12-2*01,CASRPGLAGGRPEQYF,TRBV6-5*01,LLFGYPVVV,HLA-A*02:01,0.9909580945968628,0.129,0.52887666
CAVTTDSWGKLQF,TRAV12-2*01,CASRPGLAGGRPEQYF,TRBV6-5*01,LLVGYPVYV,HLA-A*02:01,0.543899416923523,0.865,0.51023775
CAVTTDSWGKLQF,TRAV12-2*01,CASRPGLAGGRPEQYF,TRBV6-5*01,LLFGYHVYV,HLA-A*02:01,0.9979982376098633,0.034,0.38592854
CAVTTDSWGKLQF,TRAV12-2*01,CASRPGLAGGRPEQYF,TRBV6-5*01,LLFGYPVYI,HLA-A*02:01,0.994870662689209,0.087,0.4147982
CAVTTDSWGKLQF,TRAV12-2*01,CASRPGLAGGRPEQYF,TRBV6-5*01,LLFGYPVYL,HLA-A*02:01,0.9988217353820801,0.015,0.43839288
CAVTTDSWGKLQF,TRAV12-2*01,CASRPGLAGGRPEQYF,TRBV6-5*01,LCFGYPVYV,HLA-A*02:01,7.404132338706404e-05,15.679,0.46551856
CAVTTDSWGKLQF,TRAV12-2*01,CASRPGLAGGRPEQYF,TRBV6-5*01,LLFGYPVYH,HLA-A*02:01,0.12231290340423584,4.129,0.47205234
CAVTTDSWGKLQF,TRAV12-2*01,CASRPGLAGGRPEQYF,TRBV6-5*01,LLFGHPVYV,HLA-A*02:01,0.9995079040527344,0.002,0.50074255
CAVTTDSWGKLQF,TRAV12-2*01,CASRPGLAGGRPEQYF,TRBV6-5*01,LLFGYPLYV,HLA-A*02:01,0.998740553855896,0.016,0.43996
CAVTTDSWGKLQF,TRAV12-2*01,CASRPGLAGGRPEQYF,TRBV6-5*01,CLFGYPVYV,HLA-A*02:01,0.34445667266845703,1.507,0.47803324
CAVTTDSWGKLQF,TRAV12-2*01,CASRPGLAGGRPEQYF,TRBV6-5*01,LVFGYPVYV,HLA-A*02:01,0.826326847076416,0.339,0.45153537
CAVTTDSWGKLQF,TRAV12-2*01,CASRPGLAGGRPEQYF,TRBV6-5*01,LLFGYPVGV,HLA-A*02:01,0.9994207620620728,0.004,0.5613383
CAVTTDSWGKLQF,TRAV12-2*01,CASRPGLAGGRPEQYF,TRBV6-5*01,LLFGYPVYS,HLA-A*02:01,0.00017507385928183794,13.764,0.4795236
CAVTTDSWGKLQF,TRAV12-2*01,CASRPGLAGGRPEQYF,TRBV6-5*01,LLFGYCVYV,HLA-A*02:01,0.40977174043655396,1.167,0.3782063
CAVTTDSWGKLQF,TRAV12-2*01,CASRPGLAGGRPEQYF,TRBV6-5*01,LLFGYAVYV,HLA-A*02:01,0.8838035464286804,0.305,0.41010588
CAVTTDSWGKLQF,TRAV12-2*01,CASRPGLAGGRPEQYF,TRBV6-5*01,LLFGYPVYY,HLA-A*02:01,0.22613981366157532,2.042,0.422311
CAVTTDSWGKLQF,TRAV12-2*01,CASRPGLAGGRPEQYF,TRBV6-5*01,LLFGYPPYV,HLA-A*02:01,0.7968140840530396,0.376,0.47695008
CAVTTDSWGKLQF,TRAV12-2*01,CASRPGLAGGRPEQYF,TRBV6-5*01,LLFHYPVYV,HLA-A*02:01,0.9983121752738953,0.026,0.42826813
CAVTTDSWGKLQF,TRAV12-2*01,CASRPGLAGGRPEQYF,TRBV6-5*01,LLFGYKVYV,HLA-A*02:01,0.9977279901504517,0.041,0.3959867
CAVTTDSWGKLQF,TRAV12-2*01,CASRPGLAGGRPEQYF,TRBV6-5*01,LLFYYPVYV,HLA-A*02:01,0.9897270202636719,0.137,0.3861485
CAVTTDSWGKLQF,TRAV12-2*01,CASRPGLAGGRPEQYF,TRBV6-5*01,RLFGYPVYV,HLA-A*02:01,0.9997116923332214,0.001,0.49385023
CAVTTDSWGKLQF,TRAV12-2*01,CASRPGLAGGRPEQYF,TRBV6-5*01,KLFGYPVYV,HLA-A*02:01,0.9997340440750122,0.0,0.4710993
CAVTTDSWGKLQF,TRAV12-2*01,CASRPGLAGGRPEQYF,TRBV6-5*01,LNFGYPVYV,HLA-A*02:01,2.1367079170886427e-05,18.897,0.4622559
CAVTTDSWGKLQF,TRAV12-2*01,CASRPGLAGGRPEQYF,TRBV6-5*01,LLFGYPVMV,HLA-A*02:01,0.9937311410903931,0.106,0.516472
CAVTTDSWGKLQF,TRAV12-2*01,CASRPGLAGGRPEQYF,TRBV6-5*01,LLFGYVVYV,HLA-A*02:01,0.9942995309829712,0.096,0.36398783
CAVTTDSWGKLQF,TRAV12-2*01,CASRPGLAGGRPEQYF,TRBV6-5*01,LLFGYPKYV,HLA-A*02:01,0.7787426710128784,0.432,0.46743852
CAVTTDSWGKLQF,TRAV12-2*01,CASRPGLAGGRPEQYF,TRBV6-5*01,LLFGYPVYT,HLA-A*02:01,0.4205291271209717,1.123,0.47794357
CAVTTDSWGKLQF,TRAV12-2*01,CASRPGLAGGRPEQYF,TRBV6-5*01,LLFGYFVYV,HLA-A*02:01,0.8253166079521179,0.339,0.3332359
CAVTTDSWGKLQF,TRAV12-2*01,CASRPGLAGGRPEQYF,TRBV6-5*01,LLFGYPVYW,HLA-A*02:01,0.05144654959440231,5.306,0.4516477
CAVTTDSWGKLQF,TRAV12-2*01,CASRPGLAGGRPEQYF,TRBV6-5*01,LLFTYPVYV,HLA-A*02:01,0.9936421513557434,0.106,0.41552782
CAVTTDSWGKLQF,TRAV12-2*01,CASRPGLAGGRPEQYF,TRBV6-5*01,LLFGYDVYV,HLA-A*02:01,0.7978531122207642,0.372,0.4286521
CAVTTDSWGKLQF,TRAV12-2*01,CASRPGLAGGRPEQYF,TRBV6-5*01,LLFGYPGYV,HLA-A*02:01,0.07207272946834564,4.883,0.4908412
CAVTTDSWGKLQF,TRAV12-2*01,CASRPGLAGGRPEQYF,TRBV6-5*01,LLFGYPVFV,HLA-A*02:01,0.9977821111679077,0.039,0.44901562
CAVTTDSWGKLQF,TRAV12-2*01,CASRPGLAGGRPEQYF,TRBV6-5*01,LLFGYPVRV,HLA-A*02:01,0.9986437559127808,0.02,0.5324584
CAVTTDSWGKLQF,TRAV12-2*01,CASRPGLAGGRPEQYF,TRBV6-5*01,LLTGYPVYV,HLA-A*02:01,0.3188577890396118,1.612,0.5169617
CAVTTDSWGKLQF,TRAV12-2*01,CASRPGLAGGRPEQYF,TRBV6-5*01,LLFGYPMYV,HLA-A*02:01,0.9962673187255859,0.069,0.4423162
CAVTTDSWGKLQF,TRAV12-2*01,CASRPGLAGGRPEQYF,TRBV6-5*01,LLFGYTVYV,HLA-A*02:01,0.9932673573493958,0.108,0.36927116
CAVTTDSWGKLQF,TRAV12-2*01,CASRPGLAGGRPEQYF,TRBV6-5*01,LLFRYPVYV,HLA-A*02:01,0.7725143432617188,0.444,0.44433936
CAVTTDSWGKLQF,TRAV12-2*01,CASRPGLAGGRPEQYF,TRBV6-5*01,LLFGYPVYG,HLA-A*02:01,4.490267201617826e-06,23.464,0.51443064
CAVTTDSWGKLQF,TRAV12-2*01,CASRPGLAGGRPEQYF,TRBV6-5*01,LLFPYPVYV,HLA-A*02:01,0.9983072280883789,0.026,0.44885308
CAVTTDSWGKLQF,TRAV12-2*01,CASRPGLAGGRPEQYF,TRBV6-5*01,LLFGYEVYV,HLA-A*02:01,0.9942151308059692,0.096,0.41633016
CAVTTDSWGKLQF,TRAV12-2*01,CASRPGLAGGRPEQYF,TRBV6-5*01,LLFGYPVDV,HLA-A*02:01,0.5790385007858276,0.772,0.5140467
CAVTTDSWGKLQF,TRAV12-2*01,CASRPGLAGGRPEQYF,TRBV6-5*01,LWFGYPVYV,HLA-A*02:01,6.162210866023088e-06,22.489,0.45639777
CAVTTDSWGKLQF,TRAV12-2*01,CASRPGLAGGRPEQYF,TRBV6-5*01,LLFGYQVYV,HLA-A*02:01,0.9970428347587585,0.055,0.41306558
CAVTTDSWGKLQF,TRAV12-2*01,CASRPGLAGGRPEQYF,TRBV6-5*01,ELFGYPVYV,HLA-A*02:01,0.742599606513977,0.488,0.4735237
CAVTTDSWGKLQF,TRAV12-2*01,CASRPGLAGGRPEQYF,TRBV6-5*01,LLFGAPVYV,HLA-A*02:01,0.9990874528884888,0.009,0.55401945
CAVTTDSWGKLQF,TRAV12-2*01,CASRPGLAGGRPEQYF,TRBV6-5*01,LLIGYPVYV,HLA-A*02:01,0.9222332239151001,0.27,0.46654177
CAVTTDSWGKLQF,TRAV12-2*01,CASRPGLAGGRPEQYF,TRBV6-5*01,LLAGYPVYV,HLA-A*02:01,0.764698326587677,0.453,0.5597476
CAVTTDSWGKLQF,TRAV12-2*01,CASRPGLAGGRPEQYF,TRBV6-5*01,LLFGMPVYV,HLA-A*02:01,0.9352900385856628,0.256,0.50196284
CAVTTDSWGKLQF,TRAV12-2*01,CASRPGLAGGRPEQYF,TRBV6-5*01,LLFGYPRYV,HLA-A*02:01,0.7617486119270325,0.454,0.49869442
CAVTTDSWGKLQF,TRAV12-2*01,CASRPGLAGGRPEQYF,TRBV6-5*01,LLFGYMVYV,HLA-A*02:01,0.991939902305603,0.123,0.37316948
CAVTTDSWGKLQF,TRAV12-2*01,CASRPGLAGGRPEQYF,TRBV6-5*01,LLFGLPVYV,HLA-A*02:01,0.921245276927948,0.27,0.4865039
CAVTTDSWGKLQF,TRAV12-2*01,CASRPGLAGGRPEQYF,TRBV6-5*01,LLFGYPCYV,HLA-A*02:01,0.07396556437015533,4.853,0.4625123
CAVTTDSWGKLQF,TRAV12-2*01,CASRPGLAGGRPEQYF,TRBV6-5*01,PLFGYPVYV,HLA-A*02:01,0.5979336500167847,0.707,0.49919304
CAVTTDSWGKLQF,TRAV12-2*01,CASRPGLAGGRPEQYF,TRBV6-5*01,LLKGYPVYV,HLA-A*02:01,0.4875272214412689,0.982,0.50214326
CAVTTDSWGKLQF,TRAV12-2*01,CASRPGLAGGRPEQYF,TRBV6-5*01,LLFKYPVYV,HLA-A*02:01,0.9970558285713196,0.055,0.4201057
CAVTTDSWGKLQF,TRAV12-2*01,CASRPGLAGGRPEQYF,TRBV6-5*01,LLFGYPVQV,HLA-A*02:01,0.9990094900131226,0.012,0.51656026
CAVTTDSWGKLQF,TRAV12-2*01,CASRPGLAGGRPEQYF,TRBV6-5*01,VLFGYPVYV,HLA-A*02:01,0.9995033144950867,0.002,0.4381679
CAVTTDSWGKLQF,TRAV12-2*01,CASRPGLAGGRPEQYF,TRBV6-5*01,LFFGYPVYV,HLA-A*02:01,0.24596858024597168,1.911,0.42982945
CAVTTDSWGKLQF,TRAV12-2*01,CASRPGLAGGRPEQYF,TRBV6-5*01,QLFGYPVYV,HLA-A*02:01,0.9991308450698853,0.009,0.47865677
CAVTTDSWGKLQF,TRAV12-2*01,CASRPGLAGGRPEQYF,TRBV6-5*01,LGFGYPVYV,HLA-A*02:01,0.19595113396644592,2.731,0.47015056
CAVTTDSWGKLQF,TRAV12-2*01,CASRPGLAGGRPEQYF,TRBV6-5*01,LLFMYPVYV,HLA-A*02:01,0.9312757253646851,0.262,0.39383087
CAVTTDSWGKLQF,TRAV12-2*01,CASRPGLAGGRPEQYF,TRBV6-5*01,LLFGYLVYV,HLA-A*02:01,0.9949864149093628,0.086,0.36820906
CAVTTDSWGKLQF,TRAV12-2*01,CASRPGLAGGRPEQYF,TRBV6-5*01,LLFGKPVYV,HLA-A*02:01,0.9997014999389648,0.001,0.5027996
CAVTTDSWGKLQF,TRAV12-2*01,CASRPGLAGGRPEQYF,TRBV6-5*01,LLFGYPVYP,HLA-A*02:01,3.836637006315868e-06,23.991,0.5053489
CAVTTDSWGKLQF,TRAV12-2*01,CASRPGLAGGRPEQYF,TRBV6-5*01,LLFGYPVHV,HLA-A*02:01,0.9987462162971497,0.015,0.49770626
CAVTTDSWGKLQF,TRAV12-2*01,CASRPGLAGGRPEQYF,TRBV6-5*01,LYFGYPVYV,HLA-A*02:01,0.30258530378341675,1.681,0.44875422
CAVTTDSWGKLQF,TRAV12-2*01,CASRPGLAGGRPEQYF,TRBV6-5*01,LLYGYPVYV,HLA-A*02:01,0.9985758066177368,0.02,0.4637479
CAVTTDSWGKLQF,TRAV12-2*01,CASRPGLAGGRPEQYF,TRBV6-5*01,LLFGYIVYV,HLA-A*02:01,0.9970798492431641,0.055,0.33147615
CAVTTDSWGKLQF,TRAV12-2*01,CASRPGLAGGRPEQYF,TRBV6-5*01,LLNGYPVYV,HLA-A*02:01,0.9005945920944214,0.291,0.5009038
CAVTTDSWGKLQF,TRAV12-2*01,CASRPGLAGGRPEQYF,TRBV6-5*01,LLFGYPVKV,HLA-A*02:01,0.9991024136543274,0.009,0.49051556
CAVTTDSWGKLQF,TRAV12-2*01,CASRPGLAGGRPEQYF,TRBV6-5*01,LKFGYPVYV,HLA-A*02:01,0.0020169357303529978,9.399,0.4586584
CAVTTDSWGKLQF,TRAV12-2*01,CASRPGLAGGRPEQYF,TRBV6-5*01,DLFGYPVYV,HLA-A*02:01,0.41993409395217896,1.126,0.46647963
CAVTTDSWGKLQF,TRAV12-2*01,CASRPGLAGGRPEQYF,TRBV6-5*01,LEFGYPVYV,HLA-A*02:01,0.0008359722560271621,10.826,0.4762953
CAVTTDSWGKLQF,TRAV12-2*01,CASRPGLAGGRPEQYF,TRBV6-5*01,LLFGYPVYQ,HLA-A*02:01,3.177739563398063e-05,17.774,0.47156635
CAVTTDSWGKLQF,TRAV12-2*01,CASRPGLAGGRPEQYF,TRBV6-5*01,LLFFYPVYV,HLA-A*02:01,0.8412299156188965,0.323,0.3932762
CAVTTDSWGKLQF,TRAV12-2*01,CASRPGLAGGRPEQYF,TRBV6-5*01,SLFGYPVYV,HLA-A*02:01,0.9997677803039551,0.0,0.46513748
CAVTTDSWGKLQF,TRAV12-2*01,CASRPGLAGGRPEQYF,TRBV6-5*01,WLFGYPVYV,HLA-A*02:01,0.9927197694778442,0.112,0.4750679
CAVTTDSWGKLQF,TRAV12-2*01,CASRPGLAGGRPEQYF,TRBV6-5*01,LMFGYPVYV,HLA-A*02:01,0.994671642780304,0.088,0.4438018
CAVTTDSWGKLQF,TRAV12-2*01,CASRPGLAGGRPEQYF,TRBV6-5*01,LLFGCPVYV,HLA-A*02:01,0.8807125091552734,0.306,0.503725
CAVTTDSWGKLQF,TRAV12-2*01,CASRPGLAGGRPEQYF,TRBV6-5*01,LLFGYPVSV,HLA-A*02:01,0.9989668726921082,0.012,0.5270268
CAVTTDSWGKLQF,TRAV12-2*01,CASRPGLAGGRPEQYF,TRBV6-5*01,LLFGIPVYV,HLA-A*02:01,0.9861916303634644,0.157,0.45187148
CAVTTDSWGKLQF,TRAV12-2*01,CASRPGLAGGRPEQYF,TRBV6-5*01,LLFGYPVWV,HLA-A*02:01,0.9747892618179321,0.199,0.48578262
CAVTTDSWGKLQF,TRAV12-2*01,CASRPGLAGGRPEQYF,TRBV6-5*01,LLFGYGVYV,HLA-A*02:01,0.6081279516220093,0.674,0.4133225
CAVTTDSWGKLQF,TRAV12-2*01,CASRPGLAGGRPEQYF,TRBV6-5*01,LLFAYPVYV,HLA-A*02:01,0.8249459266662598,0.339,0.44081098
CAVTTDSWGKLQF,TRAV12-2*01,CASRPGLAGGRPEQYF,TRBV6-5*01,NLFGYPVYV,HLA-A*02:01,0.9985707998275757,0.02,0.44787517
CAVTTDSWGKLQF,TRAV12-2*01,CASRPGLAGGRPEQYF,TRBV6-5*01,LLFGRPVYV,HLA-A*02:01,0.9995365142822266,0.001,0.5296935
CAVTTDSWGKLQF,TRAV12-2*01,CASRPGLAGGRPEQYF,TRBV6-5*01,LLFGDPVYV,HLA-A*02:01,0.9979835748672485,0.035,0.5198118
CAVTTDSWGKLQF,TRAV12-2*01,CASRPGLAGGRPEQYF,TRBV6-5*01,LLFGGPVYV,HLA-A*02:01,0.9991302490234375,0.009,0.55883425
CAVTTDSWGKLQF,TRAV12-2*01,CASRPGLAGGRPEQYF,TRBV6-5*01,LLFGYPVPV,HLA-A*02:01,0.6372126340866089,0.614,0.54869694
CAVTTDSWGKLQF,TRAV12-2*01,CASRPGLAGGRPEQYF,TRBV6-5*01,ALFGYPVYV,HLA-A*02:01,0.9997758865356445,0.0,0.4747486
CAVTTDSWGKLQF,TRAV12-2*01,CASRPGLAGGRPEQYF,TRBV6-5*01,ILFGYPVYV,HLA-A*02:01,0.9995104074478149,0.002,0.41248876
CAVTTDSWGKLQF,TRAV12-2*01,CASRPGLAGGRPEQYF,TRBV6-5*01,LLFGTPVYV,HLA-A*02:01,0.9987333416938782,0.016,0.5212182
CAVTTDSWGKLQF,TRAV12-2*01,CASRPGLAGGRPEQYF,TRBV6-5*01,LLHGYPVYV,HLA-A*02:01,0.9897140264511108,0.137,0.5300304
CAVTTDSWGKLQF,TRAV12-2*01,CASRPGLAGGRPEQYF,TRBV6-5*01,HLFGYPVYV,HLA-A*02:01,0.9995508193969727,0.001,0.47575745
CAVTTDSWGKLQF,TRAV12-2*01,CASRPGLAGGRPEQYF,TRBV6-5*01,LPFGYPVYV,HLA-A*02:01,5.053781933384016e-06,23.088,0.48673677
CAVTTDSWGKLQF,TRAV12-2*01,CASRPGLAGGRPEQYF,TRBV6-5*01,LLFGYPVYF,HLA-A*02:01,0.28009089827537537,1.758,0.40120253
CAVTTDSWGKLQF,TRAV12-2*01,CASRPGLAGGRPEQYF,TRBV6-5*01,LLWGYPVYV,HLA-A*02:01,0.9958481788635254,0.077,0.46947065
