CDR3a,CDR3a_V,CDR3b,CDR3b_V,Antigens,HLA alleles,Score_EL,Rank_EL,Score_pMHC-TCR
CAVDVGGSYIPTF,TRAV22*01,CASSLARQGSNEQYF,TRBV5-6*01,GRLKCLCQR,HLA-B*27:05,0.15839262306690216,3.212,0.3702787
CAVDVGGSYIPTF,TRAV22*01,CASSLARQGSNEQYF,TRBV5-6*01,GRLKNLCQR,HLA-B*27:05,0.6600905656814575,0.615,0.43267807
CAVDVGGSYIPTF,TRAV22*01,CASSLARQGSNEQYF,TRBV5-6*01,GRLKAYCQR,HLA-B*27:05,0.6970791816711426,0.586,0.4723379
CAVDVGGSYIPTF,TRAV22*01,CASSLARQGSNEQYF,TRBV5-6*01,GRLKALCQD,HLA-B*27:05,5.98940843588025e-08,44.027,0.5661911
CAVDVGGSYIPTF,TRAV22*01,CASSLARQGSNEQYF,TRBV5-6*01,GRLLALCQR,HLA-B*27:05,0.5048611164093018,0.829,0.5527014
CAVDVGGSYIPTF,TRAV22*01,CASSLARQGSNEQYF,TRBV5-6*01,GRLKALPQR,HLA-B*27:05,0.9975591897964478,0.053,0.62769306
CAVDVGGSYIPTF,TRAV22*01,CASSLARQGSNEQYF,TRBV5-6*01,GRLKAFCQR,HLA-B*27:05,0.9366661310195923,0.323,0.4575706
CAVDVGGSYIPTF,TRAV22*01,CASSLARQGSNEQYF,TRBV5-6*01,GRLKALCNR,HLA-B*27:05,0.7903645634651184,0.456,0.54229504
CAVDVGGSYIPTF,TRAV22*01,CASSLARQGSNEQYF,TRBV5-6*01,GKLKALCQR,HLA-B*27:05,3.025697026259877e-08,47.948,0.5825961
CAVDVGGSYIPTF,TRAV22*01,CASSLARQGSNEQYF,TRBV5-6*01,GRKKALCQR,HLA-B*27:05,0.0005059338873252273,11.603,0.5457927
CAVDVGGSYIPTF,TRAV22*01,CASSLARQGSNEQYF,TRBV5-6*01,GRLKALVQR,HLA-B*27:05,0.9992728233337402,0.009,0.6245763
CAVDVGGSYIPTF,TRAV22*01,CASSLARQGSNEQYF,TRBV5-6*01,GSLKALCQR,HLA-B*27:05,5.4533116781385615e-05,16.968,0.46870136
CAVDVGGSYIPTF,TRAV22*01,CASSLARQGSNEQYF,TRBV5-6*01,GRLKALCQC,HLA-B*27:05,0.003525244537740946,8.202,0.4567233
CAVDVGGSYIPTF,TRAV22*01,CASSLARQGSNEQYF,TRBV5-6*01,FRLKALCQR,HLA-B*27:05,0.20445337891578674,1.837,0.4218011
CAVDVGGSYIPTF,TRAV22*01,CASSLARQGSNEQYF,TRBV5-6*01,GRLKALCLR,HLA-B*27:05,0.7877993583679199,0.465,0.55738497
CAVDVGGSYIPTF,TRAV22*01,CASSLARQGSNEQYF,TRBV5-6*01,GNLKALCQR,HLA-B*27:05,2.0408205614330654e-07,38.311,0.477166
CAVDVGGSYIPTF,TRAV22*01,CASSLARQGSNEQYF,TRBV5-6*01,GRLKALLQR,HLA-B*27:05,0.9981458783149719,0.034,0.6340977
CAVDVGGSYIPTF,TRAV22*01,CASSLARQGSNEQYF,TRBV5-6*01,GRLMALCQR,HLA-B*27:05,0.11551256477832794,3.8,0.5390793
CAVDVGGSYIPTF,TRAV22*01,CASSLARQGSNEQYF,TRBV5-6*01,GRLKHLCQR,HLA-B*27:05,0.6261706948280334,0.65,0.42537746
CAVDVGGSYIPTF,TRAV22*01,CASSLARQGSNEQYF,TRBV5-6*01,GRLKWLCQR,HLA-B*27:05,0.8717562556266785,0.375,0.39391363
CAVDVGGSYIPTF,TRAV22*01,CASSLARQGSNEQYF,TRBV5-6*01,GRGKALCQR,HLA-B*27:05,0.005519433878362179,7.568,0.52647305
CAVDVGGSYIPTF,TRAV22*01,CASSLARQGSNEQYF,TRBV5-6*01,GRLKKLCQR,HLA-B*27:05,0.4164644181728363,0.964,0.5171871
CAVDVGGSYIPTF,TRAV22*01,CASSLARQGSNEQYF,TRBV5-6*01,GREKALCQR,HLA-B*27:05,0.019683126360177994,5.971,0.5726423
CAVDVGGSYIPTF,TRAV22*01,CASSLARQGSNEQYF,TRBV5-6*01,GRLKALNQR,HLA-B*27:05,0.9977434873580933,0.048,0.6009806
CAVDVGGSYIPTF,TRAV22*01,CASSLARQGSNEQYF,TRBV5-6*01,GRLKARCQR,HLA-B*27:05,0.0037234188057482243,8.126,0.5767249
CAVDVGGSYIPTF,TRAV22*01,CASSLARQGSNEQYF,TRBV5-6*01,GRLHALCQR,HLA-B*27:05,0.20277786254882812,1.869,0.52177554
CAVDVGGSYIPTF,TRAV22*01,CASSLARQGSNEQYF,TRBV5-6*01,GRLKALEQR,HLA-B*27:05,0.9963691830635071,0.086,0.69210196
CAVDVGGSYIPTF,TRAV22*01,CASSLARQGSNEQYF,TRBV5-6*01,GRLQALCQR,HLA-B*27:05,0.689378559589386,0.591,0.576177
CAVDVGGSYIPTF,TRAV22*01,CASSLARQGSNEQYF,TRBV5-6*01,PRLKALCQR,HLA-B*27:05,9.7721944314344e-08,41.806,0.5560987
CAVDVGGSYIPTF,TRAV22*01,CASSLARQGSNEQYF,TRBV5-6*01,GHLKALCQR,HLA-B*27:05,1.3039746704635036e-07,40.477,0.46419826
CAVDVGGSYIPTF,TRAV22*01,CASSLARQGSNEQYF,TRBV5-6*01,GRPKALCQR,HLA-B*27:05,1.2728482943202835e-05,21.437,0.5045168
CAVDVGGSYIPTF,TRAV22*01,CASSLARQGSNEQYF,TRBV5-6*01,GRLKALCQE,HLA-B*27:05,8.284867791807926e-10,56.439,0.6125145
CAVDVGGSYIPTF,TRAV22*01,CASSLARQGSNEQYF,TRBV5-6*01,GRLKALCQH,HLA-B*27:05,0.40063032507896423,1.003,0.5008706
CAVDVGGSYIPTF,TRAV22*01,CASSLARQGSNEQYF,TRBV5-6*01,GRLCALCQR,HLA-B*27:05,3.6161189598260535e-08,46.778,0.45256633
CAVDVGGSYIPTF,TRAV22*01,CASSLARQGSNEQYF,TRBV5-6*01,GRLKALCAR,HLA-B*27:05,0.7719729542732239,0.497,0.672434
CAVDVGGSYIPTF,TRAV22*01,CASSLARQGSNEQYF,TRBV5-6*01,GRLKALCQV,HLA-B*27:05,0.7991636991500854,0.436,0.49712768
CAVDVGGSYIPTF,TRAV22*01,CASSLARQGSNEQYF,TRBV5-6*01,GQLKALCQR,HLA-B*27:05,1.4520990134769818e-06,29.478,0.54618144
CAVDVGGSYIPTF,TRAV22*01,CASSLARQGSNEQYF,TRBV5-6*01,GRLKALWQR,HLA-B*27:05,0.9983169436454773,0.031,0.49693242
CAVDVGGSYIPTF,TRAV22*01,CASSLARQGSNEQYF,TRBV5-6*01,GRLKALCCR,HLA-B*27:05,0.3086952269077301,1.362,0.5226824
CAVDVGGSYIPTF,TRAV22*01,CASSLARQGSNEQYF,TRBV5-6*01,GRLKALCGR,HLA-B*27:05,0.784283459186554,0.473,0.62298924
CAVDVGGSYIPTF,TRAV22*01,CASSLARQGSNEQYF,TRBV5-6*01,GRWKALCQR,HLA-B*27:05,0.41831475496292114,0.96,0.48063463
CAVDVGGSYIPTF,TRAV22*01,CASSLARQGSNEQYF,TRBV5-6*01,GRLPALCQR,HLA-B*27:05,0.8840886354446411,0.367,0.5008306
CAVDVGGSYIPTF,TRAV22*01,CASSLARQGSNEQYF,TRBV5-6*01,GRLKAGCQR,HLA-B*27:05,0.44462695717811584,0.907,0.5883785
CAVDVGGSYIPTF,TRAV22*01,CASSLARQGSNEQYF,TRBV5-6*01,GELKALCQR,HLA-B*27:05,2.8093486648117505e-08,49.206,0.5932795
CAVDVGGSYIPTF,TRAV22*01,CASSLARQGSNEQYF,TRBV5-6*01,YRLKALCQR,HLA-B*27:05,0.2940899729728699,1.416,0.4164908
CAVDVGGSYIPTF,TRAV22*01,CASSLARQGSNEQYF,TRBV5-6*01,GRLKAKCQR,HLA-B*27:05,0.31621289253234863,1.337,0.58381915
CAVDVGGSYIPTF,TRAV22*01,CASSLARQGSNEQYF,TRBV5-6*01,RRLKALCQR,HLA-B*27:05,0.48346537351608276,0.861,0.59391403
CAVDVGGSYIPTF,TRAV22*01,CASSLARQGSNEQYF,TRBV5-6*01,WRLKALCQR,HLA-B*27:05,0.1533505767583847,3.289,0.44212207
CAVDVGGSYIPTF,TRAV22*01,CASSLARQGSNEQYF,TRBV5-6*01,GFLKALCQR,HLA-B*27:05,5.247828767096507e-07,33.955,0.4427426
CAVDVGGSYIPTF,TRAV22*01,CASSLARQGSNEQYF,TRBV5-6*01,GRLKALRQR,HLA-B*27:05,0.9953399896621704,0.114,0.65333486
CAVDVGGSYIPTF,TRAV22*01,CASSLARQGSNEQYF,TRBV5-6*01,GRLKALCQY,HLA-B*27:05,0.9928442239761353,0.161,0.40469623
CAVDVGGSYIPTF,TRAV22*01,CASSLARQGSNEQYF,TRBV5-6*01,GRLKALMQR,HLA-B*27:05,0.9976089596748352,0.052,0.63285065
CAVDVGGSYIPTF,TRAV22*01,CASSLARQGSNEQYF,TRBV5-6*01,GRLKALCQK,HLA-B*27:05,0.7386542558670044,0.545,0.58745277
CAVDVGGSYIPTF,TRAV22*01,CASSLARQGSNEQYF,TRBV5-6*01,IRLKALCQR,HLA-B*27:05,0.29968297481536865,1.394,0.41970167
CAVDVGGSYIPTF,TRAV22*01,CASSLARQGSNEQYF,TRBV5-6*01,GRLKFLCQR,HLA-B*27:05,0.6499365568161011,0.627,0.38279587
CAVDVGGSYIPTF,TRAV22*01,CASSLARQGSNEQYF,TRBV5-6*01,GRLKAQCQR,HLA-B*27:05,0.6145458221435547,0.658,0.5998973
CAVDVGGSYIPTF,TRAV22*01,CASSLARQGSNEQYF,TRBV5-6*01,GRLKALTQR,HLA-B*27:05,0.9984197616577148,0.027,0.6545236
CAVDVGGSYIPTF,TRAV22*01,CASSLARQGSNEQYF,TRBV5-6*01,GRLKALCYR,HLA-B*27:05,0.6162326335906982,0.657,0.4483025
CAVDVGGSYIPTF,TRAV22*01,CASSLARQGSNEQYF,TRBV5-6*01,GMLKALCQR,HLA-B*27:05,2.3634390000637495e-09,56.439,0.49137408
CAVDVGGSYIPTF,TRAV22*01,CASSLARQGSNEQYF,TRBV5-6*01,GRLAALCQR,HLA-B*27:05,0.7780364155769348,0.487,0.6004292
CAVDVGGSYIPTF,TRAV22*01,CASSLARQGSNEQYF,TRBV5-6*01,GRLKALFQR,HLA-B*27:05,0.9988223910331726,0.023,0.44652328
CAVDVGGSYIPTF,TRAV22*01,CASSLARQGSNEQYF,TRBV5-6*01,GRLKAMCQR,HLA-B*27:05,0.7053345441818237,0.576,0.5895392
CAVDVGGSYIPTF,TRAV22*01,CASSLARQGSNEQYF,TRBV5-6*01,GRLEALCQR,HLA-B*27:05,0.6489225625991821,0.628,0.62714064
CAVDVGGSYIPTF,TRAV22*01,CASSLARQGSNEQYF,TRBV5-6*01,GRLKMLCQR,HLA-B*27:05,0.5860430002212524,0.711,0.4619902
CAVDVGGSYIPTF,TRAV22*01,CASSLARQGSNEQYF,TRBV5-6*01,KRLKALCQR,HLA-B*27:05,0.3098483085632324,1.359,0.55580425
CAVDVGGSYIPTF,TRAV22*01,CASSLARQGSNEQYF,TRBV5-6*01,GTLKALCQR,HLA-B*27:05,0.003468423616141081,8.231,0.5142204
CAVDVGGSYIPTF,TRAV22*01,CASSLARQGSNEQYF,TRBV5-6*01,NRLKALCQR,HLA-B*27:05,0.20055274665355682,1.923,0.46866155
CAVDVGGSYIPTF,TRAV22*01,CASSLARQGSNEQYF,TRBV5-6*01,GRLKQLCQR,HLA-B*27:05,0.6500239968299866,0.627,0.51828915
CAVDVGGSYIPTF,TRAV22*01,CASSLARQGSNEQYF,TRBV5-6*01,GRLKTLCQR,HLA-B*27:05,0.7883419990539551,0.465,0.49406415
CAVDVGGSYIPTF,TRAV22*01,CASSLARQGSNEQYF,TRBV5-6*01,GRLKALCQS,HLA-B*27:05,6.29068566126989e-08,44.027,0.5623581
CAVDVGGSYIPTF,TRAV22*01,CASSLARQGSNEQYF,TRBV5-6*01,GRLKALCVR,HLA-B*27:05,0.7151727080345154,0.565,0.5426333
CAVDVGGSYIPTF,TRAV22*01,CASSLARQGSNEQYF,TRBV5-6*01,GRLKALCFR,HLA-B*27:05,0.6358780860900879,0.641,0.42394334
CAVDVGGSYIPTF,TRAV22*01,CASSLARQGSNEQYF,TRBV5-6*01,GRLWALCQR,HLA-B*27:05,0.7963265180587769,0.439,0.47028384
CAVDVGGSYIPTF,TRAV22*01,CASSLARQGSNEQYF,TRBV5-6*01,GGLKALCQR,HLA-B*27:05,3.1417846912518144e-05,18.605,0.5544197
CAVDVGGSYIPTF,TRAV22*01,CASSLARQGSNEQYF,TRBV5-6*01,GRFKALCQR,HLA-B*27:05,0.7272602915763855,0.557,0.46355924
CAVDVGGSYIPTF,TRAV22*01,CASSLARQGSNEQYF,TRBV5-6*01,GRLKSLCQR,HLA-B*27:05,0.7422820329666138,0.54,0.47239143
CAVDVGGSYIPTF,TRAV22*01,CASSLARQGSNEQYF,TRBV5-6*01,GRLKLLCQR,HLA-B*27:05,0.7162691354751587,0.564,0.4623428
CAVDVGGSYIPTF,TRAV22*01,CASSLARQGSNEQYF,TRBV5-6*01,GRLKALGQR,HLA-B*27:05,0.9921560287475586,0.171,0.70003474
CAVDVGGSYIPTF,TRAV22*01,CASSLARQGSNEQYF,TRBV5-6*01,GWLKALCQR,HLA-B*27:05,2.613669857964851e-05,19.176,0.45382565
CAVDVGGSYIPTF,TRAV22*01,CASSLARQGSNEQYF,TRBV5-6*01,GRAKALCQR,HLA-B*27:05,0.461904913187027,0.889,0.6071393
CAVDVGGSYIPTF,TRAV22*01,CASSLARQGSNEQYF,TRBV5-6*01,GPLKALCQR,HLA-B*27:05,2.3671339194342167e-11,56.439,0.540068
CAVDVGGSYIPTF,TRAV22*01,CASSLARQGSNEQYF,TRBV5-6*01,GRLKAVCQR,HLA-B*27:05,0.8122761845588684,0.42,0.5558632
CAVDVGGSYIPTF,TRAV22*01,CASSLARQGSNEQYF,TRBV5-6*01,GRLKELCQR,HLA-B*27:05,0.6499853730201721,0.627,0.5684462
CAVDVGGSYIPTF,TRAV22*01,CASSLARQGSNEQYF,TRBV5-6*01,GRLKALCQW,HLA-B*27:05,0.5970306396484375,0.686,0.40254155
CAVDVGGSYIPTF,TRAV22*01,CASSLARQGSNEQYF,TRBV5-6*01,SRLKALCQR,HLA-B*27:05,0.5609146356582642,0.755,0.52204496
CAVDVGGSYIPTF,TRAV22*01,CASSLARQGSNEQYF,TRBV5-6*01,GVLKALCQR,HLA-B*27:05,5.518166403817304e-07,33.774,0.53418744
CAVDVGGSYIPTF,TRAV22*01,CASSLARQGSNEQYF,TRBV5-6*01,GRLKALDQR,HLA-B*27:05,0.9924631118774414,0.168,0.6756178
CAVDVGGSYIPTF,TRAV22*01,CASSLARQGSNEQYF,TRBV5-6*01,GRLKILCQR,HLA-B*27:05,0.9537490606307983,0.3,0.41933507
CAVDVGGSYIPTF,TRAV22*01,CASSLARQGSNEQYF,TRBV5-6*01,GRLKALIQR,HLA-B*27:05,0.9992837905883789,0.009,0.5563514
CAVDVGGSYIPTF,TRAV22*01,CASSLARQGSNEQYF,TRBV5-6*01,GRLKACCQR,HLA-B*27:05,3.0358180538314627e-06,26.563,0.5022518
CAVDVGGSYIPTF,TRAV22*01,CASSLARQGSNEQYF,TRBV5-6*01,CRLKALCQR,HLA-B*27:05,3.865878994702143e-08,46.778,0.40737447
CAVDVGGSYIPTF,TRAV22*01,CASSLARQGSNEQYF,TRBV5-6*01,GRNKALCQR,HLA-B*27:05,0.43779176473617554,0.918,0.476829
CAVDVGGSYIPTF,TRAV22*01,CASSLARQGSNEQYF,TRBV5-6*01,GRLKALAQR,HLA-B*27:05,0.9984661340713501,0.027,0.7190178
CAVDVGGSYIPTF,TRAV22*01,CASSLARQGSNEQYF,TRBV5-6*01,GRCKALCQR,HLA-B*27:05,0.0061312527395784855,7.432,0.44520155
CAVDVGGSYIPTF,TRAV22*01,CASSLARQGSNEQYF,TRBV5-6*01,GRLKALCTR,HLA-B*27:05,0.7940870523452759,0.442,0.58462924
CAVDVGGSYIPTF,TRAV22*01,CASSLARQGSNEQYF,TRBV5-6*01,GRLKALCQI,HLA-B*27:05,0.994552493095398,0.133,0.43511662
CAVDVGGSYIPTF,TRAV22*01,CASSLARQGSNEQYF,TRBV5-6*01,QRLKALCQR,HLA-B*27:05,0.401005357503891,1.003,0.5520327
CAVDVGGSYIPTF,TRAV22*01,CASSLARQGSNEQYF,TRBV5-6*01,GRLYALCQR,HLA-B*27:05,0.5980237722396851,0.684,0.46028584
CAVDVGGSYIPTF,TRAV22*01,CASSLARQGSNEQYF,TRBV5-6*01,GRSKALCQR,HLA-B*27:05,0.2237364947795868,1.686,0.4693274
CAVDVGGSYIPTF,TRAV22*01,CASSLARQGSNEQYF,TRBV5-6*01,GRVKALCQR,HLA-B*27:05,0.5867880582809448,0.708,0.5959962
CAVDVGGSYIPTF,TRAV22*01,CASSLARQGSNEQYF,TRBV5-6*01,GRLKALCKR,HLA-B*27:05,0.7431150078773499,0.54,0.5718193
CAVDVGGSYIPTF,TRAV22*01,CASSLARQGSNEQYF,TRBV5-6*01,GRLKYLCQR,HLA-B*27:05,0.6569156050682068,0.618,0.38345098
CAVDVGGSYIPTF,TRAV22*01,CASSLARQGSNEQYF,TRBV5-6*01,GRLKALCQG,HLA-B*27:05,1.0810050810050598e-07,41.234,0.5952287
CAVDVGGSYIPTF,TRAV22*01,CASSLARQGSNEQYF,TRBV5-6*01,GRTKALCQR,HLA-B*27:05,0.5281151533126831,0.795,0.5099851
CAVDVGGSYIPTF,TRAV22*01,CASSLARQGSNEQYF,TRBV5-6*01,GRLKALCQN,HLA-B*27:05,6.19967920556519e-07,33.242,0.5260981
CAVDVGGSYIPTF,TRAV22*01,CASSLARQGSNEQYF,TRBV5-6*01,GRLTALCQR,HLA-B*27:05,0.42558830976486206,0.947,0.5460932
CAVDVGGSYIPTF,TRAV22*01,CASSLARQGSNEQYF,TRBV5-6*01,GRLVALCQR,HLA-B*27:05,0.3151952922344208,1.34,0.5352681
CAVDVGGSYIPTF,TRAV22*01,CASSLARQGSNEQYF,TRBV5-6*01,GRLKAECQR,HLA-B*27:05,0.0927315503358841,4.11,0.6411458
CAVDVGGSYIPTF,TRAV22*01,CASSLARQGSNEQYF,TRBV5-6*01,GRLKPLCQR,HLA-B*27:05,0.7714875936508179,0.5,0.47125477
CAVDVGGSYIPTF,TRAV22*01,CASSLARQGSNEQYF,TRBV5-6*01,GRLKALCDR,HLA-B*27:05,0.2826962471008301,1.445,0.6136124
CAVDVGGSYIPTF,TRAV22*01,CASSLARQGSNEQYF,TRBV5-6*01,GRLKALCHR,HLA-B*27:05,0.5808037519454956,0.723,0.51458204
CAVDVGGSYIPTF,TRAV22*01,CASSLARQGSNEQYF,TRBV5-6*01,GRLKALCQR,HLA-B*27:05,0.751617431640625,0.529,0.6030101
CAVDVGGSYIPTF,TRAV22*01,CASSLARQGSNEQYF,TRBV5-6*01,GDLKALCQR,HLA-B*27:05,6.507343641715124e-08,44.027,0.5287739
CAVDVGGSYIPTF,TRAV22*01,CASSLARQGSNEQYF,TRBV5-6*01,GRLKALCQT,HLA-B*27:05,0.0010131981689482927,10.288,0.5218718
CAVDVGGSYIPTF,TRAV22*01,CASSLARQGSNEQYF,TRBV5-6*01,GRQKALCQR,HLA-B*27:05,0.09172974526882172,4.126,0.53455913
CAVDVGGSYIPTF,TRAV22*01,CASSLARQGSNEQYF,TRBV5-6*01,GILKALCQR,HLA-B*27:05,4.962441568778786e-09,56.439,0.45559597
CAVDVGGSYIPTF,TRAV22*01,CASSLARQGSNEQYF,TRBV5-6*01,GLLKALCQR,HLA-B*27:05,2.711373126018657e-09,56.439,0.52959955
CAVDVGGSYIPTF,TRAV22*01,CASSLARQGSNEQYF,TRBV5-6*01,GRLDALCQR,HLA-B*27:05,0.9919188618659973,0.174,0.58994734
CAVDVGGSYIPTF,TRAV22*01,CASSLARQGSNEQYF,TRBV5-6*01,GRLGALCQR,HLA-B*27:05,0.9890826940536499,0.195,0.5520718
CAVDVGGSYIPTF,TRAV22*01,CASSLARQGSNEQYF,TRBV5-6*01,GRLKALKQR,HLA-B*27:05,0.9969627261161804,0.07,0.60171354
CAVDVGGSYIPTF,TRAV22*01,CASSLARQGSNEQYF,TRBV5-6*01,ARLKALCQR,HLA-B*27:05,0.5975748896598816,0.684,0.6075166
CAVDVGGSYIPTF,TRAV22*01,CASSLARQGSNEQYF,TRBV5-6*01,GRLKALCQF,HLA-B*27:05,0.9969903826713562,0.069,0.38518068
CAVDVGGSYIPTF,TRAV22*01,CASSLARQGSNEQYF,TRBV5-6*01,HRLKALCQR,HLA-B*27:05,0.4538976550102234,0.896,0.48916274
CAVDVGGSYIPTF,TRAV22*01,CASSLARQGSNEQYF,TRBV5-6*01,GRLKALCQP,HLA-B*27:05,8.815890595315068e-08,42.424,0.58255273
CAVDVGGSYIPTF,TRAV22*01,CASSLARQGSNEQYF,TRBV5-6*01,GRLKALCQQ,HLA-B*27:05,0.0023113898932933807,8.888,0.6089195
CAVDVGGSYIPTF,TRAV22*01,CASSLARQGSNEQYF,TRBV5-6*01,GRLKALSQR,HLA-B*27:05,0.9969373941421509,0.07,0.63866144
CAVDVGGSYIPTF,TRAV22*01,CASSLARQGSNEQYF,TRBV5-6*01,GRDKALCQR,HLA-B*27:05,0.6226160526275635,0.65,0.50963324
CAVDVGGSYIPTF,TRAV22*01,CASSLARQGSNEQYF,TRBV5-6*01,GRLFALCQR,HLA-B*27:05,0.6990209817886353,0.586,0.45617065
CAVDVGGSYIPTF,TRAV22*01,CASSLARQGSNEQYF,TRBV5-6*01,GRLKDLCQR,HLA-B*27:05,0.7626625299453735,0.512,0.49584094
CAVDVGGSYIPTF,TRAV22*01,CASSLARQGSNEQYF,TRBV5-6*01,GRLKAACQR,HLA-B*27:05,0.34494203329086304,1.256,0.6444144
CAVDVGGSYIPTF,TRAV22*01,CASSLARQGSNEQYF,TRBV5-6*01,TRLKALCQR,HLA-B*27:05,0.29263895750045776,1.42,0.5010067
CAVDVGGSYIPTF,TRAV22*01,CASSLARQGSNEQYF,TRBV5-6*01,GRLKALYQR,HLA-B*27:05,0.9984018206596375,0.028,0.49883455
CAVDVGGSYIPTF,TRAV22*01,CASSLARQGSNEQYF,TRBV5-6*01,GRLKALCPR,HLA-B*27:05,0.4285990297794342,0.937,0.56846017
CAVDVGGSYIPTF,TRAV22*01,CASSLARQGSNEQYF,TRBV5-6*01,GRLKATCQR,HLA-B*27:05,0.5040441155433655,0.832,0.54749334
CAVDVGGSYIPTF,TRAV22*01,CASSLARQGSNEQYF,TRBV5-6*01,GRYKALCQR,HLA-B*27:05,0.561095118522644,0.753,0.45550555
CAVDVGGSYIPTF,TRAV22*01,CASSLARQGSNEQYF,TRBV5-6*01,GRMKALCQR,HLA-B*27:05,0.6531651616096497,0.622,0.5513607
CAVDVGGSYIPTF,TRAV22*01,CASSLARQGSNEQYF,TRBV5-6*01,GCLKALCQR,HLA-B*27:05,2.441382057453978e-13,56.439,0.4450988
CAVDVGGSYIPTF,TRAV22*01,CASSLARQGSNEQYF,TRBV5-6*01,GYLKALCQR,HLA-B*27:05,0.003116943873465061,8.409,0.4457466
CAVDVGGSYIPTF,TRAV22*01,CASSLARQGSNEQYF,TRBV5-6*01,GRLIALCQR,HLA-B*27:05,0.43723830580711365,0.919,0.486169
CAVDVGGSYIPTF,TRAV22*01,CASSLARQGSNEQYF,TRBV5-6*01,GRLKANCQR,HLA-B*27:05,0.4247113764286041,0.95,0.51157707
CAVDVGGSYIPTF,TRAV22*01,CASSLARQGSNEQYF,TRBV5-6*01,GRHKALCQR,HLA-B*27:05,0.40895071625709534,0.978,0.47257632
CAVDVGGSYIPTF,TRAV22*01,CASSLARQGSNEQYF,TRBV5-6*01,GRLSALCQR,HLA-B*27:05,0.9359080195426941,0.325,0.5023726
CAVDVGGSYIPTF,TRAV22*01,CASSLARQGSNEQYF,TRBV5-6*01,GRLKALCQL,HLA-B*27:05,0.9974404573440552,0.058,0.49429402
CAVDVGGSYIPTF,TRAV22*01,CASSLARQGSNEQYF,TRBV5-6*01,GRLKALCQM,HLA-B*27:05,0.9954946637153625,0.112,0.49489945
CAVDVGGSYIPTF,TRAV22*01,CASSLARQGSNEQYF,TRBV5-6*01,GRLKASCQR,HLA-B*27:05,0.30153006315231323,1.387,0.53079164
CAVDVGGSYIPTF,TRAV22*01,CASSLARQGSNEQYF,TRBV5-6*01,GRLKALCMR,HLA-B*27:05,0.6415619254112244,0.636,0.5475565
CAVDVGGSYIPTF,TRAV22*01,CASSLARQGSNEQYF,TRBV5-6*01,GRLNALCQR,HLA-B*27:05,0.5929372906684875,0.691,0.5309959
CAVDVGGSYIPTF,TRAV22*01,CASSLARQGSNEQYF,TRBV5-6*01,GRLKADCQR,HLA-B*27:05,0.37061816453933716,1.161,0.5854226
CAVDVGGSYIPTF,TRAV22*01,CASSLARQGSNEQYF,TRBV5-6*01,VRLKALCQR,HLA-B*27:05,0.2090795338153839,1.799,0.48983002
CAVDVGGSYIPTF,TRAV22*01,CASSLARQGSNEQYF,TRBV5-6*01,GRLKGLCQR,HLA-B*27:05,0.7114447355270386,0.568,0.5394641
CAVDVGGSYIPTF,TRAV22*01,CASSLARQGSNEQYF,TRBV5-6*01,GRLKALCRR,HLA-B*27:05,0.5822035074234009,0.719,0.5807998
CAVDVGGSYIPTF,TRAV22*01,CASSLARQGSNEQYF,TRBV5-6*01,GRLKALCIR,HLA-B*27:05,0.5375327467918396,0.783,0.4819432
CAVDVGGSYIPTF,TRAV22*01,CASSLARQGSNEQYF,TRBV5-6*01,GRLKALQQR,HLA-B*27:05,0.995993971824646,0.095,0.66681236
CAVDVGGSYIPTF,TRAV22*01,CASSLARQGSNEQYF,TRBV5-6*01,GRLKALCER,HLA-B*27:05,0.5859566926956177,0.711,0.6454922
CAVDVGGSYIPTF,TRAV22*01,CASSLARQGSNEQYF,TRBV5-6*01,GRLKALCQA,HLA-B*27:05,0.19989368319511414,2.008,0.6190545
CAVDVGGSYIPTF,TRAV22*01,CASSLARQGSNEQYF,TRBV5-6*01,GRRKALCQR,HLA-B*27:05,1.7243568208868965e-06,28.792,0.5592329
CAVDVGGSYIPTF,TRAV22*01,CASSLARQGSNEQYF,TRBV5-6*01,GRLKAHCQR,HLA-B*27:05,0.3733404278755188,1.152,0.4890379
CAVDVGGSYIPTF,TRAV22*01,CASSLARQGSNEQYF,TRBV5-6*01,GRLKAWCQR,HLA-B*27:05,0.34304922819137573,1.259,0.46992025
CAVDVGGSYIPTF,TRAV22*01,CASSLARQGSNEQYF,TRBV5-6*01,GRLKRLCQR,HLA-B*27:05,0.16590262949466705,3.118,0.51495117
CAVDVGGSYIPTF,TRAV22*01,CASSLARQGSNEQYF,TRBV5-6*01,GRLKALCSR,HLA-B*27:05,0.7891594767570496,0.463,0.5795518
CAVDVGGSYIPTF,TRAV22*01,CASSLARQGSNEQYF,TRBV5-6*01,GRLKALCWR,HLA-B*27:05,0.5843652486801147,0.713,0.4494649
CAVDVGGSYIPTF,TRAV22*01,CASSLARQGSNEQYF,TRBV5-6*01,GRLKAICQR,HLA-B*27:05,0.8799359202384949,0.37,0.52353776
CAVDVGGSYIPTF,TRAV22*01,CASSLARQGSNEQYF,TRBV5-6*01,ERLKALCQR,HLA-B*27:05,0.1987481415271759,2.164,0.5873896
CAVDVGGSYIPTF,TRAV22*01,CASSLARQGSNEQYF,TRBV5-6*01,GRLKALHQR,HLA-B*27:05,0.9984809160232544,0.027,0.60173655
CAVDVGGSYIPTF,TRAV22*01,CASSLARQGSNEQYF,TRBV5-6*01,LRLKALCQR,HLA-B*27:05,0.2008328139781952,1.916,0.5095099
CAVDVGGSYIPTF,TRAV22*01,CASSLARQGSNEQYF,TRBV5-6*01,GALKALCQR,HLA-B*27:05,6.392332885241103e-09,54.461,0.5864775
CAVDVGGSYIPTF,TRAV22*01,CASSLARQGSNEQYF,TRBV5-6*01,GRLRALCQR,HLA-B*27:05,0.5024576187133789,0.834,0.5965029
CAVDVGGSYIPTF,TRAV22*01,CASSLARQGSNEQYF,TRBV5-6*01,DRLKALCQR,HLA-B*27:05,0.0003227831039112061,12.508,0.5511565
CAVDVGGSYIPTF,TRAV22*01,CASSLARQGSNEQYF,TRBV5-6*01,GRLKAPCQR,HLA-B*27:05,0.5372711420059204,0.783,0.48145524
CAVDVGGSYIPTF,TRAV22*01,CASSLARQGSNEQYF,TRBV5-6*01,GRLKVLCQR,HLA-B*27:05,0.7910012006759644,0.453,0.4793509
CAVDVGGSYIPTF,TRAV22*01,CASSLARQGSNEQYF,TRBV5-6*01,GRIKALCQR,HLA-B*27:05,0.8551653027534485,0.389,0.55346555
CAVDVGGSYIPTF,TRAV22*01,CASSLARQGSNEQYF,TRBV5-6*01,MRLKALCQR,HLA-B*27:05,0.2928525507450104,1.419,0.43907443
