CDR3a,CDR3a_V,CDR3b,CDR3b_V,Antigens,HLA alleles,Score_EL,Rank_EL,Score_pMHC-TCR
CAVRGAHDYALN,TRAV12-2*02,CASSDTVSYEQYF,TRBV5-6*01,SLYNNVATL,HLA-A*02:01,0.9969644546508789,0.056,0.5597491
CAVRGAHDYALN,TRAV12-2*02,CASSDTVSYEQYF,TRBV5-6*01,SLFNTVATL,HLA-A*02:01,0.9968900680541992,0.057,0.561047
CAVRGAHDYALN,TRAV12-2*02,CASSDTVSYEQYF,TRBV5-6*01,SLYNTVAHL,HLA-A*02:01,0.997372031211853,0.049,0.51492995
CAVRGAHDYALN,TRAV12-2*02,CASSDTVSYEQYF,TRBV5-6*01,SLYNTVASL,HLA-A*02:01,0.8119434118270874,0.353,0.5921921
CAVRGAHDYALN,TRAV12-2*02,CASSDTVSYEQYF,TRBV5-6*01,SLYNTVTTL,HLA-A*02:01,0.993364691734314,0.107,0.5325446
CAVRGAHDYALN,TRAV12-2*02,CASSDTVSYEQYF,TRBV5-6*01,YLYNTVATL,HLA-A*02:01,0.9966996908187866,0.064,0.5128226
CAVRGAHDYALN,TRAV12-2*02,CASSDTVSYEQYF,TRBV5-6*01,SLYNTVATM,HLA-A*02:01,0.4534645676612854,1.059,0.5608449
CAVRGAHDYALN,TRAV12-2*02,CASSDTVSYEQYF,TRBV5-6*01,SAYNTVATL,HLA-A*02:01,0.3559834361076355,1.465,0.59168684
CAVRGAHDYALN,TRAV12-2*02,CASSDTVSYEQYF,TRBV5-6*01,SLYNTVATE,HLA-A*02:01,0.005369129590690136,8.08,0.56579566
CAVRGAHDYALN,TRAV12-2*02,CASSDTVSYEQYF,TRBV5-6*01,SLYATVATL,HLA-A*02:01,0.9927595257759094,0.112,0.6447702
CAVRGAHDYALN,TRAV12-2*02,CASSDTVSYEQYF,TRBV5-6*01,SLYNTVVTL,HLA-A*02:01,0.9975649118423462,0.043,0.4993063
CAVRGAHDYALN,TRAV12-2*02,CASSDTVSYEQYF,TRBV5-6*01,SLYNTVRTL,HLA-A*02:01,0.621863842010498,0.641,0.5358198
CAVRGAHDYALN,TRAV12-2*02,CASSDTVSYEQYF,TRBV5-6*01,SLYNEVATL,HLA-A*02:01,0.9976283311843872,0.042,0.59438527
CAVRGAHDYALN,TRAV12-2*02,CASSDTVSYEQYF,TRBV5-6*01,SLYNRVATL,HLA-A*02:01,0.9400180578231812,0.252,0.5907402
CAVRGAHDYALN,TRAV12-2*02,CASSDTVSYEQYF,TRBV5-6*01,SLYNTVATQ,HLA-A*02:01,0.04230489209294319,5.538,0.5781662
CAVRGAHDYALN,TRAV12-2*02,CASSDTVSYEQYF,TRBV5-6*01,SLYETVATL,HLA-A*02:01,0.9977411031723022,0.041,0.602619
CAVRGAHDYALN,TRAV12-2*02,CASSDTVSYEQYF,TRBV5-6*01,SLYITVATL,HLA-A*02:01,0.3657096028327942,1.418,0.5431443
CAVRGAHDYALN,TRAV12-2*02,CASSDTVSYEQYF,TRBV5-6*01,SLYWTVATL,HLA-A*02:01,0.5060855746269226,0.938,0.5659509
CAVRGAHDYALN,TRAV12-2*02,CASSDTVSYEQYF,TRBV5-6*01,SLYNTGATL,HLA-A*02:01,0.5881639122962952,0.736,0.607436
CAVRGAHDYALN,TRAV12-2*02,CASSDTVSYEQYF,TRBV5-6*01,SVYNTVATL,HLA-A*02:01,0.1733279675245285,3.369,0.5630971
CAVRGAHDYALN,TRAV12-2*02,CASSDTVSYEQYF,TRBV5-6*01,SLLNTVATL,HLA-A*02:01,0.998548150062561,0.02,0.6587803
CAVRGAHDYALN,TRAV12-2*02,CASSDTVSYEQYF,TRBV5-6*01,SLYNTHATL,HLA-A*02:01,0.7962427139282227,0.378,0.51913244
CAVRGAHDYALN,TRAV12-2*02,CASSDTVSYEQYF,TRBV5-6*01,SLVNTVATL,HLA-A*02:01,0.9934005737304688,0.106,0.65283304
CAVRGAHDYALN,TRAV12-2*02,CASSDTVSYEQYF,TRBV5-6*01,SLYNSVATL,HLA-A*02:01,0.9786859750747681,0.191,0.5796285
CAVRGAHDYALN,TRAV12-2*02,CASSDTVSYEQYF,TRBV5-6*01,SLYNTVAAL,HLA-A*02:01,0.9897168278694153,0.137,0.64066094
CAVRGAHDYALN,TRAV12-2*02,CASSDTVSYEQYF,TRBV5-6*01,SLYNTAATL,HLA-A*02:01,0.5770921111106873,0.779,0.6295215
CAVRGAHDYALN,TRAV12-2*02,CASSDTVSYEQYF,TRBV5-6*01,PLYNTVATL,HLA-A*02:01,0.002138508716598153,9.316,0.60146654
CAVRGAHDYALN,TRAV12-2*02,CASSDTVSYEQYF,TRBV5-6*01,SLENTVATL,HLA-A*02:01,0.7744846343994141,0.44,0.65705204
CAVRGAHDYALN,TRAV12-2*02,CASSDTVSYEQYF,TRBV5-6*01,DLYNTVATL,HLA-A*02:01,0.09314653277397156,4.55,0.58172464
CAVRGAHDYALN,TRAV12-2*02,CASSDTVSYEQYF,TRBV5-6*01,SLYNTVMTL,HLA-A*02:01,0.9960104823112488,0.074,0.4972667
CAVRGAHDYALN,TRAV12-2*02,CASSDTVSYEQYF,TRBV5-6*01,SLYNTLATL,HLA-A*02:01,0.7710169553756714,0.446,0.5867897
CAVRGAHDYALN,TRAV12-2*02,CASSDTVSYEQYF,TRBV5-6*01,SSYNTVATL,HLA-A*02:01,2.1480634586623637e-06,25.948,0.541592
CAVRGAHDYALN,TRAV12-2*02,CASSDTVSYEQYF,TRBV5-6*01,SLYNTVARL,HLA-A*02:01,0.9959633946418762,0.075,0.57905275
CAVRGAHDYALN,TRAV12-2*02,CASSDTVSYEQYF,TRBV5-6*01,NLYNTVATL,HLA-A*02:01,0.7777053713798523,0.435,0.54017854
CAVRGAHDYALN,TRAV12-2*02,CASSDTVSYEQYF,TRBV5-6*01,SLYNTVAGL,HLA-A*02:01,0.9536031484603882,0.232,0.6396254
CAVRGAHDYALN,TRAV12-2*02,CASSDTVSYEQYF,TRBV5-6*01,SLYNTVATL,HLA-A*02:01,0.985397219657898,0.16,0.5744028
CAVRGAHDYALN,TRAV12-2*02,CASSDTVSYEQYF,TRBV5-6*01,SLYVTVATL,HLA-A*02:01,0.33747246861457825,1.538,0.5825349
CAVRGAHDYALN,TRAV12-2*02,CASSDTVSYEQYF,TRBV5-6*01,SLYNTPATL,HLA-A*02:01,0.9931966066360474,0.109,0.576548
CAVRGAHDYALN,TRAV12-2*02,CASSDTVSYEQYF,TRBV5-6*01,SLYNTVATD,HLA-A*02:01,0.0024508503265678883,9.137,0.5592984
CAVRGAHDYALN,TRAV12-2*02,CASSDTVSYEQYF,TRBV5-6*01,SLYNTVAWL,HLA-A*02:01,0.8776727914810181,0.307,0.5009143
CAVRGAHDYALN,TRAV12-2*02,CASSDTVSYEQYF,TRBV5-6*01,SLYNTVATA,HLA-A*02:01,0.9475046992301941,0.242,0.61798656
CAVRGAHDYALN,TRAV12-2*02,CASSDTVSYEQYF,TRBV5-6*01,STYNTVATL,HLA-A*02:01,0.012052697129547596,7.025,0.543826
CAVRGAHDYALN,TRAV12-2*02,CASSDTVSYEQYF,TRBV5-6*01,SLSNTVATL,HLA-A*02:01,0.9554392695426941,0.232,0.62095845
CAVRGAHDYALN,TRAV12-2*02,CASSDTVSYEQYF,TRBV5-6*01,SGYNTVATL,HLA-A*02:01,2.866119939426426e-05,18.057,0.58278334
CAVRGAHDYALN,TRAV12-2*02,CASSDTVSYEQYF,TRBV5-6*01,SLYNTVDTL,HLA-A*02:01,0.9918776750564575,0.123,0.5265357
CAVRGAHDYALN,TRAV12-2*02,CASSDTVSYEQYF,TRBV5-6*01,SLYNYVATL,HLA-A*02:01,0.9967926144599915,0.059,0.4948743
CAVRGAHDYALN,TRAV12-2*02,CASSDTVSYEQYF,TRBV5-6*01,SLYNTVAPL,HLA-A*02:01,0.7753617167472839,0.44,0.57148904
CAVRGAHDYALN,TRAV12-2*02,CASSDTVSYEQYF,TRBV5-6*01,WLYNTVATL,HLA-A*02:01,0.5909892916679382,0.728,0.5505947
CAVRGAHDYALN,TRAV12-2*02,CASSDTVSYEQYF,TRBV5-6*01,SLYGTVATL,HLA-A*02:01,0.9963880777359009,0.068,0.6443958
CAVRGAHDYALN,TRAV12-2*02,CASSDTVSYEQYF,TRBV5-6*01,SLRNTVATL,HLA-A*02:01,0.6563364863395691,0.586,0.64830387
CAVRGAHDYALN,TRAV12-2*02,CASSDTVSYEQYF,TRBV5-6*01,SLYNTVATS,HLA-A*02:01,0.0022073930595070124,9.268,0.58653253
CAVRGAHDYALN,TRAV12-2*02,CASSDTVSYEQYF,TRBV5-6*01,SLYNTVWTL,HLA-A*02:01,0.998353123664856,0.025,0.4865253
CAVRGAHDYALN,TRAV12-2*02,CASSDTVSYEQYF,TRBV5-6*01,SHYNTVATL,HLA-A*02:01,0.004005332011729479,8.463,0.4979972
CAVRGAHDYALN,TRAV12-2*02,CASSDTVSYEQYF,TRBV5-6*01,SRYNTVATL,HLA-A*02:01,0.009288650006055832,7.402,0.5434666
CAVRGAHDYALN,TRAV12-2*02,CASSDTVSYEQYF,TRBV5-6*01,SLKNTVATL,HLA-A*02:01,0.7030221223831177,0.541,0.643354
CAVRGAHDYALN,TRAV12-2*02,CASSDTVSYEQYF,TRBV5-6*01,SLYNHVATL,HLA-A*02:01,0.9975395202636719,0.043,0.53402865
CAVRGAHDYALN,TRAV12-2*02,CASSDTVSYEQYF,TRBV5-6*01,SLYNAVATL,HLA-A*02:01,0.9946008920669556,0.09,0.6410116
CAVRGAHDYALN,TRAV12-2*02,CASSDTVSYEQYF,TRBV5-6*01,SLYNGVATL,HLA-A*02:01,0.9980249404907227,0.033,0.64192766
CAVRGAHDYALN,TRAV12-2*02,CASSDTVSYEQYF,TRBV5-6*01,SWYNTVATL,HLA-A*02:01,6.017013220116496e-06,22.57,0.53560823
CAVRGAHDYALN,TRAV12-2*02,CASSDTVSYEQYF,TRBV5-6*01,SLYNDVATL,HLA-A*02:01,0.9976227879524231,0.042,0.5737054
CAVRGAHDYALN,TRAV12-2*02,CASSDTVSYEQYF,TRBV5-6*01,SLYNTDATL,HLA-A*02:01,0.8665666580200195,0.31,0.54385185
CAVRGAHDYALN,TRAV12-2*02,CASSDTVSYEQYF,TRBV5-6*01,VLYNTVATL,HLA-A*02:01,0.8075116276741028,0.36,0.56177443
CAVRGAHDYALN,TRAV12-2*02,CASSDTVSYEQYF,TRBV5-6*01,SLYNWVATL,HLA-A*02:01,0.996345043182373,0.068,0.4980538
CAVRGAHDYALN,TRAV12-2*02,CASSDTVSYEQYF,TRBV5-6*01,SPYNTVATL,HLA-A*02:01,0.4517890512943268,1.062,0.5473032
CAVRGAHDYALN,TRAV12-2*02,CASSDTVSYEQYF,TRBV5-6*01,SLYNTWATL,HLA-A*02:01,0.4142938256263733,1.145,0.52754766
CAVRGAHDYALN,TRAV12-2*02,CASSDTVSYEQYF,TRBV5-6*01,SLYNTVETL,HLA-A*02:01,0.998391330242157,0.025,0.53165036
CAVRGAHDYALN,TRAV12-2*02,CASSDTVSYEQYF,TRBV5-6*01,SLYNTTATL,HLA-A*02:01,0.9255140423774719,0.268,0.56833375
CAVRGAHDYALN,TRAV12-2*02,CASSDTVSYEQYF,TRBV5-6*01,SLYNTVNTL,HLA-A*02:01,0.9743169546127319,0.201,0.5124813
CAVRGAHDYALN,TRAV12-2*02,CASSDTVSYEQYF,TRBV5-6*01,SLYNFVATL,HLA-A*02:01,0.9976738095283508,0.041,0.4726468
CAVRGAHDYALN,TRAV12-2*02,CASSDTVSYEQYF,TRBV5-6*01,SLYRTVATL,HLA-A*02:01,0.8370206952095032,0.329,0.58878607
CAVRGAHDYALN,TRAV12-2*02,CASSDTVSYEQYF,TRBV5-6*01,SFYNTVATL,HLA-A*02:01,6.779781074328639e-07,30.203,0.524492
CAVRGAHDYALN,TRAV12-2*02,CASSDTVSYEQYF,TRBV5-6*01,SLYNTVAIL,HLA-A*02:01,0.7804388999938965,0.427,0.4903625
CAVRGAHDYALN,TRAV12-2*02,CASSDTVSYEQYF,TRBV5-6*01,SLYNTVAML,HLA-A*02:01,0.9596538543701172,0.227,0.54183984
CAVRGAHDYALN,TRAV12-2*02,CASSDTVSYEQYF,TRBV5-6*01,SLYNTVATT,HLA-A*02:01,0.30826979875564575,1.655,0.58425534
CAVRGAHDYALN,TRAV12-2*02,CASSDTVSYEQYF,TRBV5-6*01,SLYNTVATH,HLA-A*02:01,0.059235118329524994,5.141,0.55477476
CAVRGAHDYALN,TRAV12-2*02,CASSDTVSYEQYF,TRBV5-6*01,SLYNTEATL,HLA-A*02:01,0.9866142272949219,0.156,0.5525116
CAVRGAHDYALN,TRAV12-2*02,CASSDTVSYEQYF,TRBV5-6*01,SLYNTVAFL,HLA-A*02:01,0.9961999654769897,0.069,0.4669517
CAVRGAHDYALN,TRAV12-2*02,CASSDTVSYEQYF,TRBV5-6*01,SLYNTVLTL,HLA-A*02:01,0.9950054287910461,0.086,0.49500704
CAVRGAHDYALN,TRAV12-2*02,CASSDTVSYEQYF,TRBV5-6*01,SLYSTVATL,HLA-A*02:01,0.9822320938110352,0.173,0.5857778
CAVRGAHDYALN,TRAV12-2*02,CASSDTVSYEQYF,TRBV5-6*01,SLYNVVATL,HLA-A*02:01,0.9957780838012695,0.078,0.55308425
CAVRGAHDYALN,TRAV12-2*02,CASSDTVSYEQYF,TRBV5-6*01,SLYNTVAKL,HLA-A*02:01,0.9978705644607544,0.038,0.5610319
CAVRGAHDYALN,TRAV12-2*02,CASSDTVSYEQYF,TRBV5-6*01,GLYNTVATL,HLA-A*02:01,0.9869539141654968,0.153,0.620381
CAVRGAHDYALN,TRAV12-2*02,CASSDTVSYEQYF,TRBV5-6*01,SLYNTYATL,HLA-A*02:01,0.41653507947921753,1.139,0.49996218
CAVRGAHDYALN,TRAV12-2*02,CASSDTVSYEQYF,TRBV5-6*01,SLPNTVATL,HLA-A*02:01,0.7883515357971191,0.41,0.6206497
CAVRGAHDYALN,TRAV12-2*02,CASSDTVSYEQYF,TRBV5-6*01,SLANTVATL,HLA-A*02:01,0.995614230632782,0.081,0.6926675
CAVRGAHDYALN,TRAV12-2*02,CASSDTVSYEQYF,TRBV5-6*01,SLYPTVATL,HLA-A*02:01,0.9968248605728149,0.059,0.5919832
CAVRGAHDYALN,TRAV12-2*02,CASSDTVSYEQYF,TRBV5-6*01,SLWNTVATL,HLA-A*02:01,0.9968670606613159,0.057,0.61124724
CAVRGAHDYALN,TRAV12-2*02,CASSDTVSYEQYF,TRBV5-6*01,LLYNTVATL,HLA-A*02:01,0.7586402893066406,0.461,0.5712746
CAVRGAHDYALN,TRAV12-2*02,CASSDTVSYEQYF,TRBV5-6*01,SLYNTVATK,HLA-A*02:01,0.05479586124420166,5.237,0.53649426
CAVRGAHDYALN,TRAV12-2*02,CASSDTVSYEQYF,TRBV5-6*01,ALYNTVATL,HLA-A*02:01,0.9932318925857544,0.108,0.64018095
CAVRGAHDYALN,TRAV12-2*02,CASSDTVSYEQYF,TRBV5-6*01,ELYNTVATL,HLA-A*02:01,0.03635280206799507,5.725,0.60513437
CAVRGAHDYALN,TRAV12-2*02,CASSDTVSYEQYF,TRBV5-6*01,SLYNTVAYL,HLA-A*02:01,0.9964269399642944,0.068,0.47285232
CAVRGAHDYALN,TRAV12-2*02,CASSDTVSYEQYF,TRBV5-6*01,SLDNTVATL,HLA-A*02:01,0.9929370880126953,0.111,0.6401576
CAVRGAHDYALN,TRAV12-2*02,CASSDTVSYEQYF,TRBV5-6*01,SLYNTVSTL,HLA-A*02:01,0.7567847967147827,0.463,0.5339215
CAVRGAHDYALN,TRAV12-2*02,CASSDTVSYEQYF,TRBV5-6*01,SLYNTVANL,HLA-A*02:01,0.9272156953811646,0.268,0.5385386
CAVRGAHDYALN,TRAV12-2*02,CASSDTVSYEQYF,TRBV5-6*01,SLYNTRATL,HLA-A*02:01,0.5744629502296448,0.784,0.56461513
CAVRGAHDYALN,TRAV12-2*02,CASSDTVSYEQYF,TRBV5-6*01,SLYNQVATL,HLA-A*02:01,0.9964773058891296,0.068,0.5803982
CAVRGAHDYALN,TRAV12-2*02,CASSDTVSYEQYF,TRBV5-6*01,SLYNTVAEL,HLA-A*02:01,0.9972966909408569,0.049,0.5671277
CAVRGAHDYALN,TRAV12-2*02,CASSDTVSYEQYF,TRBV5-6*01,SLYNKVATL,HLA-A*02:01,0.9974676966667175,0.045,0.572898
CAVRGAHDYALN,TRAV12-2*02,CASSDTVSYEQYF,TRBV5-6*01,SLYNTSATL,HLA-A*02:01,0.6933350563049316,0.556,0.5523649
CAVRGAHDYALN,TRAV12-2*02,CASSDTVSYEQYF,TRBV5-6*01,SLYNTVQTL,HLA-A*02:01,0.9973929524421692,0.046,0.5295292
CAVRGAHDYALN,TRAV12-2*02,CASSDTVSYEQYF,TRBV5-6*01,SYYNTVATL,HLA-A*02:01,0.026803135871887207,6.083,0.48175603
CAVRGAHDYALN,TRAV12-2*02,CASSDTVSYEQYF,TRBV5-6*01,SLINTVATL,HLA-A*02:01,0.9979453086853027,0.038,0.60744035
CAVRGAHDYALN,TRAV12-2*02,CASSDTVSYEQYF,TRBV5-6*01,SLYNLVATL,HLA-A*02:01,0.9812434315681458,0.176,0.5524681
CAVRGAHDYALN,TRAV12-2*02,CASSDTVSYEQYF,TRBV5-6*01,SLYNTVATY,HLA-A*02:01,0.015778791159391403,6.701,0.5029364
CAVRGAHDYALN,TRAV12-2*02,CASSDTVSYEQYF,TRBV5-6*01,SLYNTVALL,HLA-A*02:01,0.8275569677352905,0.338,0.54234856
CAVRGAHDYALN,TRAV12-2*02,CASSDTVSYEQYF,TRBV5-6*01,ILYNTVATL,HLA-A*02:01,0.8884148597717285,0.301,0.5286816
CAVRGAHDYALN,TRAV12-2*02,CASSDTVSYEQYF,TRBV5-6*01,SLYNTVFTL,HLA-A*02:01,0.998562216758728,0.02,0.4233059
CAVRGAHDYALN,TRAV12-2*02,CASSDTVSYEQYF,TRBV5-6*01,SLYDTVATL,HLA-A*02:01,0.9952758550643921,0.084,0.59867036
CAVRGAHDYALN,TRAV12-2*02,CASSDTVSYEQYF,TRBV5-6*01,RLYNTVATL,HLA-A*02:01,0.8448857069015503,0.322,0.6034039
CAVRGAHDYALN,TRAV12-2*02,CASSDTVSYEQYF,TRBV5-6*01,SLYNTVYTL,HLA-A*02:01,0.9976474046707153,0.042,0.45020312
CAVRGAHDYALN,TRAV12-2*02,CASSDTVSYEQYF,TRBV5-6*01,SLYNTVITL,HLA-A*02:01,0.9976585507392883,0.042,0.45105618
CAVRGAHDYALN,TRAV12-2*02,CASSDTVSYEQYF,TRBV5-6*01,KLYNTVATL,HLA-A*02:01,0.9286066889762878,0.265,0.57362163
CAVRGAHDYALN,TRAV12-2*02,CASSDTVSYEQYF,TRBV5-6*01,SLYNTIATL,HLA-A*02:01,0.9796842336654663,0.186,0.53332245
CAVRGAHDYALN,TRAV12-2*02,CASSDTVSYEQYF,TRBV5-6*01,SLYNTVAQL,HLA-A*02:01,0.9975361824035645,0.043,0.580402
CAVRGAHDYALN,TRAV12-2*02,CASSDTVSYEQYF,TRBV5-6*01,SEYNTVATL,HLA-A*02:01,0.4292176365852356,1.101,0.5530092
CAVRGAHDYALN,TRAV12-2*02,CASSDTVSYEQYF,TRBV5-6*01,SNYNTVATL,HLA-A*02:01,1.2976148354937322e-05,20.28,0.5309921
CAVRGAHDYALN,TRAV12-2*02,CASSDTVSYEQYF,TRBV5-6*01,SLYNTKATL,HLA-A*02:01,0.5843183994293213,0.755,0.5432058
CAVRGAHDYALN,TRAV12-2*02,CASSDTVSYEQYF,TRBV5-6*01,SLYNTVATW,HLA-A*02:01,0.00020809673878829926,13.394,0.52095485
CAVRGAHDYALN,TRAV12-2*02,CASSDTVSYEQYF,TRBV5-6*01,SLYNIVATL,HLA-A*02:01,0.9960132837295532,0.074,0.5108162
CAVRGAHDYALN,TRAV12-2*02,CASSDTVSYEQYF,TRBV5-6*01,SLYNTVPTL,HLA-A*02:01,0.9989538192749023,0.012,0.55995935
CAVRGAHDYALN,TRAV12-2*02,CASSDTVSYEQYF,TRBV5-6*01,SQYNTVATL,HLA-A*02:01,0.27047818899154663,1.8,0.5316856
CAVRGAHDYALN,TRAV12-2*02,CASSDTVSYEQYF,TRBV5-6*01,SLGNTVATL,HLA-A*02:01,0.42561644315719604,1.111,0.6938855
CAVRGAHDYALN,TRAV12-2*02,CASSDTVSYEQYF,TRBV5-6*01,MLYNTVATL,HLA-A*02:01,0.850523829460144,0.321,0.5137258
CAVRGAHDYALN,TRAV12-2*02,CASSDTVSYEQYF,TRBV5-6*01,SKYNTVATL,HLA-A*02:01,2.5399938294867752e-06,25.348,0.55117685
CAVRGAHDYALN,TRAV12-2*02,CASSDTVSYEQYF,TRBV5-6*01,SLYNTVAVL,HLA-A*02:01,0.802989661693573,0.365,0.5349743
CAVRGAHDYALN,TRAV12-2*02,CASSDTVSYEQYF,TRBV5-6*01,FLYNTVATL,HLA-A*02:01,0.9944162368774414,0.093,0.520875
CAVRGAHDYALN,TRAV12-2*02,CASSDTVSYEQYF,TRBV5-6*01,SDYNTVATL,HLA-A*02:01,1.1943042409257032e-05,20.507,0.536713
CAVRGAHDYALN,TRAV12-2*02,CASSDTVSYEQYF,TRBV5-6*01,SLYYTVATL,HLA-A*02:01,0.5728581547737122,0.788,0.5269626
CAVRGAHDYALN,TRAV12-2*02,CASSDTVSYEQYF,TRBV5-6*01,SLYNTMATL,HLA-A*02:01,0.6085185408592224,0.673,0.55675596
CAVRGAHDYALN,TRAV12-2*02,CASSDTVSYEQYF,TRBV5-6*01,SLYNTNATL,HLA-A*02:01,0.9215429425239563,0.27,0.54094857
CAVRGAHDYALN,TRAV12-2*02,CASSDTVSYEQYF,TRBV5-6*01,SLYQTVATL,HLA-A*02:01,0.9942008852958679,0.096,0.5875995
CAVRGAHDYALN,TRAV12-2*02,CASSDTVSYEQYF,TRBV5-6*01,SLHNTVATL,HLA-A*02:01,0.9171147346496582,0.275,0.6222462
CAVRGAHDYALN,TRAV12-2*02,CASSDTVSYEQYF,TRBV5-6*01,SLYNTVATG,HLA-A*02:01,0.025142595171928406,6.154,0.6230671
CAVRGAHDYALN,TRAV12-2*02,CASSDTVSYEQYF,TRBV5-6*01,SLYNTVATP,HLA-A*02:01,3.247779386583716e-05,17.725,0.57433265
CAVRGAHDYALN,TRAV12-2*02,CASSDTVSYEQYF,TRBV5-6*01,SLNNTVATL,HLA-A*02:01,0.9427736401557922,0.247,0.62073004
CAVRGAHDYALN,TRAV12-2*02,CASSDTVSYEQYF,TRBV5-6*01,SLYFTVATL,HLA-A*02:01,0.14851096272468567,3.771,0.5235517
CAVRGAHDYALN,TRAV12-2*02,CASSDTVSYEQYF,TRBV5-6*01,SLYNTVGTL,HLA-A*02:01,0.2817155122756958,1.749,0.5746193
CAVRGAHDYALN,TRAV12-2*02,CASSDTVSYEQYF,TRBV5-6*01,SLYNTVATR,HLA-A*02:01,0.24046659469604492,1.939,0.5544661
CAVRGAHDYALN,TRAV12-2*02,CASSDTVSYEQYF,TRBV5-6*01,SLYNTVATF,HLA-A*02:01,0.19948984682559967,2.481,0.49341813
CAVRGAHDYALN,TRAV12-2*02,CASSDTVSYEQYF,TRBV5-6*01,SLYNMVATL,HLA-A*02:01,0.9937933087348938,0.106,0.5464264
CAVRGAHDYALN,TRAV12-2*02,CASSDTVSYEQYF,TRBV5-6*01,TLYNTVATL,HLA-A*02:01,0.939346969127655,0.252,0.56019413
CAVRGAHDYALN,TRAV12-2*02,CASSDTVSYEQYF,TRBV5-6*01,HLYNTVATL,HLA-A*02:01,0.9865482449531555,0.157,0.5345831
CAVRGAHDYALN,TRAV12-2*02,CASSDTVSYEQYF,TRBV5-6*01,SLMNTVATL,HLA-A*02:01,0.9986273050308228,0.02,0.63880545
CAVRGAHDYALN,TRAV12-2*02,CASSDTVSYEQYF,TRBV5-6*01,SLYNTVADL,HLA-A*02:01,0.9520915150642395,0.234,0.5569075
CAVRGAHDYALN,TRAV12-2*02,CASSDTVSYEQYF,TRBV5-6*01,SLYNTVATI,HLA-A*02:01,0.9575797319412231,0.229,0.5294074
CAVRGAHDYALN,TRAV12-2*02,CASSDTVSYEQYF,TRBV5-6*01,SLYTTVATL,HLA-A*02:01,0.7878409624099731,0.412,0.58946276
CAVRGAHDYALN,TRAV12-2*02,CASSDTVSYEQYF,TRBV5-6*01,SLYNTVATV,HLA-A*02:01,0.9992162585258484,0.008,0.5525958
CAVRGAHDYALN,TRAV12-2*02,CASSDTVSYEQYF,TRBV5-6*01,SMYNTVATL,HLA-A*02:01,0.6283830404281616,0.626,0.52242124
CAVRGAHDYALN,TRAV12-2*02,CASSDTVSYEQYF,TRBV5-6*01,SLYNTFATL,HLA-A*02:01,0.7872684597969055,0.414,0.4933579
CAVRGAHDYALN,TRAV12-2*02,CASSDTVSYEQYF,TRBV5-6*01,SLYMTVATL,HLA-A*02:01,0.4679698050022125,1.024,0.5933422
CAVRGAHDYALN,TRAV12-2*02,CASSDTVSYEQYF,TRBV5-6*01,SLYLTVATL,HLA-A*02:01,0.11524955928325653,4.216,0.6025845
CAVRGAHDYALN,TRAV12-2*02,CASSDTVSYEQYF,TRBV5-6*01,SLYNTQATL,HLA-A*02:01,0.9608416557312012,0.225,0.54596347
CAVRGAHDYALN,TRAV12-2*02,CASSDTVSYEQYF,TRBV5-6*01,SLYKTVATL,HLA-A*02:01,0.9866856336593628,0.155,0.57201815
CAVRGAHDYALN,TRAV12-2*02,CASSDTVSYEQYF,TRBV5-6*01,SLYNTVATN,HLA-A*02:01,0.19396519660949707,2.817,0.5535115
CAVRGAHDYALN,TRAV12-2*02,CASSDTVSYEQYF,TRBV5-6*01,SLYNPVATL,HLA-A*02:01,0.8803378939628601,0.306,0.5326487
CAVRGAHDYALN,TRAV12-2*02,CASSDTVSYEQYF,TRBV5-6*01,SLYHTVATL,HLA-A*02:01,0.9954071044921875,0.082,0.55022824
CAVRGAHDYALN,TRAV12-2*02,CASSDTVSYEQYF,TRBV5-6*01,SIYNTVATL,HLA-A*02:01,0.7210848927497864,0.52,0.53794414
CAVRGAHDYALN,TRAV12-2*02,CASSDTVSYEQYF,TRBV5-6*01,SLQNTVATL,HLA-A*02:01,0.993755042552948,0.106,0.645592
CAVRGAHDYALN,TRAV12-2*02,CASSDTVSYEQYF,TRBV5-6*01,SLTNTVATL,HLA-A*02:01,0.9915481805801392,0.128,0.63806283
CAVRGAHDYALN,TRAV12-2*02,CASSDTVSYEQYF,TRBV5-6*01,QLYNTVATL,HLA-A*02:01,0.965349555015564,0.222,0.5760562
CAVRGAHDYALN,TRAV12-2*02,CASSDTVSYEQYF,TRBV5-6*01,SLYNTVKTL,HLA-A*02:01,0.6876263618469238,0.557,0.5301499
CAVRGAHDYALN,TRAV12-2*02,CASSDTVSYEQYF,TRBV5-6*01,SLYNTVHTL,HLA-A*02:01,0.9982741475105286,0.027,0.47971383
